case,frame_id,timestamp,is_keyframe_created,num_keyframes,num_mappoints,local_map_matches_before_pose,inlier_map_matches_after_pose,estimated_accum_path_m,estimated_frame_step_m,mask_ratio,ckf_accepted_depth_candidates,ckf_delayed_existing_supported_candidates,ckf_delayed_rejected_new_candidates,ckf_delayed_support_sum,ckf_direct_vetoed_candidates,ckf_support_promoted_new_candidates,lm_delayed_rejected_boundary_pairs,lm_delayed_support_sum,lm_kept_pairs_after_boundary,lm_kept_pairs_after_delayed_boundary,lm_kept_static_pairs_after_instance,lm_skipped_boundary_pairs,lm_skipped_instance_pairs,lm_support_promoted_boundary_pairs
sidecar_wrpy_d2ma_support_b_r5_s18_m2_o2_diag,3,1341846647.866652,1,1,768,318,226,0.019230,0.008109,0.360042,266,9,11,4,468,0,,,,,,,,
sidecar_wrpy_d2ma_support_b_r5_s18_m2_o2_diag,4,1341846647.901972,1,2,811,344,244,0.022520,0.003290,0.378242,235,16,3,6,501,1,,,,,,,,
sidecar_wrpy_d2ma_support_b_r5_s18_m2_o2_diag,5,1341846647.934224,1,3,828,296,223,0.026107,0.003587,0.000000,647,0,0,0,0,0,,,,,,,,
sidecar_wrpy_d2ma_support_b_r5_s18_m2_o2_diag,8,1341846648.034343,1,4,1030,347,221,0.047647,0.002521,0.000000,667,0,0,0,0,0,,,,,,,,
sidecar_wrpy_d2ma_support_b_r5_s18_m2_o2_diag,12,1341846648.170568,1,5,1314,368,219,0.064184,0.005041,0.041351,665,15,25,29,52,7,,,,,,,,
sidecar_wrpy_d2ma_support_b_r5_s18_m2_o2_diag,14,1341846648.238157,1,6,1342,390,240,0.071193,0.005984,0.037259,734,5,23,31,52,6,,,,,,,,
sidecar_wrpy_d2ma_support_b_r5_s18_m2_o2_diag,16,1341846648.302183,1,7,1466,426,229,0.087177,0.004846,0.056423,717,22,21,70,76,16,,,,,,,,
sidecar_wrpy_d2ma_support_b_r5_s18_m2_o2_diag,18,1341846648.370216,1,8,1399,352,173,0.103679,0.009559,0.163434,625,32,23,47,212,14,,,,,,,,
sidecar_wrpy_d2ma_support_b_r5_s18_m2_o2_diag,20,1341846648.438342,1,9,1482,448,226,0.115944,0.007020,0.137721,686,34,29,37,141,9,,,,,,,,
sidecar_wrpy_d2ma_support_b_r5_s18_m2_o2_diag,21,1341846648.470076,1,10,1511,502,312,0.118940,0.002996,0.155130,638,23,10,20,178,5,,,,,,,,
sidecar_wrpy_d2ma_support_b_r5_s18_m2_o2_diag,22,1341846648.506263,1,11,1551,471,294,0.123202,0.004262,0.175218,618,41,15,48,212,11,,,,,,,,
sidecar_wrpy_d2ma_support_b_r5_s18_m2_o2_diag,24,1341846648.570179,1,12,1485,375,201,0.143882,0.009193,0.151468,659,24,37,39,185,8,,,,,,,,
sidecar_wrpy_d2ma_support_b_r5_s18_m2_o2_diag,25,1341846648.606081,1,13,1624,419,239,0.152569,0.008687,0.170153,636,34,18,46,205,10,,,,,,,,
sidecar_wrpy_d2ma_support_b_r5_s18_m2_o2_diag,26,1341846648.638395,1,14,1734,499,285,0.163208,0.010639,0.138083,689,30,20,37,176,13,,,,,,,,
sidecar_wrpy_d2ma_support_b_r5_s18_m2_o2_diag,27,1341846648.674053,1,15,1753,514,299,0.166754,0.003546,0.151689,688,38,15,36,194,10,,,,,,,,
sidecar_wrpy_d2ma_support_b_r5_s18_m2_o2_diag,30,1341846648.774049,1,16,1599,464,258,0.198888,0.007404,0.154779,654,15,22,22,210,6,,,,,,,,
sidecar_wrpy_d2ma_support_b_r5_s18_m2_o2_diag,31,1341846648.805941,1,17,1664,493,311,0.206951,0.008062,0.177773,640,35,16,23,242,8,,,,,,,,
sidecar_wrpy_d2ma_support_b_r5_s18_m2_o2_diag,32,1341846648.838602,1,18,1735,491,316,0.214419,0.007469,0.133958,660,22,31,37,179,7,,,,,,,,
sidecar_wrpy_d2ma_support_b_r5_s18_m2_o2_diag,33,1341846648.874088,1,19,1766,496,324,0.225926,0.011507,0.151787,677,30,22,22,199,7,,,,,,,,
sidecar_wrpy_d2ma_support_b_r5_s18_m2_o2_diag,34,1341846648.906165,1,20,1647,449,266,0.242977,0.017051,0.175212,670,51,31,53,215,12,,,,,,,,
sidecar_wrpy_d2ma_support_b_r5_s18_m2_o2_diag,35,1341846648.942154,1,21,1764,364,169,0.261186,0.018209,0.189352,531,4,12,4,394,0,,,,,,,,
sidecar_wrpy_d2ma_support_b_r5_s18_m2_o2_diag,36,1341846648.974090,1,22,1854,404,218,0.271330,0.010144,0.194808,525,10,6,3,409,1,0,0,,18,18,,8,0
sidecar_wrpy_d2ma_support_b_r5_s18_m2_o2_diag,37,1341846649.006157,1,23,1837,472,260,0.294315,0.022985,0.200960,547,11,8,0,372,0,2,0,39,46,46,2,20,0
sidecar_wrpy_d2ma_support_b_r5_s18_m2_o2_diag,38,1341846649.042101,1,24,1581,419,188,0.318817,0.024502,0.299453,383,31,15,19,518,4,6,0,19,36,36,6,38,0
sidecar_wrpy_d2ma_support_b_r5_s18_m2_o2_diag,39,1341846649.074128,1,25,1584,417,187,0.329250,0.010433,0.319870,405,39,19,20,529,3,4,4,48,63,63,4,32,1
sidecar_wrpy_d2ma_support_b_r5_s18_m2_o2_diag,40,1341846649.106188,1,26,1608,400,195,0.344494,0.015244,0.345771,389,20,8,8,546,4,1,1,7,36,36,1,40,0
sidecar_wrpy_d2ma_support_b_r5_s18_m2_o2_diag,41,1341846649.142042,1,27,1622,404,212,0.360657,0.016163,0.307432,352,15,7,0,537,0,1,0,18,48,48,1,53,0
sidecar_wrpy_d2ma_support_b_r5_s18_m2_o2_diag,48,1341846649.383973,1,28,1508,361,177,0.447819,0.005665,0.345423,406,15,12,0,544,0,9,8,49,49,49,9,44,0
sidecar_wrpy_d2ma_support_b_r5_s18_m2_o2_diag,49,1341846649.416053,1,29,1530,375,184,0.473865,0.026046,0.366794,414,13,7,7,547,3,0,3,,29,29,,38,1
sidecar_wrpy_d2ma_support_b_r5_s18_m2_o2_diag,50,1341846649.448084,1,30,1607,378,200,0.484966,0.011101,0.324704,417,11,6,10,511,2,2,4,13,17,17,2,48,1
sidecar_wrpy_d2ma_support_b_r5_s18_m2_o2_diag,51,1341846649.484154,1,31,1638,419,239,0.502825,0.017858,0.348145,429,11,13,7,522,0,1,0,16,24,24,1,42,0
sidecar_wrpy_d2ma_support_b_r5_s18_m2_o2_diag,57,1341846649.710937,1,31,1546,356,185,0.572850,0.008029,0.335755,476,16,14,9,488,4,1,22,9,39,39,1,35,3
sidecar_wrpy_d2ma_support_b_r5_s18_m2_o2_diag,58,1341846649.746112,1,32,1562,396,229,0.587532,0.014682,0.348984,461,11,5,4,514,0,0,0,,25,25,,16,0
sidecar_wrpy_d2ma_support_b_r5_s18_m2_o2_diag,59,1341846649.778019,1,33,1686,390,229,0.597008,0.009476,0.213070,605,20,45,54,332,14,3,1,14,20,20,3,28,0
sidecar_wrpy_d2ma_support_b_r5_s18_m2_o2_diag,60,1341846649.810257,1,34,1792,411,204,0.611024,0.014017,0.192793,646,25,18,36,312,12,0,2,,10,10,,36,1
sidecar_wrpy_d2ma_support_b_r5_s18_m2_o2_diag,62,1341846649.878137,1,35,1749,417,204,0.641432,0.015605,0.209339,651,38,29,46,286,14,4,9,27,42,42,4,29,1
sidecar_wrpy_d2ma_support_b_r5_s18_m2_o2_diag,63,1341846649.914184,1,36,1782,455,232,0.666548,0.025115,0.208070,608,30,13,16,345,4,1,7,10,32,32,1,36,1
sidecar_wrpy_d2ma_support_b_r5_s18_m2_o2_diag,64,1341846649.952612,1,37,1787,477,248,0.681303,0.014755,0.219814,638,39,11,14,327,3,0,0,,19,19,,34,0
sidecar_wrpy_d2ma_support_b_r5_s18_m2_o2_diag,65,1341846649.978335,1,38,1757,488,259,0.698758,0.017456,0.260335,600,18,11,22,352,7,2,1,17,23,23,2,29,0
sidecar_wrpy_d2ma_support_b_r5_s18_m2_o2_diag,67,1341846650.046184,1,36,1604,410,225,0.727429,0.015549,0.295524,560,8,8,2,409,0,1,4,19,24,24,1,26,0
sidecar_wrpy_d2ma_support_b_r5_s18_m2_o2_diag,68,1341846650.078250,1,37,1649,454,251,0.745693,0.018264,0.262360,575,6,8,38,346,9,5,17,18,48,48,5,64,1
sidecar_wrpy_d2ma_support_b_r5_s18_m2_o2_diag,69,1341846650.114215,1,38,1697,475,284,0.752326,0.006633,0.284072,525,14,2,1,439,0,1,0,3,21,21,1,50,0
sidecar_wrpy_d2ma_support_b_r5_s18_m2_o2_diag,70,1341846650.146137,1,39,1707,471,280,0.762948,0.010622,0.304954,489,12,2,4,466,1,3,0,23,26,26,3,41,0
sidecar_wrpy_d2ma_support_b_r5_s18_m2_o2_diag,74,1341846650.282167,1,39,1642,405,213,0.835245,0.024249,0.264961,605,24,13,41,328,8,6,14,100,104,104,6,89,2
sidecar_wrpy_d2ma_support_b_r5_s18_m2_o2_diag,75,1341846650.314158,1,40,1744,477,270,0.855015,0.019770,0.284919,533,12,10,12,433,4,2,0,11,52,52,2,95,0
sidecar_wrpy_d2ma_support_b_r5_s18_m2_o2_diag,76,1341846650.350453,1,41,1817,520,320,0.863381,0.008365,0.307959,476,12,3,2,470,1,1,3,8,21,21,1,59,0
sidecar_wrpy_d2ma_support_b_r5_s18_m2_o2_diag,77,1341846650.382075,1,42,1828,503,308,0.880021,0.016641,0.301292,478,14,6,18,441,3,4,1,8,22,22,4,49,0
sidecar_wrpy_d2ma_support_b_r5_s18_m2_o2_diag,80,1341846650.484849,1,40,1691,436,244,0.920734,0.002782,0.287562,454,17,13,17,463,5,2,9,19,36,36,2,40,2
sidecar_wrpy_d2ma_support_b_r5_s18_m2_o2_diag,81,1341846650.514091,1,41,1733,398,200,0.933930,0.013196,0.322861,432,22,4,18,513,3,1,0,14,34,34,1,49,0
sidecar_wrpy_d2ma_support_b_r5_s18_m2_o2_diag,82,1341846650.550746,1,42,1760,435,218,0.939843,0.005913,0.351794,418,27,8,0,547,0,1,0,5,36,36,1,44,0
sidecar_wrpy_d2ma_support_b_r5_s18_m2_o2_diag,83,1341846650.582069,1,43,2034,446,248,0.956642,0.016799,0.100247,775,20,4,4,137,1,2,1,6,20,20,2,29,0
sidecar_wrpy_d2ma_support_b_r5_s18_m2_o2_diag,88,1341846650.750112,1,42,2091,430,236,1.008242,0.010187,0.128796,688,6,2,0,175,0,,,,,,,,
sidecar_wrpy_d2ma_support_b_r5_s18_m2_o2_diag,90,1341846650.818115,1,43,2194,506,296,1.035228,0.015920,0.114154,708,10,3,0,178,0,0,0,,69,69,,46,0
sidecar_wrpy_d2ma_support_b_r5_s18_m2_o2_diag,91,1341846650.850139,1,44,2311,587,362,1.052324,0.017097,0.126553,698,3,2,0,179,0,1,0,6,56,56,1,43,0
sidecar_wrpy_d2ma_support_b_r5_s18_m2_o2_diag,92,1341846650.886238,1,45,2399,523,254,1.062632,0.010307,0.097129,719,9,8,4,131,1,1,0,3,39,39,1,57,0
sidecar_wrpy_d2ma_support_b_r5_s18_m2_o2_diag,95,1341846650.986247,1,43,2352,506,265,1.109648,0.011622,0.141185,718,35,18,43,156,9,1,3,4,61,61,1,42,0
sidecar_wrpy_d2ma_support_b_r5_s18_m2_o2_diag,96,1341846651.018106,1,44,2459,553,304,1.122477,0.012829,0.150433,694,28,10,10,195,3,0,0,,59,59,,44,0
sidecar_wrpy_d2ma_support_b_r5_s18_m2_o2_diag,97,1341846651.050482,1,45,2531,580,345,1.143856,0.021379,0.162207,696,23,11,16,217,3,0,0,,57,57,,32,0
sidecar_wrpy_d2ma_support_b_r5_s18_m2_o2_diag,98,1341846651.086169,1,46,2557,600,332,1.157923,0.014066,0.132959,690,31,14,33,163,7,7,7,45,73,71,7,49,0
sidecar_wrpy_d2ma_support_b_r5_s18_m2_o2_diag,99,1341846651.118423,1,45,2387,565,276,1.179845,0.021922,0.149980,660,16,11,26,195,5,1,1,3,45,45,1,34,0
sidecar_wrpy_d2ma_support_b_r5_s18_m2_o2_diag,100,1341846651.154189,1,46,2443,603,355,1.196109,0.016264,0.169616,718,29,19,37,209,7,6,2,26,43,43,6,64,0
sidecar_wrpy_d2ma_support_b_r5_s18_m2_o2_diag,101,1341846651.186391,1,47,2549,605,353,1.209207,0.013099,0.113454,695,6,5,5,132,1,2,2,12,42,42,2,36,1
sidecar_wrpy_d2ma_support_b_r5_s18_m2_o2_diag,102,1341846651.218036,1,48,2579,646,380,1.220042,0.010835,0.130244,702,3,2,21,153,4,0,0,,56,56,,30,0
sidecar_wrpy_d2ma_support_b_r5_s18_m2_o2_diag,106,1341846651.354135,1,47,2404,561,284,1.262808,0.011244,0.181484,677,39,14,36,215,8,6,4,60,79,79,6,37,0
sidecar_wrpy_d2ma_support_b_r5_s18_m2_o2_diag,107,1341846651.386180,1,48,2461,584,319,1.280066,0.017259,0.158701,709,32,17,52,173,10,4,22,39,90,90,4,20,2
sidecar_wrpy_d2ma_support_b_r5_s18_m2_o2_diag,108,1341846651.422237,1,49,2553,608,332,1.299317,0.019250,0.168457,644,15,11,9,215,2,2,0,2,17,17,2,25,0
sidecar_wrpy_d2ma_support_b_r5_s18_m2_o2_diag,109,1341846651.492135,1,50,2607,566,292,1.322581,0.023265,0.192129,665,26,11,20,231,5,3,6,5,26,15,3,25,0
sidecar_wrpy_d2ma_support_b_r5_s18_m2_o2_diag,111,1341846651.560316,1,50,2499,542,207,1.361535,0.018597,0.177406,706,30,15,65,203,15,0,0,,18,16,,15,0
sidecar_wrpy_d2ma_support_b_r5_s18_m2_o2_diag,112,1341846651.590585,1,51,2607,570,249,1.378348,0.016813,0.194954,721,40,19,20,223,4,2,3,9,25,15,2,21,0
sidecar_wrpy_d2ma_support_b_r5_s18_m2_o2_diag,113,1341846651.622176,1,52,2690,603,267,1.398940,0.020592,0.161553,756,23,25,23,152,5,4,1,3,14,13,4,24,0
sidecar_wrpy_d2ma_support_b_r5_s18_m2_o2_diag,114,1341846651.654223,1,53,2719,615,274,1.420671,0.021731,0.171930,703,31,18,23,198,4,0,0,,10,7,,22,0
sidecar_wrpy_d2ma_support_b_r5_s18_m2_o2_diag,116,1341846651.722318,1,54,2624,520,204,1.479550,0.027515,0.149121,692,20,22,45,166,11,0,0,,15,15,,39,0
sidecar_wrpy_d2ma_support_b_r5_s18_m2_o2_diag,117,1341846651.754212,1,55,2706,553,254,1.509805,0.030254,0.170576,670,25,23,46,184,10,6,0,4,7,7,6,49,0
sidecar_wrpy_d2ma_support_b_r5_s18_m2_o2_diag,118,1341846651.790200,1,56,2772,571,238,1.539212,0.029407,0.193011,622,39,17,48,217,9,4,3,4,5,4,4,36,0
sidecar_wrpy_d2ma_support_b_r5_s18_m2_o2_diag,119,1341846651.822233,1,57,2849,560,234,1.563558,0.024346,0.218118,466,6,2,0,352,0,2,4,19,27,4,2,10,0
sidecar_wrpy_d2ma_support_b_r5_s18_m2_o2_diag,120,1341846651.858213,1,57,2787,538,204,1.587391,0.023834,0.227288,484,2,3,0,389,0,0,0,,11,9,,12,0
sidecar_wrpy_d2ma_support_b_r5_s18_m2_o2_diag,121,1341846651.890237,1,58,2862,541,186,1.621415,0.034024,0.232835,459,7,3,0,388,0,0,0,,32,32,,18,0
sidecar_wrpy_d2ma_support_b_r5_s18_m2_o2_diag,122,1341846651.922186,1,59,2853,550,198,1.648934,0.027519,0.331090,373,21,18,12,408,2,0,0,,36,36,,16,0
sidecar_wrpy_d2ma_support_b_r5_s18_m2_o2_diag,123,1341846651.958047,1,60,2821,533,190,1.675881,0.026947,0.349980,307,10,4,9,433,2,1,0,3,21,21,1,33,0
sidecar_wrpy_d2ma_support_b_r5_s18_m2_o2_diag,124,1341846651.990020,1,59,2635,485,198,1.710066,0.034185,0.361234,328,18,5,15,475,3,1,0,23,47,46,1,41,0
sidecar_wrpy_d2ma_support_b_r5_s18_m2_o2_diag,125,1341846652.022081,1,60,2728,495,185,1.744839,0.034773,0.293057,415,35,37,39,310,12,2,2,9,19,17,2,18,0
sidecar_wrpy_d2ma_support_b_r5_s18_m2_o2_diag,126,1341846652.058058,1,61,2763,496,192,1.788236,0.043398,0.303727,368,38,21,8,318,3,2,2,8,22,21,2,15,0
sidecar_wrpy_d2ma_support_b_r5_s18_m2_o2_diag,127,1341846652.090106,1,62,2786,498,170,1.820725,0.032489,0.324997,307,33,14,9,392,2,2,0,12,36,34,2,23,0
sidecar_wrpy_d2ma_support_b_r5_s18_m2_o2_diag,129,1341846652.158232,1,63,2691,452,140,1.894242,0.038734,0.279867,338,17,18,21,313,6,0,0,,45,42,,27,0
sidecar_wrpy_d2ma_support_b_r5_s18_m2_o2_diag,130,1341846652.190049,1,64,2753,483,157,1.932166,0.037925,0.289508,330,25,27,7,339,1,3,1,9,28,28,3,40,0
sidecar_wrpy_d2ma_support_b_r5_s18_m2_o2_diag,131,1341846652.225981,1,65,2827,452,98,1.974938,0.042772,0.247601,347,25,33,31,340,8,0,0,,19,10,,28,0
sidecar_wrpy_d2ma_support_b_r5_s18_m2_o2_diag,132,1341846652.258089,1,66,2852,471,135,2.017290,0.042351,0.254098,400,18,21,13,253,4,3,6,20,50,35,3,13,1
sidecar_wrpy_d2ma_support_b_r5_s18_m2_o2_diag,133,1341846652.290189,1,67,2802,395,125,2.066737,0.049447,0.265498,412,10,17,26,226,5,1,0,21,115,107,1,11,0
sidecar_wrpy_d2ma_support_b_r5_s18_m2_o2_diag,134,1341846652.326148,1,68,2914,424,146,2.078281,0.011544,0.224421,447,13,25,30,195,6,1,0,6,44,28,1,9,0
sidecar_wrpy_d2ma_support_b_r5_s18_m2_o2_diag,135,1341846652.358184,1,69,3001,462,206,2.101974,0.023692,0.222005,449,13,12,25,154,6,1,0,13,57,13,1,2,0
sidecar_wrpy_d2ma_support_b_r5_s18_m2_o2_diag,136,1341846652.394279,1,70,3009,484,230,2.118150,0.016176,0.218519,380,15,10,20,160,6,2,0,48,70,11,2,2,0
sidecar_wrpy_d2ma_support_b_r5_s18_m2_o2_diag,139,1341846652.494100,1,71,2953,416,204,2.214710,0.035957,0.179945,411,13,16,3,141,0,4,1,26,148,112,4,18,0
sidecar_wrpy_d2ma_support_b_r5_s18_m2_o2_diag,140,1341846652.526469,1,72,3012,482,251,2.233523,0.018813,0.181074,375,12,14,13,144,5,4,0,6,110,83,4,10,0
sidecar_wrpy_d2ma_support_b_r5_s18_m2_o2_diag,141,1341846652.562089,1,73,3050,479,209,2.261373,0.027850,0.198812,339,21,19,3,193,1,3,3,5,56,7,3,1,0
sidecar_wrpy_d2ma_support_b_r5_s18_m2_o2_diag,142,1341846652.594254,1,74,3061,432,140,2.266025,0.004653,0.223786,350,15,8,5,238,1,0,0,,29,8,,1,0
sidecar_wrpy_d2ma_support_b_r5_s18_m2_o2_diag,143,1341846652.626356,1,75,2935,396,150,2.311743,0.045717,0.213389,347,11,14,8,201,0,0,0,,50,,,,0
sidecar_wrpy_d2ma_support_b_r5_s18_m2_o2_diag,144,1341846652.662152,1,76,3019,293,64,2.381047,0.069304,0.229775,327,15,10,4,215,0,0,0,,6,6,,1,0
sidecar_wrpy_d2ma_support_b_r5_s18_m2_o2_diag,145,1341846652.694113,1,77,3064,282,70,2.413019,0.031972,0.240192,319,7,19,0,248,0,0,0,,8,,,,0
sidecar_wrpy_d2ma_support_b_r5_s18_m2_o2_diag,146,1341846652.726378,1,78,3108,283,66,2.466287,0.053267,0.174912,393,5,37,30,205,5,1,0,3,14,3,1,1,0
sidecar_wrpy_d2ma_support_b_r5_s18_m2_o2_diag,147,1341846652.762129,1,79,3080,282,83,2.482232,0.015945,0.176947,388,12,23,26,186,8,0,0,,1,0,,1,0
sidecar_wrpy_d2ma_support_b_r5_s18_m2_o2_diag,148,1341846652.794152,1,80,3148,259,58,2.498698,0.016466,0.189681,352,7,26,22,190,5,,,,,,,,
sidecar_wrpy_d2ma_support_b_r5_s18_m2_o2_diag,149,1341846652.830250,1,81,3173,284,63,2.534927,0.036229,0.105007,360,2,27,26,178,6,3,0,55,62,57,3,7,0
sidecar_wrpy_d2ma_support_b_r5_s18_m2_o2_diag,150,1341846652.862014,1,82,3157,305,84,2.586694,0.051768,0.099782,342,3,38,19,165,5,2,1,15,22,5,2,1,0
sidecar_wrpy_d2ma_support_b_r5_s18_m2_o2_diag,151,1341846652.894426,1,83,3076,260,78,2.599230,0.012536,0.103626,290,0,18,13,172,6,0,0,,4,,,,0
sidecar_wrpy_d2ma_support_b_r5_s18_m2_o2_diag,152,1341846652.930346,1,84,3091,268,77,2.627977,0.028746,0.096950,313,8,13,17,175,5,1,1,18,56,45,1,6,0
sidecar_wrpy_d2ma_support_b_r5_s18_m2_o2_diag,153,1341846652.962213,1,85,3128,260,69,2.679586,0.051609,0.098997,276,4,8,11,195,4,2,0,66,99,88,2,14,0
sidecar_wrpy_d2ma_support_b_r5_s18_m2_o2_diag,154,1341846652.994687,1,86,3181,318,94,2.729331,0.049746,0.112819,312,6,8,4,189,1,6,18,89,132,125,6,18,3
sidecar_wrpy_d2ma_support_b_r5_s18_m2_o2_diag,155,1341846653.030292,1,87,3146,315,112,2.740860,0.011529,0.086299,275,10,21,12,171,1,5,5,190,217,216,5,27,1
sidecar_wrpy_d2ma_support_b_r5_s18_m2_o2_diag,156,1341846653.062672,1,88,3236,356,148,2.745724,0.004864,0.083118,297,12,18,2,171,0,1,1,13,94,86,1,20,0
sidecar_wrpy_d2ma_support_b_r5_s18_m2_o2_diag,157,1341846653.099024,1,89,3251,341,144,2.766322,0.020598,0.084788,230,4,6,2,147,0,2,2,31,70,65,2,4,0
sidecar_wrpy_d2ma_support_b_r5_s18_m2_o2_diag,158,1341846653.130475,1,90,3301,323,135,2.776407,0.010085,0.067051,258,4,11,3,137,0,3,3,31,60,29,3,8,0
sidecar_wrpy_d2ma_support_b_r5_s18_m2_o2_diag,159,1341846653.162620,1,91,3267,306,136,2.806783,0.030376,0.044525,325,4,8,21,83,6,0,4,,46,3,,2,1
sidecar_wrpy_d2ma_support_b_r5_s18_m2_o2_diag,160,1341846653.198437,1,92,3353,305,145,2.844835,0.038052,0.048480,322,4,14,22,87,6,1,0,6,59,13,1,3,0
sidecar_wrpy_d2ma_support_b_r5_s18_m2_o2_diag,161,1341846653.230042,1,93,3368,336,156,2.869057,0.024222,0.102884,198,4,8,5,164,1,1,1,41,116,116,1,11,0
sidecar_wrpy_d2ma_support_b_r5_s18_m2_o2_diag,162,1341846653.262357,1,94,3392,304,126,2.870012,0.000956,0.103190,247,15,23,33,177,6,1,5,16,92,22,1,2,1
sidecar_wrpy_d2ma_support_b_r5_s18_m2_o2_diag,163,1341846653.298380,1,95,3264,253,109,2.892810,0.022797,0.111296,196,5,12,20,173,8,2,1,28,195,192,2,12,0
sidecar_wrpy_d2ma_support_b_r5_s18_m2_o2_diag,164,1341846653.330162,1,96,3359,280,136,2.901259,0.008450,0.105332,177,3,4,0,153,0,2,0,41,145,145,2,22,0
sidecar_wrpy_d2ma_support_b_r5_s18_m2_o2_diag,165,1341846653.366319,1,97,3427,291,142,2.917601,0.016342,0.110641,150,8,4,2,154,0,1,0,7,71,71,1,17,0
sidecar_wrpy_d2ma_support_b_r5_s18_m2_o2_diag,166,1341846653.398226,1,98,3439,320,140,2.932079,0.014478,0.118617,159,14,2,0,165,0,2,1,45,53,38,2,3,0
sidecar_wrpy_d2ma_support_b_r5_s18_m2_o2_diag,167,1341846653.430060,1,99,3366,199,71,2.944772,0.012694,0.108135,154,9,10,3,147,1,3,2,27,43,33,3,6,0
sidecar_wrpy_d2ma_support_b_r5_s18_m2_o2_diag,168,1341846653.466341,1,100,3388,225,88,2.952323,0.007551,0.113434,139,9,5,0,149,0,4,3,23,26,26,4,8,0
sidecar_wrpy_d2ma_support_b_r5_s18_m2_o2_diag,169,1341846653.498194,1,101,3413,217,90,2.960941,0.008618,0.121182,168,3,3,0,164,0,6,4,16,16,16,6,5,0
sidecar_wrpy_d2ma_support_b_r5_s18_m2_o2_diag,170,1341846653.530205,1,102,3419,210,81,2.981358,0.020417,0.105677,163,3,3,4,122,1,2,2,9,15,15,2,3,0
sidecar_wrpy_d2ma_support_b_r5_s18_m2_o2_diag,171,1341846653.566601,1,103,3377,188,85,3.014170,0.032812,0.112923,166,2,2,0,143,0,2,2,6,9,3,2,1,0
sidecar_wrpy_d2ma_support_b_r5_s18_m2_o2_diag,172,1341846653.598213,1,104,3405,209,93,3.023871,0.009700,0.120107,166,3,0,0,131,0,2,2,0,0,0,2,1,0
sidecar_wrpy_d2ma_support_b_r5_s18_m2_o2_diag,173,1341846653.634793,1,105,3425,222,100,3.038538,0.014667,0.061820,178,5,13,8,91,0,2,2,5,5,,2,,0
sidecar_wrpy_d2ma_support_b_r5_s18_m2_o2_diag,174,1341846653.666143,1,106,3436,224,93,3.044311,0.005773,0.066904,173,5,8,7,94,3,,,,,,,,
sidecar_wrpy_d2ma_support_b_r5_s18_m2_o2_diag,176,1341846653.734313,1,106,3387,206,80,3.082064,0.015669,0.080612,164,3,7,4,97,2,,,,,,,,
sidecar_wrpy_d2ma_support_b_r5_s18_m2_o2_diag,177,1341846653.766275,1,107,3397,210,87,3.083778,0.001714,0.085280,176,1,5,18,100,5,,,,,,,,
sidecar_wrpy_d2ma_support_b_r5_s18_m2_o2_diag,178,1341846653.802358,1,108,3412,189,63,3.101188,0.017410,0.098298,82,4,8,8,108,2,0,0,,19,,,,0
sidecar_wrpy_d2ma_support_b_r5_s18_m2_o2_diag,179,1341846653.834226,1,109,3427,216,82,3.108851,0.007663,0.068910,168,7,13,8,90,2,1,1,3,17,14,1,2,0
sidecar_wrpy_d2ma_support_b_r5_s18_m2_o2_diag,180,1341846653.866214,1,110,3392,211,90,3.125231,0.016379,0.072917,181,4,14,11,77,3,2,2,9,28,,2,,0
sidecar_wrpy_d2ma_support_b_r5_s18_m2_o2_diag,181,1341846653.902170,1,111,3430,231,103,3.131296,0.006066,0.079967,151,12,14,16,71,5,1,1,4,18,3,1,2,0
sidecar_wrpy_d2ma_support_b_r5_s18_m2_o2_diag,182,1341846653.934160,1,112,3457,294,132,3.140875,0.009579,0.067581,166,19,12,15,68,5,1,1,4,23,4,1,1,0
sidecar_wrpy_d2ma_support_b_r5_s18_m2_o2_diag,183,1341846653.966155,1,113,3466,266,132,3.147965,0.007089,0.072865,131,9,14,4,95,1,3,3,12,40,,3,,0
sidecar_wrpy_d2ma_support_b_r5_s18_m2_o2_diag,184,1341846654.002169,1,114,3387,277,126,3.162000,0.014035,0.080492,144,11,9,1,93,0,2,2,18,24,10,2,2,0
sidecar_wrpy_d2ma_support_b_r5_s18_m2_o2_diag,185,1341846654.034140,1,115,3401,289,143,3.181145,0.019145,0.083818,134,12,6,3,129,0,2,2,5,40,18,2,5,0
sidecar_wrpy_d2ma_support_b_r5_s18_m2_o2_diag,186,1341846654.070172,1,116,3434,284,127,3.206531,0.025386,0.089720,92,4,4,0,125,0,1,1,11,55,40,1,16,0
sidecar_wrpy_d2ma_support_b_r5_s18_m2_o2_diag,187,1341846654.102438,1,117,3463,302,105,3.238129,0.031598,0.094850,117,0,3,1,116,0,10,0,213,217,217,10,18,0
sidecar_wrpy_d2ma_support_b_r5_s18_m2_o2_diag,188,1341846654.134349,1,116,3408,324,135,3.262764,0.024635,0.084948,162,12,18,0,106,0,2,7,36,131,64,2,6,2
sidecar_wrpy_d2ma_support_b_r5_s18_m2_o2_diag,189,1341846654.170244,1,117,3452,330,123,3.286517,0.023753,0.086188,134,6,15,0,112,0,4,2,93,185,158,4,11,0
sidecar_wrpy_d2ma_support_b_r5_s18_m2_o2_diag,190,1341846654.202087,1,118,3534,407,170,3.292540,0.006022,0.095573,180,0,0,0,126,0,2,2,29,123,45,2,7,1
sidecar_wrpy_d2ma_support_b_r5_s18_m2_o2_diag,191,1341846654.234434,1,119,3559,408,187,3.306749,0.014209,0.085951,160,9,6,3,105,0,0,0,,102,61,,5,0
sidecar_wrpy_d2ma_support_b_r5_s18_m2_o2_diag,192,1341846654.270041,1,120,3466,380,172,3.313824,0.007075,0.087132,150,6,9,6,112,0,0,0,,167,167,,17,0
sidecar_wrpy_d2ma_support_b_r5_s18_m2_o2_diag,193,1341846654.302117,1,121,3540,411,186,3.321311,0.007487,0.088265,196,4,10,14,108,3,2,9,45,92,65,2,9,1
sidecar_wrpy_d2ma_support_b_r5_s18_m2_o2_diag,194,1341846654.338026,1,122,3592,406,150,3.351423,0.030112,0.098910,202,14,10,13,106,3,1,1,7,33,,1,,0
sidecar_wrpy_d2ma_support_b_r5_s18_m2_o2_diag,195,1341846654.369979,1,123,3555,421,197,3.378544,0.027121,0.101185,151,7,7,1,125,0,0,0,,91,67,,6,0
sidecar_wrpy_d2ma_support_b_r5_s18_m2_o2_diag,196,1341846654.402172,1,121,3447,353,112,3.434243,0.055699,0.097673,198,4,6,1,136,0,0,0,,89,56,,2,0
sidecar_wrpy_d2ma_support_b_r5_s18_m2_o2_diag,197,1341846654.438133,1,122,3524,448,124,3.496046,0.061802,0.113818,196,8,8,22,140,7,1,1,8,16,7,1,1,0
sidecar_wrpy_d2ma_support_b_r5_s18_m2_o2_diag,198,1341846654.470186,1,123,3544,456,179,3.527036,0.030991,0.119430,187,6,2,9,113,3,3,0,26,76,61,3,19,0
sidecar_wrpy_d2ma_support_b_r5_s18_m2_o2_diag,199,1341846654.502267,1,124,3568,388,122,3.589571,0.062535,0.116536,248,0,14,0,111,0,40,3,152,152,146,40,66,0
sidecar_wrpy_d2ma_support_b_r5_s18_m2_o2_diag,200,1341846654.539064,1,125,3565,468,154,3.643596,0.054025,0.121540,312,4,22,3,106,1,15,2,69,69,69,15,23,0
sidecar_wrpy_d2ma_support_b_r5_s18_m2_o2_diag,201,1341846654.570053,1,126,3590,453,140,3.668710,0.025114,0.126715,279,4,9,19,116,6,3,0,50,98,93,3,39,0
sidecar_wrpy_d2ma_support_b_r5_s18_m2_o2_diag,202,1341846654.606030,1,127,3640,448,127,3.676058,0.007348,0.103021,338,1,8,9,63,4,0,0,,95,95,,32,0
sidecar_wrpy_d2ma_support_b_r5_s18_m2_o2_diag,203,1341846654.637980,1,128,3767,495,150,3.714968,0.038911,0.000000,431,0,0,0,0,0,0,0,,75,40,,6,0
sidecar_wrpy_d2ma_support_b_r5_s18_m2_o2_diag,204,1341846654.670155,1,129,3705,527,206,3.733551,0.018583,0.000000,393,0,0,0,0,0,1,0,8,48,8,1,1,0
sidecar_wrpy_d2ma_support_b_r5_s18_m2_o2_diag,205,1341846654.706022,1,130,3739,488,165,3.746700,0.013149,0.000000,325,0,0,0,0,0,0,0,,84,28,,2,0
sidecar_wrpy_d2ma_support_b_r5_s18_m2_o2_diag,206,1341846654.738497,1,131,3770,544,204,3.755955,0.009255,0.000000,389,0,0,0,0,0,0,0,,27,,,,0
sidecar_wrpy_d2ma_support_b_r5_s18_m2_o2_diag,207,1341846654.774056,1,132,3793,509,175,3.824522,0.068566,0.000000,398,0,0,0,0,0,0,0,,100,,,,0
sidecar_wrpy_d2ma_support_b_r5_s18_m2_o2_diag,208,1341846654.806040,1,133,3636,515,188,3.847544,0.023022,0.000000,335,0,0,0,0,0,0,0,,61,,,,0
sidecar_wrpy_d2ma_support_b_r5_s18_m2_o2_diag,209,1341846654.838060,1,134,3701,515,180,3.858207,0.010663,0.000000,383,0,0,0,0,0,0,0,,41,14,,1,0
sidecar_wrpy_d2ma_support_b_r5_s18_m2_o2_diag,210,1341846654.874136,1,135,3764,546,241,3.898705,0.040499,0.000000,378,0,0,0,0,0,0,0,,94,,,,0
sidecar_wrpy_d2ma_support_b_r5_s18_m2_o2_diag,211,1341846654.906209,1,136,3820,553,222,3.908507,0.009801,0.054743,361,3,2,10,31,2,0,0,,42,,,,0
sidecar_wrpy_d2ma_support_b_r5_s18_m2_o2_diag,212,1341846654.938214,1,137,3701,496,183,3.934532,0.026026,0.048607,382,6,8,0,24,0,0,0,,142,,,,0
sidecar_wrpy_d2ma_support_b_r5_s18_m2_o2_diag,213,1341846654.974334,1,138,3775,515,237,3.951111,0.016578,0.059427,450,0,6,1,44,0,0,0,,75,,,,0
sidecar_wrpy_d2ma_support_b_r5_s18_m2_o2_diag,214,1341846655.006124,1,139,3847,504,225,3.986565,0.035454,0.075254,404,1,3,9,47,3,0,0,,55,,,,0
sidecar_wrpy_d2ma_support_b_r5_s18_m2_o2_diag,215,1341846655.042239,1,140,3914,472,161,3.992689,0.006124,0.131214,414,2,5,4,48,2,0,0,,76,32,,1,0
sidecar_wrpy_d2ma_support_b_r5_s18_m2_o2_diag,217,1341846655.106132,1,141,3802,466,177,4.014523,0.008237,0.064027,433,2,6,0,69,0,0,4,,74,,,,2
sidecar_wrpy_d2ma_support_b_r5_s18_m2_o2_diag,218,1341846655.142070,1,142,3910,416,111,4.036017,0.021494,0.167139,486,13,18,36,81,8,0,0,,15,,,,0
sidecar_wrpy_d2ma_support_b_r5_s18_m2_o2_diag,219,1341846655.174000,1,143,4015,460,169,4.049199,0.013182,0.174209,528,13,8,31,100,8,0,0,,52,1,,1,0
sidecar_wrpy_d2ma_support_b_r5_s18_m2_o2_diag,220,1341846655.206124,1,144,4071,467,192,4.059934,0.010736,0.165706,451,20,7,36,102,12,0,0,,38,1,,1,0
sidecar_wrpy_d2ma_support_b_r5_s18_m2_o2_diag,221,1341846655.242079,1,143,3893,430,185,4.080611,0.020677,0.170791,494,21,19,47,110,14,0,0,,61,,,,0
sidecar_wrpy_d2ma_support_b_r5_s18_m2_o2_diag,222,1341846655.274211,1,144,3990,436,143,4.109989,0.029378,0.166875,557,18,22,49,114,14,0,0,,17,,,,0
sidecar_wrpy_d2ma_support_b_r5_s18_m2_o2_diag,223,1341846655.310175,1,145,4032,441,161,4.129370,0.019381,0.166943,464,13,19,64,125,10,0,0,,5,2,,2,0
sidecar_wrpy_d2ma_support_b_r5_s18_m2_o2_diag,224,1341846655.342236,1,146,4036,481,168,4.153794,0.024424,0.154417,537,39,13,30,121,7,0,0,,14,5,,4,0
sidecar_wrpy_d2ma_support_b_r5_s18_m2_o2_diag,226,1341846655.410207,1,147,3898,422,173,4.263925,0.024298,0.158630,410,15,16,37,132,9,3,4,52,114,96,3,11,1
sidecar_wrpy_d2ma_support_b_r5_s18_m2_o2_diag,227,1341846655.442262,1,148,4054,428,194,4.283361,0.019436,0.139554,491,21,24,111,71,22,3,10,25,60,33,3,11,0
sidecar_wrpy_d2ma_support_b_r5_s18_m2_o2_diag,228,1341846655.474205,1,149,4131,514,233,4.318079,0.034717,0.144544,475,28,7,37,103,11,0,0,,79,50,,23,0
sidecar_wrpy_d2ma_support_b_r5_s18_m2_o2_diag,229,1341846655.510277,1,150,4150,533,229,4.345798,0.027719,0.158405,484,30,10,27,122,9,1,0,2,47,13,1,13,0
sidecar_wrpy_d2ma_support_b_r5_s18_m2_o2_diag,231,1341846655.578132,1,150,3950,489,224,4.419654,0.026267,0.185758,421,5,4,0,212,0,0,0,,72,67,,31,0
sidecar_wrpy_d2ma_support_b_r5_s18_m2_o2_diag,232,1341846655.610085,1,151,3979,469,172,4.444917,0.025263,0.203109,422,4,10,5,220,0,4,0,33,73,73,4,43,0
sidecar_wrpy_d2ma_support_b_r5_s18_m2_o2_diag,233,1341846655.642348,1,152,4033,494,224,4.466222,0.021305,0.173320,442,8,14,3,161,0,6,6,36,47,47,6,68,0
sidecar_wrpy_d2ma_support_b_r5_s18_m2_o2_diag,234,1341846655.678110,1,153,4058,473,198,4.489729,0.023507,0.188919,468,15,7,15,185,3,4,0,13,39,39,4,37,0
sidecar_wrpy_d2ma_support_b_r5_s18_m2_o2_diag,236,1341846655.748050,1,153,3984,440,185,4.588786,0.041920,0.138454,602,17,31,23,108,2,2,0,25,77,77,2,61,0
sidecar_wrpy_d2ma_support_b_r5_s18_m2_o2_diag,237,1341846655.778076,1,154,4054,470,208,4.618537,0.029750,0.141520,545,17,14,41,110,5,2,0,34,66,56,2,43,0
sidecar_wrpy_d2ma_support_b_r5_s18_m2_o2_diag,238,1341846655.810222,1,155,4116,465,196,4.649736,0.031199,0.153965,567,28,17,33,126,7,3,4,25,56,56,3,37,1
sidecar_wrpy_d2ma_support_b_r5_s18_m2_o2_diag,239,1341846655.846257,1,156,4159,491,190,4.693704,0.043969,0.146914,581,47,33,27,123,7,4,5,20,43,43,4,45,0
sidecar_wrpy_d2ma_support_b_r5_s18_m2_o2_diag,240,1341846655.910355,1,157,4036,429,148,4.747487,0.053783,0.156003,571,42,23,11,142,3,15,31,57,78,78,15,51,0
sidecar_wrpy_d2ma_support_b_r5_s18_m2_o2_diag,241,1341846655.946240,1,158,4093,452,163,4.780451,0.032964,0.162868,594,36,30,49,144,13,6,2,32,63,63,6,47,0
sidecar_wrpy_d2ma_support_b_r5_s18_m2_o2_diag,242,1341846655.978412,1,159,4141,479,171,4.825618,0.045167,0.167093,507,0,4,0,206,0,4,1,14,63,63,4,36,0
sidecar_wrpy_d2ma_support_b_r5_s18_m2_o2_diag,243,1341846656.014188,1,160,4133,470,155,4.848255,0.022636,0.180550,518,0,0,0,212,0,2,0,11,51,51,2,28,0
sidecar_wrpy_d2ma_support_b_r5_s18_m2_o2_diag,245,1341846656.078165,1,161,4026,443,167,4.888349,0.024193,0.172292,471,1,0,6,226,3,0,0,,70,64,,8,0
sidecar_wrpy_d2ma_support_b_r5_s18_m2_o2_diag,246,1341846656.114220,1,162,4055,439,218,4.914864,0.026515,0.184867,463,0,1,0,242,0,0,0,,25,25,,17,0
sidecar_wrpy_d2ma_support_b_r5_s18_m2_o2_diag,247,1341846656.146158,1,163,4102,412,209,4.938984,0.024120,0.199652,442,0,2,2,288,0,0,0,,14,12,,4,0
sidecar_wrpy_d2ma_support_b_r5_s18_m2_o2_diag,248,1341846656.178154,1,164,4121,404,201,4.946068,0.007084,0.169466,494,0,18,2,221,1,2,0,18,32,,2,,0
sidecar_wrpy_d2ma_support_b_r5_s18_m2_o2_diag,251,1341846656.282181,1,164,3994,381,205,5.005908,0.013454,0.161735,468,0,4,0,196,0,0,0,,32,32,,9,0
sidecar_wrpy_d2ma_support_b_r5_s18_m2_o2_diag,252,1341846656.314258,1,165,4013,393,233,5.023608,0.017700,0.171794,475,0,11,0,200,0,0,0,,31,31,,11,0
sidecar_wrpy_d2ma_support_b_r5_s18_m2_o2_diag,253,1341846656.346094,1,166,4041,389,225,5.044051,0.020443,0.181683,498,0,0,0,225,0,0,0,,18,18,,6,0
sidecar_wrpy_d2ma_support_b_r5_s18_m2_o2_diag,254,1341846656.382222,1,167,4074,374,221,5.065054,0.021003,0.151911,491,0,11,0,188,0,1,0,11,18,18,1,6,0
sidecar_wrpy_d2ma_support_b_r5_s18_m2_o2_diag,255,1341846656.414253,1,168,4019,334,166,5.107460,0.042406,0.157604,536,3,8,5,197,2,,,,,,,,
sidecar_wrpy_d2ma_support_b_r5_s18_m2_o2_diag,256,1341846656.446177,1,169,4045,335,171,5.150023,0.042563,0.165407,540,1,1,0,215,0,,,,,,,,
sidecar_wrpy_d2ma_support_b_r5_s18_m2_o2_diag,257,1341846656.482260,1,170,4086,345,173,5.163821,0.013799,0.142806,557,1,26,10,196,2,,,,,,,,
sidecar_wrpy_d2ma_support_b_r5_s18_m2_o2_diag,258,1341846656.519461,1,171,4092,342,185,5.186155,0.022334,0.152676,587,4,0,0,216,0,,,,,,,,
sidecar_wrpy_d2ma_support_b_r5_s18_m2_o2_diag,260,1341846656.582247,1,172,4008,305,170,5.226548,0.011042,0.139909,535,0,10,0,190,0,,,,,,,,
sidecar_wrpy_d2ma_support_b_r5_s18_m2_o2_diag,261,1341846656.614195,1,173,4009,314,175,5.246093,0.019545,0.150143,540,1,1,0,223,0,,,,,,,,
sidecar_wrpy_d2ma_support_b_r5_s18_m2_o2_diag,262,1341846656.649995,1,174,4016,309,175,5.254636,0.008543,0.159206,526,0,0,0,220,0,,,,,,,,
sidecar_wrpy_d2ma_support_b_r5_s18_m2_o2_diag,263,1341846656.682076,1,175,4024,327,176,5.267538,0.012901,0.132181,595,5,19,0,172,0,,,,,,,,
sidecar_wrpy_d2ma_support_b_r5_s18_m2_o2_diag,265,1341846656.749974,1,175,3992,291,163,5.287741,0.005684,0.154671,633,0,0,0,205,0,,,,,,,,
sidecar_wrpy_d2ma_support_b_r5_s18_m2_o2_diag,266,1341846656.782653,1,176,4009,303,183,5.308278,0.020537,0.130817,613,0,16,0,184,0,,,,,,,,
sidecar_wrpy_d2ma_support_b_r5_s18_m2_o2_diag,267,1341846656.824388,1,177,4031,306,189,5.328590,0.020312,0.141126,640,0,0,0,207,0,,,,,,,,
sidecar_wrpy_d2ma_support_b_r5_s18_m2_o2_diag,268,1341846656.856226,1,178,4031,303,166,5.352242,0.023652,0.153151,569,0,0,0,211,0,,,,,,,,
sidecar_wrpy_d2ma_support_b_r5_s18_m2_o2_diag,269,1341846656.892050,1,177,3962,303,172,5.363514,0.011272,0.129014,602,0,0,0,188,0,,,,,,,,
sidecar_wrpy_d2ma_support_b_r5_s18_m2_o2_diag,270,1341846656.924099,1,178,3979,289,167,5.370921,0.007407,0.140589,611,0,0,0,196,0,,,,,,,,
sidecar_wrpy_d2ma_support_b_r5_s18_m2_o2_diag,271,1341846656.956112,1,179,4028,295,158,5.399714,0.028794,0.150329,668,0,0,0,219,0,,,,,,,,
sidecar_wrpy_d2ma_support_b_r5_s18_m2_o2_diag,272,1341846656.992122,1,180,4061,320,181,5.423269,0.023555,0.127445,638,0,1,0,186,0,,,,,,,,
sidecar_wrpy_d2ma_support_b_r5_s18_m2_o2_diag,273,1341846657.024108,1,180,4003,291,176,5.434248,0.010979,0.140928,611,0,0,0,202,0,,,,,,,,
sidecar_wrpy_d2ma_support_b_r5_s18_m2_o2_diag,274,1341846657.056121,1,181,4043,291,132,5.466826,0.032578,0.151146,604,1,6,6,223,0,,,,,,,,
sidecar_wrpy_d2ma_support_b_r5_s18_m2_o2_diag,275,1341846657.092006,1,182,4121,294,123,5.486996,0.020170,0.121309,618,4,23,8,206,2,,,,,,,,
sidecar_wrpy_d2ma_support_b_r5_s18_m2_o2_diag,276,1341846657.124027,1,183,4190,316,134,5.495402,0.008405,0.133291,590,2,6,0,197,0,,,,,,,,
sidecar_wrpy_d2ma_support_b_r5_s18_m2_o2_diag,277,1341846657.155973,1,183,4235,269,110,5.511696,0.016294,0.143770,571,0,4,1,223,0,3,1,31,31,31,3,9,0
sidecar_wrpy_d2ma_support_b_r5_s18_m2_o2_diag,278,1341846657.192094,1,184,4306,291,118,5.530792,0.019096,0.256084,533,10,34,21,297,5,8,0,26,26,26,8,8,0
sidecar_wrpy_d2ma_support_b_r5_s18_m2_o2_diag,279,1341846657.224195,1,185,4342,318,158,5.556315,0.025523,0.254046,498,7,29,21,344,4,,,,,,,,
sidecar_wrpy_d2ma_support_b_r5_s18_m2_o2_diag,280,1341846657.292164,1,186,4344,291,124,5.570051,0.013736,0.250934,494,6,35,5,311,2,,,,,,,,
sidecar_wrpy_d2ma_support_b_r5_s18_m2_o2_diag,281,1341846657.321288,1,185,4284,297,118,5.588166,0.018115,0.238747,483,8,35,39,336,9,0,0,,22,22,,1,0
sidecar_wrpy_d2ma_support_b_r5_s18_m2_o2_diag,282,1341846657.354367,1,186,4341,312,124,5.594101,0.005935,0.226566,430,3,27,25,349,6,1,0,10,20,20,1,5,0
sidecar_wrpy_d2ma_support_b_r5_s18_m2_o2_diag,283,1341846657.386193,1,187,4379,340,116,5.601005,0.006904,0.229261,463,13,35,34,317,5,1,0,3,7,7,1,4,0
sidecar_wrpy_d2ma_support_b_r5_s18_m2_o2_diag,284,1341846657.418105,1,188,4426,343,108,5.611274,0.010270,0.217572,518,8,41,15,277,2,7,0,2,7,3,7,7,0
sidecar_wrpy_d2ma_support_b_r5_s18_m2_o2_diag,285,1341846657.454277,1,188,4360,349,117,5.638242,0.026968,0.221367,445,4,26,10,316,1,4,2,5,11,11,4,13,0
sidecar_wrpy_d2ma_support_b_r5_s18_m2_o2_diag,286,1341846657.486117,1,189,4413,356,103,5.667194,0.028952,0.238802,431,6,22,21,324,6,0,0,,6,6,,13,0
sidecar_wrpy_d2ma_support_b_r5_s18_m2_o2_diag,287,1341846657.522092,1,190,4502,358,100,5.684170,0.016975,0.257747,464,12,29,39,320,10,2,0,8,16,6,2,4,0
sidecar_wrpy_d2ma_support_b_r5_s18_m2_o2_diag,288,1341846657.554062,1,191,4546,415,128,5.721495,0.037325,0.248242,428,9,16,9,340,1,2,0,12,41,25,2,26,0
sidecar_wrpy_d2ma_support_b_r5_s18_m2_o2_diag,289,1341846657.586078,1,191,4467,398,109,5.751622,0.030128,0.231768,471,8,15,32,275,6,3,3,12,39,27,3,47,0
sidecar_wrpy_d2ma_support_b_r5_s18_m2_o2_diag,290,1341846657.622205,1,192,4564,440,164,5.782306,0.030684,0.185485,524,26,37,51,238,10,5,0,23,54,26,5,36,0
sidecar_wrpy_d2ma_support_b_r5_s18_m2_o2_diag,291,1341846657.654161,1,193,4630,518,162,5.823070,0.040764,0.194645,454,17,26,16,281,3,1,0,12,58,49,1,50,0
sidecar_wrpy_d2ma_support_b_r5_s18_m2_o2_diag,292,1341846657.686517,1,194,4654,504,119,5.851397,0.028327,0.199723,456,22,27,15,275,4,1,0,12,35,33,1,55,0
sidecar_wrpy_d2ma_support_b_r5_s18_m2_o2_diag,293,1341846657.722061,1,192,4480,485,145,5.878083,0.026686,0.192565,477,22,36,19,272,5,6,3,26,51,44,6,34,0
sidecar_wrpy_d2ma_support_b_r5_s18_m2_o2_diag,294,1341846657.754104,1,193,4507,496,132,5.913133,0.035050,0.189121,431,30,23,14,261,5,1,0,14,38,31,1,22,0
sidecar_wrpy_d2ma_support_b_r5_s18_m2_o2_diag,295,1341846657.790066,1,194,4547,470,84,5.946551,0.033418,0.188652,450,20,20,27,227,9,2,1,9,14,12,2,24,0
sidecar_wrpy_d2ma_support_b_r5_s18_m2_o2_diag,296,1341846657.822089,1,195,4604,505,106,5.993832,0.047281,0.158105,457,10,5,34,242,5,1,0,1,28,15,1,5,0
sidecar_wrpy_d2ma_support_b_r5_s18_m2_o2_diag,298,1341846657.889993,1,195,4513,543,126,6.049514,0.020155,0.158880,504,6,11,2,166,0,0,0,,16,2,,8,0
sidecar_wrpy_d2ma_support_b_r5_s18_m2_o2_diag,299,1341846657.922046,1,196,4679,554,165,6.081106,0.031592,0.000000,647,0,0,0,0,0,0,0,,39,,,,0
sidecar_wrpy_d2ma_support_b_r5_s18_m2_o2_diag,300,1341846657.954192,1,197,4808,573,167,6.105567,0.024461,0.000000,608,0,0,0,0,0,0,0,,18,,,,0
sidecar_wrpy_d2ma_support_b_r5_s18_m2_o2_diag,301,1341846657.990141,1,198,4892,619,196,6.111651,0.006084,0.000000,629,0,0,0,0,0,1,0,2,12,,1,,0
sidecar_wrpy_d2ma_support_b_r5_s18_m2_o2_diag,305,1341846658.122355,1,194,4628,571,190,6.286546,0.038106,0.000000,584,0,0,0,0,0,0,0,,32,,,,0
sidecar_wrpy_d2ma_support_b_r5_s18_m2_o2_diag,306,1341846658.158136,1,195,4512,595,274,6.290218,0.003672,0.000000,535,0,0,0,0,0,0,0,,25,,,,0
sidecar_wrpy_d2ma_support_b_r5_s18_m2_o2_diag,307,1341846658.190098,1,196,4572,608,281,6.295083,0.004865,0.000000,550,0,0,0,0,0,0,0,,21,,,,0
sidecar_wrpy_d2ma_support_b_r5_s18_m2_o2_diag,308,1341846658.226027,1,197,4619,627,266,6.327881,0.032798,0.000000,597,0,0,0,0,0,0,0,,37,,,,0
sidecar_wrpy_d2ma_support_b_r5_s18_m2_o2_diag,314,1341846658.426300,1,196,4513,582,265,6.448829,0.011872,0.000000,566,0,0,0,0,0,0,0,,29,,,,0
sidecar_wrpy_d2ma_support_b_r5_s18_m2_o2_diag,315,1341846658.458168,1,197,4513,584,267,6.505043,0.056214,0.000000,549,0,0,0,0,0,0,0,,133,,,,0
sidecar_wrpy_d2ma_support_b_r5_s18_m2_o2_diag,316,1341846658.494176,1,198,4687,626,243,6.542641,0.037598,0.000000,562,0,0,0,0,0,0,0,,41,,,,0
sidecar_wrpy_d2ma_support_b_r5_s18_m2_o2_diag,317,1341846658.526214,1,199,4746,647,224,6.550701,0.008060,0.000000,597,0,0,0,0,0,0,0,,8,,,,0
sidecar_wrpy_d2ma_support_b_r5_s18_m2_o2_diag,318,1341846658.558129,1,200,4653,577,174,6.588143,0.037442,0.000000,622,0,0,0,0,0,0,0,,20,,,,0
sidecar_wrpy_d2ma_support_b_r5_s18_m2_o2_diag,319,1341846658.594206,1,201,4875,504,116,6.612568,0.024424,0.000000,727,0,0,0,0,0,0,0,,4,,,,0
sidecar_wrpy_d2ma_support_b_r5_s18_m2_o2_diag,320,1341846658.626105,1,202,5034,654,224,6.640392,0.027825,0.000000,785,0,0,0,0,0,0,0,,18,,,,0
sidecar_wrpy_d2ma_support_b_r5_s18_m2_o2_diag,321,1341846658.658181,1,203,5090,744,339,6.651509,0.011117,0.000000,840,0,0,0,0,0,0,0,,6,,,,0
sidecar_wrpy_d2ma_support_b_r5_s18_m2_o2_diag,322,1341846658.694141,1,202,4917,597,187,6.694426,0.042916,0.000000,821,0,0,0,0,0,0,0,,6,,,,0
sidecar_wrpy_d2ma_support_b_r5_s18_m2_o2_diag,323,1341846658.726153,1,203,5039,690,289,6.709343,0.014917,0.000000,865,0,0,0,0,0,0,0,,23,,,,0
sidecar_wrpy_d2ma_support_b_r5_s18_m2_o2_diag,324,1341846658.762100,1,204,5162,756,360,6.721701,0.012357,0.000000,897,0,0,0,0,0,0,0,,14,,,,0
sidecar_wrpy_d2ma_support_b_r5_s18_m2_o2_diag,325,1341846658.794185,1,205,5164,740,354,6.746293,0.024593,0.000000,904,0,0,0,0,0,,,,,,,,
sidecar_wrpy_d2ma_support_b_r5_s18_m2_o2_diag,328,1341846658.894170,1,200,4981,703,300,6.845370,0.033856,0.000000,925,0,0,0,0,0,,,,,,,,
sidecar_wrpy_d2ma_support_b_r5_s18_m2_o2_diag,329,1341846658.926149,1,201,5129,728,359,6.864667,0.019296,0.000000,950,0,0,0,0,0,,,,,,,,
sidecar_wrpy_d2ma_support_b_r5_s18_m2_o2_diag,330,1341846658.962404,1,202,5243,769,446,6.891772,0.027105,0.000000,931,0,0,0,0,0,0,0,,5,,,,0
sidecar_wrpy_d2ma_support_b_r5_s18_m2_o2_diag,331,1341846658.994217,1,203,5229,828,465,6.907522,0.015750,0.000000,951,0,0,0,0,0,,,,,,,,
sidecar_wrpy_d2ma_support_b_r5_s18_m2_o2_diag,363,1341846660.066206,1,202,4974,713,316,7.307918,0.010088,0.000000,910,0,0,0,0,0,,,,,,,,
sidecar_wrpy_d2ma_support_b_r5_s18_m2_o2_diag,364,1341846660.102245,1,203,4946,768,455,7.317674,0.009756,0.000000,942,0,0,0,0,0,,,,,,,,
sidecar_wrpy_d2ma_support_b_r5_s18_m2_o2_diag,365,1341846660.140244,1,204,5042,820,510,7.322406,0.004732,0.000000,886,0,0,0,0,0,,,,,,,,
sidecar_wrpy_d2ma_support_b_r5_s18_m2_o2_diag,366,1341846660.167903,1,205,5089,787,439,7.355770,0.033364,0.000000,869,0,0,0,0,0,0,0,,6,,,,0
sidecar_wrpy_d2ma_support_b_r5_s18_m2_o2_diag,369,1341846660.270168,1,200,4879,656,233,7.410563,0.037146,0.005111,863,0,1,0,11,0,0,0,,25,,,,0
sidecar_wrpy_d2ma_support_b_r5_s18_m2_o2_diag,370,1341846660.302258,1,201,5009,690,268,7.416832,0.006269,0.005335,908,0,2,0,15,0,0,0,,11,7,,1,0
sidecar_wrpy_d2ma_support_b_r5_s18_m2_o2_diag,371,1341846660.334349,1,202,5103,740,354,7.434836,0.018004,0.000000,921,0,0,0,0,0,0,0,,9,,,,0
sidecar_wrpy_d2ma_support_b_r5_s18_m2_o2_diag,372,1341846660.370214,1,203,5075,765,433,7.448248,0.013412,0.000000,872,0,0,0,0,0,,,,,,,,
sidecar_wrpy_d2ma_support_b_r5_s18_m2_o2_diag,384,1341846660.770121,1,201,4785,652,283,7.622782,0.025493,0.007301,750,2,0,0,27,0,,,,,,,,
sidecar_wrpy_d2ma_support_b_r5_s18_m2_o2_diag,385,1341846660.806117,1,202,4740,672,338,7.648719,0.025937,0.009762,741,1,0,0,33,0,,,,,,,,
sidecar_wrpy_d2ma_support_b_r5_s18_m2_o2_diag,386,1341846660.838338,1,203,4830,673,335,7.660282,0.011563,0.007038,750,1,0,2,29,1,0,0,,3,,,,0
sidecar_wrpy_d2ma_support_b_r5_s18_m2_o2_diag,387,1341846660.870203,1,204,4843,663,322,7.687372,0.027090,0.009759,703,2,0,0,33,0,,,,,,,,
sidecar_wrpy_d2ma_support_b_r5_s18_m2_o2_diag,389,1341846660.938063,1,200,4648,574,223,7.715183,0.010098,0.006501,650,0,0,0,25,0,0,0,,8,,,,0
sidecar_wrpy_d2ma_support_b_r5_s18_m2_o2_diag,390,1341846660.974147,1,201,4694,590,300,7.724505,0.009322,0.008138,611,2,0,0,26,0,,,,,,,,
sidecar_wrpy_d2ma_support_b_r5_s18_m2_o2_diag,391,1341846661.006234,1,202,4732,642,333,7.739115,0.014610,0.011488,580,4,1,1,29,0,,,,,,,,
sidecar_wrpy_d2ma_support_b_r5_s18_m2_o2_diag,392,1341846661.038225,1,203,4709,600,275,7.791723,0.052608,0.005609,543,0,0,0,15,0,0,0,,21,,,,0
sidecar_wrpy_d2ma_support_b_r5_s18_m2_o2_diag,403,1341846661.410178,1,203,4527,524,255,7.984461,0.019097,0.127448,417,7,6,5,102,1,,,,,,,,
sidecar_wrpy_d2ma_support_b_r5_s18_m2_o2_diag,404,1341846661.442211,1,204,4494,490,252,8.006439,0.021978,0.134453,433,3,2,2,138,1,,,,,,,,
sidecar_wrpy_d2ma_support_b_r5_s18_m2_o2_diag,405,1341846661.474354,1,205,4528,526,280,8.024543,0.018104,0.147962,406,5,1,5,133,1,,,,,,,,
sidecar_wrpy_d2ma_support_b_r5_s18_m2_o2_diag,406,1341846661.510169,1,206,4527,530,269,8.043994,0.019451,0.152021,375,1,2,1,150,0,,,,,,,,
sidecar_wrpy_d2ma_support_b_r5_s18_m2_o2_diag,412,1341846661.710142,1,203,4414,424,213,8.170753,0.004520,0.221657,325,8,2,6,275,2,,,,,,,,
sidecar_wrpy_d2ma_support_b_r5_s18_m2_o2_diag,413,1341846661.742341,1,204,4434,399,172,8.186579,0.015826,0.230615,352,10,18,9,312,2,,,,,,,,
sidecar_wrpy_d2ma_support_b_r5_s18_m2_o2_diag,414,1341846661.778063,1,205,4475,399,196,8.192231,0.005651,0.234570,321,6,14,2,323,0,,,,,,,,
sidecar_wrpy_d2ma_support_b_r5_s18_m2_o2_diag,415,1341846661.810103,1,206,4481,377,198,8.198970,0.006739,0.238587,307,4,6,5,302,2,,,,,,,,
sidecar_wrpy_d2ma_support_b_r5_s18_m2_o2_diag,418,1341846661.910222,1,203,4395,326,168,8.223698,0.003677,0.160645,290,8,34,12,207,3,,,,,,,,
sidecar_wrpy_d2ma_support_b_r5_s18_m2_o2_diag,419,1341846661.946090,1,204,4418,350,203,8.232498,0.008800,0.136507,288,6,28,4,194,0,,,,,,,,
sidecar_wrpy_d2ma_support_b_r5_s18_m2_o2_diag,420,1341846661.978208,1,205,4476,318,170,8.250140,0.017642,0.145859,295,5,9,19,211,5,,,,,,,,
sidecar_wrpy_d2ma_support_b_r5_s18_m2_o2_diag,421,1341846662.010311,1,206,4502,304,138,8.254124,0.003983,0.149886,303,3,24,27,202,7,,,,,,,,
sidecar_wrpy_d2ma_support_b_r5_s18_m2_o2_diag,422,1341846662.046195,1,206,4459,280,138,8.280425,0.026301,0.117500,366,5,28,6,148,0,,,,,,,,
sidecar_wrpy_d2ma_support_b_r5_s18_m2_o2_diag,423,1341846662.078099,1,207,4463,281,142,8.284694,0.004269,0.124121,277,6,12,8,178,1,,,,,,,,
sidecar_wrpy_d2ma_support_b_r5_s18_m2_o2_diag,424,1341846662.110672,1,208,4471,299,141,8.287925,0.003230,0.145221,254,6,7,0,179,0,,,,,,,,
sidecar_wrpy_d2ma_support_b_r5_s18_m2_o2_diag,425,1341846662.146166,1,209,4462,275,124,8.290417,0.002492,0.108060,284,0,3,1,139,0,,,,,,,,
sidecar_wrpy_d2ma_support_b_r5_s18_m2_o2_diag,426,1341846662.178168,1,210,4416,250,125,8.299812,0.009395,0.114391,255,4,6,0,164,0,,,,,,,,
sidecar_wrpy_d2ma_support_b_r5_s18_m2_o2_diag,427,1341846662.214136,1,211,4430,252,97,8.304805,0.004993,0.120739,258,18,10,5,136,0,,,,,,,,
sidecar_wrpy_d2ma_support_b_r5_s18_m2_o2_diag,428,1341846662.246167,1,212,4456,256,141,8.313638,0.008833,0.092575,295,4,6,0,105,0,,,,,,,,
sidecar_wrpy_d2ma_support_b_r5_s18_m2_o2_diag,429,1341846662.278007,1,213,4464,237,135,8.319480,0.005842,0.090033,233,1,10,0,117,0,,,,,,,,
sidecar_wrpy_d2ma_support_b_r5_s18_m2_o2_diag,430,1341846662.314144,1,214,4416,244,112,8.327866,0.008386,0.087777,251,1,9,0,100,0,,,,,,,,
sidecar_wrpy_d2ma_support_b_r5_s18_m2_o2_diag,431,1341846662.346164,1,215,4396,246,132,8.334770,0.006904,0.088717,227,7,13,2,87,1,,,,,,,,
sidecar_wrpy_d2ma_support_b_r5_s18_m2_o2_diag,432,1341846662.378069,1,216,4408,237,126,8.338556,0.003786,0.085583,202,1,1,1,98,0,,,,,,,,
sidecar_wrpy_d2ma_support_b_r5_s18_m2_o2_diag,433,1341846662.414229,1,217,4411,242,124,8.339847,0.001291,0.085163,229,6,3,8,102,3,,,,,,,,
sidecar_wrpy_d2ma_support_b_r5_s18_m2_o2_diag,434,1341846662.446102,1,218,4380,234,125,8.341220,0.001373,0.071016,250,8,3,6,74,2,,,,,,,,
sidecar_wrpy_d2ma_support_b_r5_s18_m2_o2_diag,435,1341846662.482229,1,219,4397,217,97,8.343348,0.002128,0.066589,277,1,2,25,75,7,,,,,,,,
sidecar_wrpy_d2ma_support_b_r5_s18_m2_o2_diag,436,1341846662.514117,1,220,4421,196,97,8.345828,0.002480,0.064238,269,1,1,2,59,1,,,,,,,,
sidecar_wrpy_d2ma_support_b_r5_s18_m2_o2_diag,437,1341846662.546261,1,221,4442,199,100,8.348852,0.003024,0.060732,225,3,2,11,90,5,,,,,,,,
sidecar_wrpy_d2ma_support_b_r5_s18_m2_o2_diag,438,1341846662.582101,1,222,4423,218,115,8.352998,0.004146,0.059964,240,5,2,24,71,7,,,,,,,,
sidecar_wrpy_d2ma_support_b_r5_s18_m2_o2_diag,439,1341846662.620264,1,223,4443,211,116,8.359621,0.006623,0.064219,240,11,4,3,65,1,,,,,,,,
sidecar_wrpy_d2ma_support_b_r5_s18_m2_o2_diag,440,1341846662.650174,1,224,4458,213,115,8.365068,0.005447,0.057331,258,5,6,9,57,3,,,,,,,,
sidecar_wrpy_d2ma_support_b_r5_s18_m2_o2_diag,441,1341846662.682024,1,225,4460,228,132,8.367490,0.002422,0.049382,228,7,14,19,45,4,,,,,,,,
sidecar_wrpy_d2ma_support_b_r5_s18_m2_o2_diag,443,1341846662.750127,1,226,4423,196,118,8.376726,0.005770,0.050254,226,2,8,2,44,1,,,,,,,,
sidecar_wrpy_d2ma_support_b_r5_s18_m2_o2_diag,444,1341846662.782002,1,227,4456,197,138,8.386693,0.009967,0.040872,234,1,4,25,29,5,,,,,,,,
sidecar_wrpy_d2ma_support_b_r5_s18_m2_o2_diag,445,1341846662.814097,1,228,4511,214,144,8.391056,0.004363,0.042969,197,1,8,1,27,0,,,,,,,,
sidecar_wrpy_d2ma_support_b_r5_s18_m2_o2_diag,447,1341846662.882162,1,229,4530,235,152,8.402144,0.007078,0.046787,229,2,7,13,25,1,,,,,,,,
sidecar_wrpy_d2ma_support_b_r5_s18_m2_o2_diag,461,1341846663.350114,1,230,4488,225,99,8.476685,0.011521,0.000000,234,0,0,0,0,0,,,,,,,,
sidecar_wrpy_d2ma_support_b_r5_s18_m2_o2_diag,463,1341846663.418056,1,231,4436,245,156,8.494671,0.006582,0.009518,250,0,0,0,2,0,,,,,,,,
sidecar_wrpy_d2ma_support_b_r5_s18_m2_o2_diag,464,1341846663.454044,1,232,4454,275,179,8.500439,0.005769,0.008659,253,0,0,0,3,0,,,,,,,,
sidecar_wrpy_d2ma_support_b_r5_s18_m2_o2_diag,465,1341846663.486091,1,233,4447,284,173,8.503883,0.003443,0.010176,263,0,0,0,3,0,,,,,,,,
sidecar_wrpy_d2ma_support_b_r5_s18_m2_o2_diag,471,1341846663.686099,1,229,4387,298,144,8.555767,0.020923,0.000000,256,0,0,0,0,0,,,,,,,,
sidecar_wrpy_d2ma_support_b_r5_s18_m2_o2_diag,472,1341846663.722109,1,230,4391,347,194,8.573344,0.017578,0.000000,258,0,0,0,0,0,,,,,,,,
sidecar_wrpy_d2ma_support_b_r5_s18_m2_o2_diag,473,1341846663.755694,1,231,4416,320,178,8.581965,0.008620,0.000000,230,0,0,0,0,0,,,,,,,,
sidecar_wrpy_d2ma_support_b_r5_s18_m2_o2_diag,474,1341846663.786304,1,232,4470,291,98,8.593043,0.011079,0.000000,286,0,0,0,0,0,,,,,,,,
sidecar_wrpy_d2ma_support_b_r5_s18_m2_o2_diag,475,1341846663.822090,1,229,4425,386,185,8.619790,0.026747,0.000000,342,0,0,0,0,0,,,,,,,,
sidecar_wrpy_d2ma_support_b_r5_s18_m2_o2_diag,476,1341846663.854115,1,230,4446,420,251,8.641000,0.021210,0.000000,334,0,0,0,0,0,,,,,,,,
sidecar_wrpy_d2ma_support_b_r5_s18_m2_o2_diag,477,1341846663.890140,1,231,4475,382,114,8.662180,0.021180,0.000000,343,0,0,0,0,0,,,,,,,,
sidecar_wrpy_d2ma_support_b_r5_s18_m2_o2_diag,478,1341846663.921987,1,232,4536,434,130,8.687905,0.025726,0.000000,444,0,0,0,0,0,0,0,,29,,,,0
sidecar_wrpy_d2ma_support_b_r5_s18_m2_o2_diag,523,1341846665.430162,1,226,4811,523,226,9.322370,0.031354,0.000000,957,0,0,0,0,0,0,0,,3,,,,0
sidecar_wrpy_d2ma_support_b_r5_s18_m2_o2_diag,524,1341846665.462226,1,227,5030,635,359,9.332174,0.009804,0.000000,976,0,0,0,0,0,,,,,,,,
sidecar_wrpy_d2ma_support_b_r5_s18_m2_o2_diag,525,1341846665.498226,1,228,5259,736,437,9.349180,0.017007,0.000000,963,0,0,0,0,0,,,,,,,,
sidecar_wrpy_d2ma_support_b_r5_s18_m2_o2_diag,526,1341846665.530109,1,229,5245,816,508,9.355433,0.006253,0.000000,962,0,0,0,0,0,,,,,,,,
sidecar_wrpy_d2ma_support_b_r5_s18_m2_o2_diag,532,1341846665.730361,1,219,4895,630,379,9.430448,0.021886,0.035937,889,0,3,0,47,0,1,0,0,11,4,1,1,0
sidecar_wrpy_d2ma_support_b_r5_s18_m2_o2_diag,535,1341846665.834237,1,220,4946,694,440,9.446434,0.006481,0.044014,895,0,5,0,67,0,0,0,,4,1,,2,0
sidecar_wrpy_d2ma_support_b_r5_s18_m2_o2_diag,536,1341846665.866106,1,221,5177,648,414,9.449633,0.003199,0.000000,935,0,0,0,0,0,0,0,,5,,,,0
sidecar_wrpy_d2ma_support_b_r5_s18_m2_o2_diag,537,1341846665.898073,1,222,5243,719,450,9.454386,0.004753,0.040488,901,9,4,9,86,4,0,0,,4,,,,0
sidecar_wrpy_d2ma_support_b_r5_s18_m2_o2_diag,544,1341846666.134147,1,220,5049,535,308,9.506444,0.012668,0.069222,824,2,7,3,156,1,0,0,,4,,,,0
sidecar_wrpy_d2ma_support_b_r5_s18_m2_o2_diag,548,1341846666.266322,1,221,5217,537,332,9.552264,0.019341,0.000000,915,0,0,0,0,0,0,0,,3,,,,0
sidecar_wrpy_d2ma_support_b_r5_s18_m2_o2_diag,549,1341846666.302195,1,222,5536,519,297,9.562108,0.009844,0.000000,908,0,0,0,0,0,,,,,,,,
sidecar_wrpy_d2ma_support_b_r5_s18_m2_o2_diag,551,1341846666.370216,1,223,5617,669,372,9.571673,0.003356,0.061341,794,30,19,34,172,2,,,,,,,,
sidecar_wrpy_d2ma_support_b_r5_s18_m2_o2_diag,555,1341846666.502190,1,223,5349,441,243,9.615954,0.010043,0.056732,677,16,14,75,217,17,,,,,,,,
sidecar_wrpy_d2ma_support_b_r5_s18_m2_o2_diag,556,1341846666.534121,1,224,5310,427,288,9.620291,0.004337,0.064010,605,4,16,33,226,11,,,,,,,,
sidecar_wrpy_d2ma_support_b_r5_s18_m2_o2_diag,557,1341846666.570131,1,225,5471,494,297,9.626197,0.005905,0.051755,647,11,10,48,199,9,,,,,,,,
sidecar_wrpy_d2ma_support_b_r5_s18_m2_o2_diag,558,1341846666.602180,1,226,5469,540,354,9.629832,0.003636,0.056882,618,7,19,0,221,0,,,,,,,,
sidecar_wrpy_d2ma_support_b_r5_s18_m2_o2_diag,562,1341846666.738266,1,226,5279,363,238,9.716978,0.009652,0.066289,602,1,15,76,261,6,,,,,,,,
sidecar_wrpy_d2ma_support_b_r5_s18_m2_o2_diag,567,1341846666.906019,1,227,5313,367,247,9.754537,0.005723,0.072282,509,10,39,88,332,9,0,0,,6,3,,14,0
sidecar_wrpy_d2ma_support_b_r5_s18_m2_o2_diag,568,1341846666.937989,1,228,5300,371,261,9.762522,0.007985,0.078340,465,8,23,69,331,15,0,0,,2,0,,2,0
sidecar_wrpy_d2ma_support_b_r5_s18_m2_o2_diag,569,1341846666.970036,1,229,5392,381,268,9.770427,0.007905,0.072236,523,11,35,48,304,13,,,,,,,,
sidecar_wrpy_d2ma_support_b_r5_s18_m2_o2_diag,571,1341846667.038153,1,230,5213,232,145,9.799343,0.010379,0.093109,368,4,33,24,350,1,0,0,,0,0,,1,0
sidecar_wrpy_d2ma_support_b_r5_s18_m2_o2_diag,572,1341846667.074153,1,231,5302,206,115,9.838044,0.038701,0.073125,353,1,50,99,222,8,,,,,,,,
sidecar_wrpy_d2ma_support_b_r5_s18_m2_o2_diag,573,1341846667.106156,1,232,5353,228,136,9.871715,0.033672,0.084271,348,8,11,167,323,27,0,0,,1,,,,0
sidecar_wrpy_d2ma_support_b_r5_s18_m2_o2_diag,574,1341846667.138108,1,233,5407,246,121,9.887978,0.016263,0.094756,382,7,53,64,337,9,0,0,,1,,,,0
sidecar_wrpy_d2ma_support_b_r5_s18_m2_o2_diag,576,1341846667.206107,1,234,5330,203,105,9.946267,0.014615,0.100010,343,12,31,179,437,21,0,0,,0,0,,17,0
sidecar_wrpy_d2ma_support_b_r5_s18_m2_o2_diag,577,1341846667.238075,1,235,5342,236,106,9.975007,0.028740,0.111491,276,5,11,17,446,2,0,0,,1,1,,19,0
sidecar_wrpy_d2ma_support_b_r5_s18_m2_o2_diag,578,1341846667.274016,1,236,5370,271,127,10.041007,0.066000,0.102852,320,19,21,2,376,1,0,0,,1,1,,52,0
sidecar_wrpy_d2ma_support_b_r5_s18_m2_o2_diag,579,1341846667.306189,1,237,5401,284,137,10.059763,0.018756,0.113740,353,22,13,5,368,1,2,0,0,2,2,2,187,0
sidecar_wrpy_d2ma_support_b_r5_s18_m2_o2_diag,580,1341846667.342253,1,238,5332,246,98,10.079348,0.019585,0.122803,406,6,30,87,399,11,9,4,0,0,0,9,174,0
sidecar_wrpy_d2ma_support_b_r5_s18_m2_o2_diag,581,1341846667.374345,1,239,5500,344,170,10.098611,0.019264,0.113369,557,13,52,72,407,11,0,0,,0,0,,75,0
sidecar_wrpy_d2ma_support_b_r5_s18_m2_o2_diag,582,1341846667.406982,1,240,5586,414,227,10.117842,0.019231,0.124473,469,11,17,216,442,24,0,0,,1,1,,45,0
sidecar_wrpy_d2ma_support_b_r5_s18_m2_o2_diag,583,1341846667.442109,1,241,5643,395,143,10.174541,0.056699,0.134401,478,29,15,333,439,20,0,0,,0,0,,55,0
sidecar_wrpy_d2ma_support_b_r5_s18_m2_o2_diag,585,1341846667.506006,1,242,5517,370,134,10.230498,0.020962,0.125833,572,44,25,100,413,22,2,7,0,1,1,2,90,0
sidecar_wrpy_d2ma_support_b_r5_s18_m2_o2_diag,586,1341846667.542298,1,243,5608,359,116,10.298305,0.067807,0.137168,491,21,23,39,437,7,2,0,0,3,1,2,66,0
sidecar_wrpy_d2ma_support_b_r5_s18_m2_o2_diag,587,1341846667.574196,1,244,5748,475,205,10.367108,0.068803,0.116084,686,8,34,64,300,14,0,0,,1,1,,13,0
sidecar_wrpy_d2ma_support_b_r5_s18_m2_o2_diag,588,1341846667.610099,1,245,5778,547,263,10.402592,0.035484,0.128330,675,21,10,49,292,16,0,0,,3,1,,12,0
sidecar_wrpy_d2ma_support_b_r5_s18_m2_o2_diag,596,1341846667.878139,1,246,5502,537,204,10.579133,0.024193,0.180023,576,12,22,31,394,6,1,0,1,22,9,1,4,0
sidecar_wrpy_d2ma_support_b_r5_s18_m2_o2_diag,597,1341846667.910558,1,247,5424,557,218,10.588290,0.009157,0.196230,616,18,15,64,350,12,0,0,,2,2,,8,0
sidecar_wrpy_d2ma_support_b_r5_s18_m2_o2_diag,598,1341846667.942116,1,248,5515,593,286,10.606235,0.017945,0.217432,632,18,22,39,339,8,0,0,,7,4,,5,0
sidecar_wrpy_d2ma_support_b_r5_s18_m2_o2_diag,599,1341846667.978287,1,249,5558,590,290,10.614608,0.008373,0.194678,637,22,20,69,334,13,0,0,,4,3,,12,0
sidecar_wrpy_d2ma_support_b_r5_s18_m2_o2_diag,604,1341846668.146332,1,248,5406,540,221,10.653681,0.007285,0.212018,664,6,10,22,260,7,1,0,0,5,1,1,8,0
sidecar_wrpy_d2ma_support_b_r5_s18_m2_o2_diag,605,1341846668.178208,1,249,5518,546,224,10.669139,0.015458,0.093411,776,15,29,31,174,11,0,0,,2,1,,6,0
sidecar_wrpy_d2ma_support_b_r5_s18_m2_o2_diag,606,1341846668.211262,1,250,5716,600,255,10.698656,0.029516,0.102360,809,20,19,49,139,9,0,0,,5,4,,13,0
sidecar_wrpy_d2ma_support_b_r5_s18_m2_o2_diag,607,1341846668.246163,1,251,5855,584,240,10.713862,0.015207,0.116279,754,7,15,21,161,5,0,0,,0,0,,13,0
sidecar_wrpy_d2ma_support_b_r5_s18_m2_o2_diag,614,1341846668.478153,1,249,5737,511,100,10.862899,0.023566,0.142327,746,8,23,10,63,2,0,0,,4,,,,0
sidecar_wrpy_d2ma_support_b_r5_s18_m2_o2_diag,615,1341846668.514213,1,250,5618,564,243,10.895630,0.032731,0.144268,782,7,5,40,58,12,,,,,,,,
sidecar_wrpy_d2ma_support_b_r5_s18_m2_o2_diag,616,1341846668.546115,1,251,5746,624,308,10.917829,0.022199,0.144557,745,2,1,17,69,7,0,0,,2,,,,0
sidecar_wrpy_d2ma_support_b_r5_s18_m2_o2_diag,617,1341846668.582467,1,252,5701,625,264,10.931492,0.013663,0.118496,776,16,15,8,22,2,,,,,,,,
sidecar_wrpy_d2ma_support_b_r5_s18_m2_o2_diag,618,1341846668.614140,1,250,5509,523,170,10.955631,0.024139,0.117555,722,14,10,23,29,5,0,0,,13,,,,0
sidecar_wrpy_d2ma_support_b_r5_s18_m2_o2_diag,619,1341846668.646312,1,251,5575,567,252,10.972411,0.016779,0.119639,716,11,15,10,42,4,0,0,,12,,,,0
sidecar_wrpy_d2ma_support_b_r5_s18_m2_o2_diag,620,1341846668.682455,1,252,5577,565,262,10.978909,0.006498,0.174697,583,5,14,8,74,2,0,0,,10,,,,0
sidecar_wrpy_d2ma_support_b_r5_s18_m2_o2_diag,621,1341846668.714133,1,253,5545,540,232,10.988148,0.009239,0.179801,581,7,16,7,75,3,0,0,,27,5,,1,0
sidecar_wrpy_d2ma_support_b_r5_s18_m2_o2_diag,625,1341846668.850214,1,252,5320,501,192,11.037354,0.009226,0.131344,476,9,12,2,59,1,0,0,,10,9,,1,0
sidecar_wrpy_d2ma_support_b_r5_s18_m2_o2_diag,626,1341846668.882442,1,253,5339,550,247,11.042361,0.005007,0.125120,507,5,7,19,37,4,0,0,,5,,,,0
sidecar_wrpy_d2ma_support_b_r5_s18_m2_o2_diag,627,1341846668.914289,1,254,5387,577,285,11.051770,0.009409,0.125436,528,2,7,15,53,5,0,0,,2,,,,0
sidecar_wrpy_d2ma_support_b_r5_s18_m2_o2_diag,628,1341846668.950088,1,255,5395,605,263,11.057898,0.006128,0.134209,498,13,4,11,74,3,0,0,,1,,,,0
sidecar_wrpy_d2ma_support_b_r5_s18_m2_o2_diag,633,1341846669.118346,1,253,5266,611,228,11.139198,0.008085,0.153467,595,7,6,2,102,0,0,0,,12,,,,0
sidecar_wrpy_d2ma_support_b_r5_s18_m2_o2_diag,634,1341846669.150086,1,254,5315,634,291,11.151634,0.012436,0.163675,610,13,5,12,131,4,0,0,,2,,,,0
sidecar_wrpy_d2ma_support_b_r5_s18_m2_o2_diag,635,1341846669.182477,1,255,5396,649,340,11.162922,0.011288,0.153158,656,16,13,19,98,4,0,0,,2,,,,0
sidecar_wrpy_d2ma_support_b_r5_s18_m2_o2_diag,636,1341846669.218046,1,256,5432,665,330,11.172409,0.009487,0.155371,635,12,3,3,119,1,0,0,,3,,,,0
sidecar_wrpy_d2ma_support_b_r5_s18_m2_o2_diag,648,1341846669.617976,1,255,5345,638,226,11.345086,0.024104,0.060283,776,4,4,9,30,2,0,0,,16,,,,0
sidecar_wrpy_d2ma_support_b_r5_s18_m2_o2_diag,649,1341846669.654096,1,256,5430,678,325,11.370393,0.025307,0.061061,720,2,2,2,41,1,0,0,,1,,,,0
sidecar_wrpy_d2ma_support_b_r5_s18_m2_o2_diag,650,1341846669.686069,1,257,5528,776,388,11.377848,0.007455,0.099505,769,15,3,18,54,5,0,0,,1,,,,0
sidecar_wrpy_d2ma_support_b_r5_s18_m2_o2_diag,651,1341846669.718075,1,258,5544,711,334,11.399639,0.021792,0.107285,739,21,7,6,74,0,0,0,,5,,,,0
sidecar_wrpy_d2ma_support_b_r5_s18_m2_o2_diag,657,1341846669.922050,1,254,5412,595,265,11.460972,0.015355,0.111361,746,12,17,5,136,0,0,0,,5,,,,0
sidecar_wrpy_d2ma_support_b_r5_s18_m2_o2_diag,658,1341846669.954047,1,255,5438,615,286,11.491148,0.030176,0.116725,691,14,7,2,157,0,0,0,,4,,,,0
sidecar_wrpy_d2ma_support_b_r5_s18_m2_o2_diag,659,1341846669.986285,1,256,5705,634,297,11.501400,0.010252,0.000000,863,0,0,0,0,0,0,0,,3,,,,0
sidecar_wrpy_d2ma_support_b_r5_s18_m2_o2_diag,660,1341846670.022242,1,257,5726,689,346,11.531735,0.030335,0.134277,740,41,19,11,169,2,0,0,,1,,,,0
sidecar_wrpy_d2ma_support_b_r5_s18_m2_o2_diag,663,1341846670.121996,1,257,5736,571,238,11.590682,0.003841,0.000000,875,0,0,0,0,0,0,0,,3,,,,0
sidecar_wrpy_d2ma_support_b_r5_s18_m2_o2_diag,664,1341846670.154057,1,258,5702,635,338,11.617333,0.026651,0.149577,641,43,15,3,253,1,,,,,,,,
sidecar_wrpy_d2ma_support_b_r5_s18_m2_o2_diag,665,1341846670.190103,1,259,5889,667,333,11.649952,0.032619,0.000000,863,0,0,0,0,0,,,,,,,,
sidecar_wrpy_d2ma_support_b_r5_s18_m2_o2_diag,666,1341846670.222197,1,260,5992,631,303,11.674201,0.024249,0.000000,875,0,0,0,0,0,,,,,,,,
sidecar_wrpy_d2ma_support_b_r5_s18_m2_o2_diag,669,1341846670.322105,1,258,6035,525,186,11.742307,0.024318,0.000000,892,0,0,0,0,0,0,0,,6,,,,0
sidecar_wrpy_d2ma_support_b_r5_s18_m2_o2_diag,670,1341846670.358377,1,259,6205,537,266,11.783183,0.040876,0.000000,873,0,0,0,0,0,,,,,,,,
sidecar_wrpy_d2ma_support_b_r5_s18_m2_o2_diag,671,1341846670.390114,1,260,6274,628,274,11.839992,0.056809,0.000000,867,0,0,0,0,0,0,0,,25,,,,0
sidecar_wrpy_d2ma_support_b_r5_s18_m2_o2_diag,672,1341846670.422206,1,261,6331,619,198,11.890165,0.050173,0.000000,855,0,0,0,0,0,0,0,,16,,,,0
sidecar_wrpy_d2ma_support_b_r5_s18_m2_o2_diag,673,1341846670.464003,1,261,6146,586,189,11.921320,0.031155,0.000000,865,0,0,0,0,0,0,0,,29,,,,0
sidecar_wrpy_d2ma_support_b_r5_s18_m2_o2_diag,674,1341846670.490173,1,262,6182,583,176,11.947646,0.026326,0.133695,611,34,18,51,253,7,1,0,9,12,0,1,4,0
sidecar_wrpy_d2ma_support_b_r5_s18_m2_o2_diag,675,1341846670.526271,1,263,6168,537,158,11.960046,0.012401,0.113831,579,23,10,51,219,11,0,0,,25,19,,4,0
sidecar_wrpy_d2ma_support_b_r5_s18_m2_o2_diag,676,1341846670.566977,1,264,6117,561,164,11.964571,0.004525,0.115723,557,30,14,48,215,13,0,4,,18,8,,2,1
sidecar_wrpy_d2ma_support_b_r5_s18_m2_o2_diag,678,1341846670.628412,1,263,5851,477,137,12.021410,0.034683,0.172985,401,11,8,10,328,4,0,0,,17,7,,2,0
sidecar_wrpy_d2ma_support_b_r5_s18_m2_o2_diag,679,1341846670.664027,1,264,5834,463,141,12.036763,0.015352,0.190993,364,7,10,1,388,0,1,0,0,10,10,1,3,0
sidecar_wrpy_d2ma_support_b_r5_s18_m2_o2_diag,680,1341846670.696002,1,265,5811,461,127,12.045218,0.008455,0.161719,375,26,27,11,301,2,1,2,0,5,,1,,1
sidecar_wrpy_d2ma_support_b_r5_s18_m2_o2_diag,681,1341846670.728093,1,266,5807,431,130,12.073102,0.027884,0.173011,328,21,3,2,324,1,0,0,,9,0,,1,0
sidecar_wrpy_d2ma_support_b_r5_s18_m2_o2_diag,682,1341846670.764128,1,267,5671,404,106,12.080253,0.007151,0.186794,275,21,4,2,337,1,0,0,,8,,,,0
sidecar_wrpy_d2ma_support_b_r5_s18_m2_o2_diag,683,1341846670.796059,1,268,5715,426,99,12.105970,0.025717,0.150277,374,28,19,16,219,4,0,0,,6,,,,0
sidecar_wrpy_d2ma_support_b_r5_s18_m2_o2_diag,684,1341846670.832246,1,269,5759,425,106,12.119376,0.013406,0.169414,319,11,3,13,280,2,0,0,,2,,,,0
sidecar_wrpy_d2ma_support_b_r5_s18_m2_o2_diag,685,1341846670.863970,1,270,5771,415,121,12.130456,0.011080,0.191074,266,18,4,12,289,2,0,0,,2,0,,1,0
sidecar_wrpy_d2ma_support_b_r5_s18_m2_o2_diag,686,1341846670.896139,1,270,5642,356,68,12.154560,0.024104,0.166110,302,13,13,64,215,17,0,0,,8,,,,0
sidecar_wrpy_d2ma_support_b_r5_s18_m2_o2_diag,687,1341846670.932028,1,271,5640,356,73,12.169496,0.014936,0.192669,243,14,10,19,307,3,0,2,,4,,,,1
sidecar_wrpy_d2ma_support_b_r5_s18_m2_o2_diag,688,1341846670.964063,1,272,5651,366,83,12.190492,0.020996,0.217809,221,25,5,0,374,0,0,0,,8,,,,0
sidecar_wrpy_d2ma_support_b_r5_s18_m2_o2_diag,689,1341846671.000270,1,273,5646,354,90,12.237874,0.047382,0.173704,278,18,29,13,244,2,0,0,,10,0,,1,0
sidecar_wrpy_d2ma_support_b_r5_s18_m2_o2_diag,690,1341846671.032112,1,271,5555,335,80,12.263741,0.025867,0.194141,245,33,21,12,292,2,0,0,,15,1,,2,0
sidecar_wrpy_d2ma_support_b_r5_s18_m2_o2_diag,691,1341846671.064030,1,272,5563,321,81,12.279741,0.015999,0.215495,192,12,10,2,351,0,1,0,3,6,1,1,3,0
sidecar_wrpy_d2ma_support_b_r5_s18_m2_o2_diag,692,1341846671.101398,1,273,5581,330,83,12.298323,0.018583,0.162435,244,9,20,19,259,7,0,4,,6,0,,1,1
sidecar_wrpy_d2ma_support_b_r5_s18_m2_o2_diag,693,1341846671.132289,1,274,5584,331,68,12.309596,0.011273,0.181361,212,14,12,7,275,2,0,0,,7,3,,7,0
sidecar_wrpy_d2ma_support_b_r5_s18_m2_o2_diag,694,1341846671.168159,1,274,5525,301,51,12.354412,0.044816,0.191816,206,18,7,6,285,3,0,0,,8,1,,1,0
sidecar_wrpy_d2ma_support_b_r5_s18_m2_o2_diag,695,1341846671.200149,1,275,5557,294,58,12.374540,0.020127,0.148047,257,15,35,24,209,4,1,1,0,13,,1,,0
sidecar_wrpy_d2ma_support_b_r5_s18_m2_o2_diag,696,1341846671.232280,1,276,5567,307,69,12.426030,0.051490,0.167611,213,15,4,1,252,0,0,0,,8,0,,1,0
sidecar_wrpy_d2ma_support_b_r5_s18_m2_o2_diag,697,1341846671.268147,1,277,5554,302,77,12.462474,0.036444,0.189160,199,4,0,0,293,0,0,0,,15,7,,4,0
sidecar_wrpy_d2ma_support_b_r5_s18_m2_o2_diag,698,1341846671.300337,1,277,5490,324,77,12.638648,0.176174,0.175046,221,7,8,6,249,1,0,0,,23,23,,13,0
sidecar_wrpy_d2ma_support_b_r5_s18_m2_o2_diag,699,1341846671.336125,1,278,5522,360,115,12.683012,0.044364,0.180133,215,6,3,1,249,0,0,0,,60,46,,6,0
sidecar_wrpy_d2ma_support_b_r5_s18_m2_o2_diag,700,1341846671.368236,1,279,5579,421,149,12.689846,0.006834,0.185042,217,5,5,0,289,0,0,0,,44,36,,2,0
sidecar_wrpy_d2ma_support_b_r5_s18_m2_o2_diag,701,1341846671.400327,1,280,5608,370,117,12.706125,0.016279,0.151654,235,10,14,0,239,0,0,0,,8,,,,0
sidecar_wrpy_d2ma_support_b_r5_s18_m2_o2_diag,702,1341846671.436064,1,281,5535,403,162,12.725434,0.019309,0.160654,246,9,11,0,249,0,2,0,3,45,,2,,0
sidecar_wrpy_d2ma_support_b_r5_s18_m2_o2_diag,703,1341846671.468197,1,282,5559,420,179,12.730910,0.005476,0.171133,236,5,2,0,273,0,1,0,17,25,,1,,0
sidecar_wrpy_d2ma_support_b_r5_s18_m2_o2_diag,704,1341846671.504294,1,283,5740,366,106,12.748512,0.017602,0.000000,481,0,0,0,0,0,0,0,,7,7,,1,0
sidecar_wrpy_d2ma_support_b_r5_s18_m2_o2_diag,705,1341846671.536197,1,284,5738,432,178,12.767179,0.018667,0.148102,264,11,1,8,263,4,0,0,,22,,,,0
sidecar_wrpy_d2ma_support_b_r5_s18_m2_o2_diag,707,1341846671.604188,1,284,5764,373,126,12.791077,0.012847,0.000000,476,0,0,0,0,0,0,0,,23,,,,0
sidecar_wrpy_d2ma_support_b_r5_s18_m2_o2_diag,708,1341846671.636057,1,285,5802,370,121,12.804365,0.013288,0.000000,497,0,0,0,0,0,0,0,,10,,,,0
sidecar_wrpy_d2ma_support_b_r5_s18_m2_o2_diag,709,1341846671.672157,1,286,5901,400,165,12.830023,0.025657,0.000000,492,0,0,0,0,0,0,8,,119,,,,4
sidecar_wrpy_d2ma_support_b_r5_s18_m2_o2_diag,710,1341846671.704027,1,287,5971,447,219,12.844152,0.014129,0.074990,357,30,6,15,145,3,0,0,,36,26,,5,0
sidecar_wrpy_d2ma_support_b_r5_s18_m2_o2_diag,712,1341846671.774745,1,287,5829,399,172,12.863828,0.014961,0.086032,349,15,18,14,158,5,0,0,,66,33,,2,0
sidecar_wrpy_d2ma_support_b_r5_s18_m2_o2_diag,713,1341846671.804605,1,288,5841,415,184,12.868900,0.005072,0.110322,310,16,4,1,181,0,0,0,,37,9,,1,0
sidecar_wrpy_d2ma_support_b_r5_s18_m2_o2_diag,714,1341846671.840252,1,289,5887,445,209,12.896381,0.027481,0.119707,284,10,11,2,206,0,,,,,,,,
sidecar_wrpy_d2ma_support_b_r5_s18_m2_o2_diag,715,1341846671.872106,1,290,5874,428,205,12.902112,0.005731,0.128714,282,9,5,2,203,1,,,,,,,,
sidecar_wrpy_d2ma_support_b_r5_s18_m2_o2_diag,717,1341846671.972239,1,289,5787,384,165,12.932823,0.015733,0.139867,292,6,4,0,211,0,,,,,,,,
sidecar_wrpy_d2ma_support_b_r5_s18_m2_o2_diag,718,1341846671.998175,1,290,5811,384,166,12.963083,0.030260,0.147858,274,2,1,0,225,0,,,,,,,,
sidecar_wrpy_d2ma_support_b_r5_s18_m2_o2_diag,719,1341846672.034218,1,291,5881,397,164,12.987971,0.024888,0.087848,411,7,5,10,51,4,,,,,,,,
sidecar_wrpy_d2ma_support_b_r5_s18_m2_o2_diag,720,1341846672.066227,1,292,5911,425,209,12.990918,0.002947,0.099463,406,12,7,11,43,3,,,,,,,,
sidecar_wrpy_d2ma_support_b_r5_s18_m2_o2_diag,725,1341846672.234130,1,292,5879,401,188,13.033340,0.013362,0.075238,377,3,5,0,44,0,,,,,,,,
sidecar_wrpy_d2ma_support_b_r5_s18_m2_o2_diag,726,1341846672.266403,1,293,5906,394,213,13.043075,0.009735,0.078701,401,5,5,4,44,1,,,,,,,,
sidecar_wrpy_d2ma_support_b_r5_s18_m2_o2_diag,727,1341846672.302710,1,294,5963,435,238,13.049300,0.006225,0.079271,380,4,3,0,47,0,,,,,,,,
sidecar_wrpy_d2ma_support_b_r5_s18_m2_o2_diag,728,1341846672.335022,1,295,5976,450,251,13.053229,0.003929,0.070397,383,3,2,0,45,0,,,,,,,,
sidecar_wrpy_d2ma_support_b_r5_s18_m2_o2_diag,733,1341846672.502610,1,295,5892,404,202,13.097659,0.014755,0.065146,380,5,6,0,37,0,,,,,,,,
sidecar_wrpy_d2ma_support_b_r5_s18_m2_o2_diag,734,1341846672.534812,1,296,5931,430,220,13.103817,0.006158,0.000000,417,0,0,0,0,0,,,,,,,,
sidecar_wrpy_d2ma_support_b_r5_s18_m2_o2_diag,735,1341846672.570153,1,297,6003,442,245,13.106487,0.002670,0.000000,432,0,0,0,0,0,,,,,,,,
sidecar_wrpy_d2ma_support_b_r5_s18_m2_o2_diag,736,1341846672.608881,1,298,6013,457,240,13.110443,0.003956,0.056579,406,4,0,0,35,0,,,,,,,,
sidecar_wrpy_d2ma_support_b_r5_s18_m2_o2_diag,738,1341846672.708152,1,299,5948,405,195,13.137553,0.020107,0.062646,397,2,5,1,39,0,,,,,,,,
sidecar_wrpy_d2ma_support_b_r5_s18_m2_o2_diag,739,1341846672.738399,1,300,5965,437,221,13.144567,0.007014,0.070765,402,1,1,0,49,0,,,,,,,,
sidecar_wrpy_d2ma_support_b_r5_s18_m2_o2_diag,740,1341846672.770288,1,301,5999,442,230,13.147620,0.003053,0.060990,405,4,2,4,34,1,,,,,,,,
sidecar_wrpy_d2ma_support_b_r5_s18_m2_o2_diag,741,1341846672.803280,1,302,6002,434,227,13.150308,0.002688,0.072946,406,1,0,0,41,0,,,,,,,,
sidecar_wrpy_d2ma_support_b_r5_s18_m2_o2_diag,750,1341846673.106189,1,302,5976,400,193,13.194277,0.003210,0.000000,410,0,0,0,0,0,,,,,,,,
sidecar_wrpy_d2ma_support_b_r5_s18_m2_o2_diag,751,1341846673.138104,1,303,5992,444,250,13.200153,0.005876,0.000000,444,0,0,0,0,0,,,,,,,,
sidecar_wrpy_d2ma_support_b_r5_s18_m2_o2_diag,752,1341846673.170298,1,304,6034,493,281,13.204084,0.003931,0.054886,414,0,1,0,30,0,,,,,,,,
sidecar_wrpy_d2ma_support_b_r5_s18_m2_o2_diag,753,1341846673.206489,1,305,6047,465,246,13.208993,0.004909,0.059352,401,0,1,7,29,3,,,,,,,,
sidecar_wrpy_d2ma_support_b_r5_s18_m2_o2_diag,758,1341846673.374098,1,305,5915,447,220,13.237556,0.002528,0.139082,277,7,6,1,161,0,,,,,,,,
sidecar_wrpy_d2ma_support_b_r5_s18_m2_o2_diag,759,1341846673.406266,1,306,5874,412,213,13.247821,0.010265,0.152106,262,4,5,0,181,0,,,,,,,,
sidecar_wrpy_d2ma_support_b_r5_s18_m2_o2_diag,760,1341846673.438267,1,307,5881,413,191,13.258030,0.010209,0.163936,274,4,1,2,203,1,,,,,,,,
sidecar_wrpy_d2ma_support_b_r5_s18_m2_o2_diag,761,1341846673.474135,1,308,5917,419,196,13.262204,0.004174,0.076025,337,4,1,0,130,0,,,,,,,,
sidecar_wrpy_d2ma_support_b_r5_s18_m2_o2_diag,764,1341846673.574072,1,306,5836,427,217,13.282496,0.003121,0.146195,299,16,3,0,160,0,,,,,,,,
sidecar_wrpy_d2ma_support_b_r5_s18_m2_o2_diag,765,1341846673.606102,1,307,5845,413,200,13.290651,0.008155,0.162676,273,4,3,0,174,0,,,,,,,,
sidecar_wrpy_d2ma_support_b_r5_s18_m2_o2_diag,766,1341846673.648026,1,308,5851,388,165,13.311362,0.020711,0.180827,285,2,1,1,197,0,,,,,,,,
sidecar_wrpy_d2ma_support_b_r5_s18_m2_o2_diag,767,1341846673.673965,1,309,5864,396,184,13.322798,0.011436,0.172816,341,17,5,0,176,0,,,,,,,,
sidecar_wrpy_d2ma_support_b_r5_s18_m2_o2_diag,768,1341846673.710162,1,308,5790,411,188,13.345494,0.022696,0.195876,302,4,1,0,200,0,,,,,,,,
sidecar_wrpy_d2ma_support_b_r5_s18_m2_o2_diag,769,1341846673.742225,1,309,5805,395,186,13.361676,0.016182,0.216559,306,3,0,2,206,1,,,,,,,,
sidecar_wrpy_d2ma_support_b_r5_s18_m2_o2_diag,770,1341846673.774298,1,310,5820,439,210,13.368707,0.007030,0.207813,315,9,8,1,193,0,,,,,,,,
sidecar_wrpy_d2ma_support_b_r5_s18_m2_o2_diag,771,1341846673.810154,1,311,5827,434,203,13.375888,0.007181,0.231182,315,1,2,7,214,1,,,,,,,,
sidecar_wrpy_d2ma_support_b_r5_s18_m2_o2_diag,772,1341846673.842305,1,309,5749,418,204,13.384916,0.009029,0.252165,323,2,1,9,233,3,,,,,,,,
sidecar_wrpy_d2ma_support_b_r5_s18_m2_o2_diag,773,1341846673.874285,1,310,5788,430,190,13.398372,0.013456,0.205225,359,9,19,3,217,0,,,,,,,,
sidecar_wrpy_d2ma_support_b_r5_s18_m2_o2_diag,774,1341846673.910253,1,311,5805,449,204,13.406336,0.007964,0.227298,323,17,7,4,256,1,,,,,,,,
sidecar_wrpy_d2ma_support_b_r5_s18_m2_o2_diag,775,1341846673.942284,1,312,5812,473,218,13.414308,0.007973,0.254186,305,11,4,1,299,0,,,,,,,,
sidecar_wrpy_d2ma_support_b_r5_s18_m2_o2_diag,776,1341846673.978434,1,312,5732,431,226,13.433642,0.019334,0.229596,306,13,20,0,277,0,,,,,,,,
sidecar_wrpy_d2ma_support_b_r5_s18_m2_o2_diag,777,1341846674.016486,1,313,5740,450,232,13.439628,0.005986,0.243330,302,7,6,0,306,0,,,,,,,,
sidecar_wrpy_d2ma_support_b_r5_s18_m2_o2_diag,778,1341846674.052060,1,314,5758,461,238,13.445745,0.006117,0.256432,306,8,12,1,303,0,,,,,,,,
sidecar_wrpy_d2ma_support_b_r5_s18_m2_o2_diag,779,1341846674.084057,1,315,5771,454,226,13.452774,0.007028,0.226751,297,8,6,0,290,0,,,,,,,,
sidecar_wrpy_d2ma_support_b_r5_s18_m2_o2_diag,781,1341846674.178154,1,315,5698,394,199,13.487954,0.018585,0.273151,290,3,7,1,335,0,,,,,,,,
sidecar_wrpy_d2ma_support_b_r5_s18_m2_o2_diag,782,1341846674.210322,1,316,5725,411,201,13.505496,0.017541,0.239440,326,17,14,4,298,1,,,,,,,,
sidecar_wrpy_d2ma_support_b_r5_s18_m2_o2_diag,783,1341846674.246217,1,317,5743,419,222,13.527433,0.021938,0.265173,343,6,17,3,310,1,,,,,,,,
sidecar_wrpy_d2ma_support_b_r5_s18_m2_o2_diag,784,1341846674.278035,1,318,5764,441,238,13.537661,0.010228,0.281357,339,15,16,1,331,0,,,,,,,,
sidecar_wrpy_d2ma_support_b_r5_s18_m2_o2_diag,785,1341846674.310117,1,316,5687,417,223,13.554469,0.016808,0.248594,346,7,17,18,309,6,,,,,,,,
sidecar_wrpy_d2ma_support_b_r5_s18_m2_o2_diag,786,1341846674.346212,1,317,5696,450,231,13.564772,0.010303,0.267038,331,10,14,2,347,1,,,,,,,,
sidecar_wrpy_d2ma_support_b_r5_s18_m2_o2_diag,787,1341846674.378058,1,318,5713,411,218,13.582218,0.017446,0.281712,344,17,22,3,365,1,,,,,,,,
sidecar_wrpy_d2ma_support_b_r5_s18_m2_o2_diag,788,1341846674.410162,1,319,5732,432,216,13.601448,0.019230,0.250485,341,11,19,2,326,0,,,,,,,,
sidecar_wrpy_d2ma_support_b_r5_s18_m2_o2_diag,789,1341846674.446125,1,316,5677,430,219,13.607963,0.006516,0.271263,306,10,11,9,373,1,,,,,,,,
sidecar_wrpy_d2ma_support_b_r5_s18_m2_o2_diag,790,1341846674.478198,1,317,5687,415,207,13.622516,0.014553,0.292051,303,18,20,17,378,3,,,,,,,,
sidecar_wrpy_d2ma_support_b_r5_s18_m2_o2_diag,791,1341846674.514124,1,318,5700,419,212,13.631937,0.009421,0.261927,289,9,14,9,349,3,,,,,,,,
sidecar_wrpy_d2ma_support_b_r5_s18_m2_o2_diag,792,1341846674.546062,1,319,5694,418,204,13.636913,0.004975,0.282520,291,12,19,5,379,2,,,,,,,,
sidecar_wrpy_d2ma_support_b_r5_s18_m2_o2_diag,793,1341846674.578094,1,316,5628,387,199,13.644697,0.007784,0.301058,266,12,25,0,414,0,,,,,,,,
sidecar_wrpy_d2ma_support_b_r5_s18_m2_o2_diag,794,1341846674.614179,1,317,5646,403,186,13.653885,0.009188,0.289040,281,9,8,7,366,1,,,,,,,,
sidecar_wrpy_d2ma_support_b_r5_s18_m2_o2_diag,795,1341846674.646259,1,318,5659,389,193,13.665562,0.011677,0.308109,257,3,1,0,419,0,,,,,,,,
sidecar_wrpy_d2ma_support_b_r5_s18_m2_o2_diag,796,1341846674.682209,1,319,5666,412,202,13.673435,0.007873,0.320052,279,5,1,1,437,0,,,,,,,,
sidecar_wrpy_d2ma_support_b_r5_s18_m2_o2_diag,797,1341846674.714186,1,320,5603,406,204,13.688550,0.015115,0.265234,321,9,16,1,352,0,,,,,,,,
sidecar_wrpy_d2ma_support_b_r5_s18_m2_o2_diag,798,1341846674.752271,1,321,5612,402,194,13.695247,0.006697,0.280182,297,8,18,6,368,0,,,,,,,,
sidecar_wrpy_d2ma_support_b_r5_s18_m2_o2_diag,799,1341846674.782151,1,322,5630,393,199,13.703895,0.008648,0.297122,271,8,9,5,384,1,,,,,,,,
sidecar_wrpy_d2ma_support_b_r5_s18_m2_o2_diag,800,1341846674.814222,1,323,5635,412,203,13.713594,0.009699,0.285133,284,8,12,5,385,2,0,0,,19,,,,0
sidecar_wrpy_d2ma_support_b_r5_s18_m2_o2_diag,801,1341846674.846370,1,323,5565,399,190,13.722712,0.009118,0.297819,273,10,3,3,394,1,,,,,,,,
sidecar_wrpy_d2ma_support_b_r5_s18_m2_o2_diag,802,1341846674.882158,1,324,5572,410,201,13.727283,0.004571,0.311195,241,8,0,0,402,0,,,,,,,,
sidecar_wrpy_d2ma_support_b_r5_s18_m2_o2_diag,803,1341846674.914224,1,325,5586,412,199,13.737902,0.010620,0.294072,250,8,3,13,353,4,,,,,,,,
sidecar_wrpy_d2ma_support_b_r5_s18_m2_o2_diag,804,1341846674.950305,1,326,5595,397,204,13.744177,0.006275,0.312865,240,8,1,1,400,0,,,,,,,,
sidecar_wrpy_d2ma_support_b_r5_s18_m2_o2_diag,805,1341846674.982342,1,324,5535,402,167,13.768392,0.024214,0.330710,232,1,2,9,409,1,,,,,,,,
sidecar_wrpy_d2ma_support_b_r5_s18_m2_o2_diag,806,1341846675.014137,1,325,5560,329,115,13.790215,0.021823,0.316732,262,4,4,1,368,0,,,,,,,,
sidecar_wrpy_d2ma_support_b_r5_s18_m2_o2_diag,807,1341846675.050230,1,326,5575,363,141,13.799959,0.009745,0.346344,260,4,2,0,447,0,,,,,,,,
sidecar_wrpy_d2ma_support_b_r5_s18_m2_o2_diag,808,1341846675.088201,1,327,5583,375,152,13.810182,0.010223,0.371491,260,0,3,0,426,0,,,,,,,,
sidecar_wrpy_d2ma_support_b_r5_s18_m2_o2_diag,809,1341846675.114495,1,326,5585,333,81,13.841447,0.031264,0.314076,324,6,8,14,400,3,0,0,,84,,,,0
sidecar_wrpy_d2ma_support_b_r5_s18_m2_o2_diag,810,1341846675.150188,1,327,5637,374,80,13.848468,0.007021,0.330615,309,15,21,13,477,3,0,0,,22,9,,2,0
sidecar_wrpy_d2ma_support_b_r5_s18_m2_o2_diag,811,1341846675.182290,1,328,5681,413,110,13.869903,0.021435,0.353581,312,20,14,4,509,1,0,0,,17,,,,0
sidecar_wrpy_d2ma_support_b_r5_s18_m2_o2_diag,812,1341846675.218759,1,329,5948,410,123,13.880666,0.010763,0.118473,706,26,34,72,116,17,0,0,,45,11,,1,0
sidecar_wrpy_d2ma_support_b_r5_s18_m2_o2_diag,815,1341846675.318078,1,329,6073,425,108,13.998925,0.040871,0.133903,730,21,41,42,134,8,2,3,17,58,17,2,2,1
sidecar_wrpy_d2ma_support_b_r5_s18_m2_o2_diag,816,1341846675.350149,1,330,6250,509,170,14.031425,0.032499,0.155091,677,26,15,10,215,3,1,0,0,40,9,1,4,0
sidecar_wrpy_d2ma_support_b_r5_s18_m2_o2_diag,817,1341846675.382271,1,331,6281,486,145,14.080738,0.049313,0.181748,658,22,14,22,260,7,2,3,20,43,30,2,7,1
sidecar_wrpy_d2ma_support_b_r5_s18_m2_o2_diag,818,1341846675.418247,1,332,6218,505,141,14.121351,0.040613,0.376338,418,35,55,17,471,6,2,3,3,19,6,2,13,1
sidecar_wrpy_d2ma_support_b_r5_s18_m2_o2_diag,819,1341846675.450238,1,332,5987,493,112,14.150185,0.028833,0.401615,324,14,12,7,585,2,4,4,11,20,6,4,4,0
sidecar_wrpy_d2ma_support_b_r5_s18_m2_o2_diag,820,1341846675.486165,1,333,5934,483,91,14.172218,0.022033,0.427699,304,17,7,1,616,0,1,0,6,12,10,1,19,0
sidecar_wrpy_d2ma_support_b_r5_s18_m2_o2_diag,821,1341846675.518083,1,334,6183,523,98,14.198442,0.026224,0.077360,793,16,25,20,102,4,1,0,1,11,8,1,12,0
sidecar_wrpy_d2ma_support_b_r5_s18_m2_o2_diag,822,1341846675.550092,1,335,6401,567,155,14.219310,0.020867,0.088516,783,5,23,7,103,0,0,0,,10,5,,10,0
sidecar_wrpy_d2ma_support_b_r5_s18_m2_o2_diag,825,1341846675.650024,1,334,6401,532,113,14.300332,0.025724,0.117852,706,56,37,101,132,19,1,8,3,32,21,1,9,1
sidecar_wrpy_d2ma_support_b_r5_s18_m2_o2_diag,826,1341846675.686118,1,335,6395,569,175,14.318778,0.018445,0.143311,670,36,45,44,148,8,6,6,16,26,18,6,24,0
sidecar_wrpy_d2ma_support_b_r5_s18_m2_o2_diag,827,1341846675.718055,1,336,6416,561,157,14.338323,0.019546,0.170895,661,40,34,50,134,9,1,1,2,17,6,1,4,0
sidecar_wrpy_d2ma_support_b_r5_s18_m2_o2_diag,828,1341846675.754170,1,337,6428,603,191,14.363226,0.024903,0.192972,655,38,22,42,186,13,1,0,0,18,1,1,3,0
sidecar_wrpy_d2ma_support_b_r5_s18_m2_o2_diag,830,1341846675.818106,1,338,6359,530,142,14.407340,0.022630,0.053271,698,28,21,33,35,9,0,0,,39,37,,5,0
sidecar_wrpy_d2ma_support_b_r5_s18_m2_o2_diag,831,1341846675.854095,1,339,6465,628,216,14.437215,0.029875,0.065804,702,24,7,16,75,5,1,0,11,40,19,1,3,0
sidecar_wrpy_d2ma_support_b_r5_s18_m2_o2_diag,832,1341846675.886163,1,340,6596,580,171,14.463404,0.026188,0.077796,651,13,3,10,96,4,0,0,,34,17,,3,0
sidecar_wrpy_d2ma_support_b_r5_s18_m2_o2_diag,833,1341846675.922346,1,341,6533,597,186,14.491202,0.027798,0.214079,434,28,11,16,305,2,2,1,18,44,38,2,8,0
sidecar_wrpy_d2ma_support_b_r5_s18_m2_o2_diag,835,1341846676.028080,1,341,6402,451,90,14.543066,0.020285,0.158783,479,18,8,26,209,4,0,0,,73,12,,2,0
sidecar_wrpy_d2ma_support_b_r5_s18_m2_o2_diag,836,1341846676.054246,1,342,6404,520,107,14.557185,0.014118,0.198477,487,24,7,32,221,9,11,0,29,47,38,11,10,0
sidecar_wrpy_d2ma_support_b_r5_s18_m2_o2_diag,837,1341846676.086207,1,343,6423,492,107,14.581469,0.024285,0.188376,368,11,15,8,222,3,0,0,,34,10,,5,0
sidecar_wrpy_d2ma_support_b_r5_s18_m2_o2_diag,838,1341846676.122163,1,344,6412,506,102,14.615002,0.033533,0.201865,366,16,7,13,229,4,0,0,,24,16,,6,0
sidecar_wrpy_d2ma_support_b_r5_s18_m2_o2_diag,839,1341846676.154447,1,344,6307,457,100,14.644573,0.029571,0.131644,421,15,23,21,142,4,1,0,6,32,19,1,4,0
sidecar_wrpy_d2ma_support_b_r5_s18_m2_o2_diag,840,1341846676.190230,1,345,6353,472,128,14.695851,0.051277,0.128923,388,13,11,18,168,5,1,0,6,77,,1,,0
sidecar_wrpy_d2ma_support_b_r5_s18_m2_o2_diag,841,1341846676.222476,1,346,6460,476,116,14.707248,0.011397,0.142135,379,19,13,3,212,1,2,1,33,60,36,2,2,0
sidecar_wrpy_d2ma_support_b_r5_s18_m2_o2_diag,842,1341846676.257017,1,347,6536,507,133,14.715715,0.008467,0.224788,375,16,21,24,224,7,0,0,,36,34,,7,0
sidecar_wrpy_d2ma_support_b_r5_s18_m2_o2_diag,843,1341846676.290401,1,347,6436,486,139,14.758623,0.042908,0.216562,399,22,19,37,198,8,0,0,,55,37,,6,0
sidecar_wrpy_d2ma_support_b_r5_s18_m2_o2_diag,844,1341846676.322689,1,348,6499,458,110,14.820266,0.061644,0.208529,395,15,15,19,196,4,6,0,49,79,65,6,10,0
sidecar_wrpy_d2ma_support_b_r5_s18_m2_o2_diag,845,1341846676.360815,1,349,6609,485,71,14.887759,0.067492,0.222744,408,18,16,46,234,12,0,0,,9,2,,4,0
sidecar_wrpy_d2ma_support_b_r5_s18_m2_o2_diag,846,1341846676.390851,1,350,6623,558,89,14.922240,0.034481,0.187350,477,19,21,17,165,5,0,0,,56,11,,1,0
sidecar_wrpy_d2ma_support_b_r5_s18_m2_o2_diag,847,1341846676.424250,1,350,6507,529,128,14.956819,0.034579,0.146927,482,6,17,3,166,1,0,0,,30,,,,0
sidecar_wrpy_d2ma_support_b_r5_s18_m2_o2_diag,848,1341846676.459033,1,351,6554,508,150,14.976410,0.019591,0.234199,418,11,12,13,187,3,1,0,5,41,20,1,2,0
sidecar_wrpy_d2ma_support_b_r5_s18_m2_o2_diag,849,1341846676.490669,1,352,6559,605,174,14.981101,0.004692,0.204840,423,9,8,12,173,2,0,0,,22,10,,2,0
sidecar_wrpy_d2ma_support_b_r5_s18_m2_o2_diag,850,1341846676.532743,1,353,6536,564,159,14.995961,0.014859,0.172643,446,0,9,1,135,0,0,2,,26,,,,1
sidecar_wrpy_d2ma_support_b_r5_s18_m2_o2_diag,851,1341846676.564052,1,352,6402,584,176,15.032889,0.036928,0.173659,453,0,3,0,161,0,2,0,26,45,12,2,1,0
sidecar_wrpy_d2ma_support_b_r5_s18_m2_o2_diag,852,1341846676.596566,1,353,6429,606,210,15.040394,0.007505,0.167480,469,0,0,4,158,2,1,0,9,37,20,1,2,0
sidecar_wrpy_d2ma_support_b_r5_s18_m2_o2_diag,853,1341846676.632057,1,354,6467,590,222,15.061457,0.021064,0.160114,467,0,0,0,144,0,1,0,7,33,23,1,4,0
sidecar_wrpy_d2ma_support_b_r5_s18_m2_o2_diag,854,1341846676.664083,1,355,6567,623,236,15.063030,0.001573,0.000000,590,0,0,0,0,0,1,0,8,34,,1,,0
sidecar_wrpy_d2ma_support_b_r5_s18_m2_o2_diag,859,1341846676.826179,1,354,6474,596,162,15.143060,0.009045,0.042399,517,0,5,3,14,0,1,5,31,99,54,1,2,2
sidecar_wrpy_d2ma_support_b_r5_s18_m2_o2_diag,860,1341846676.858331,1,355,6458,626,218,15.155958,0.012899,0.020690,544,0,1,0,4,0,0,0,,86,20,,1,0
sidecar_wrpy_d2ma_support_b_r5_s18_m2_o2_diag,861,1341846676.894086,1,356,6501,635,240,15.161662,0.005704,0.016162,514,0,0,4,5,2,0,0,,58,,,,0
sidecar_wrpy_d2ma_support_b_r5_s18_m2_o2_diag,862,1341846676.926062,1,357,6498,646,250,15.177862,0.016199,0.011937,508,0,2,0,2,0,0,0,,70,10,,1,0
sidecar_wrpy_d2ma_support_b_r5_s18_m2_o2_diag,871,1341846677.226206,1,357,6391,601,214,15.318268,0.025768,0.000000,502,0,0,0,0,0,0,0,,123,44,,2,0
sidecar_wrpy_d2ma_support_b_r5_s18_m2_o2_diag,872,1341846677.262033,1,358,6457,624,265,15.329645,0.011377,0.000000,531,0,0,0,0,0,0,0,,115,11,,1,0
sidecar_wrpy_d2ma_support_b_r5_s18_m2_o2_diag,873,1341846677.294125,1,359,6531,674,303,15.354037,0.024392,0.000000,531,0,0,0,0,0,0,0,,49,,,,0
sidecar_wrpy_d2ma_support_b_r5_s18_m2_o2_diag,874,1341846677.326503,1,360,6540,665,305,15.377399,0.023362,0.000000,502,0,0,0,0,0,0,0,,78,,,,0
sidecar_wrpy_d2ma_support_b_r5_s18_m2_o2_diag,879,1341846677.494535,1,361,6416,600,258,15.425361,0.008312,0.000000,492,0,0,0,0,0,0,0,,161,,,,0
sidecar_wrpy_d2ma_support_b_r5_s18_m2_o2_diag,880,1341846677.530161,1,362,6459,641,304,15.437916,0.012555,0.000000,488,0,0,0,0,0,0,0,,120,,,,0
sidecar_wrpy_d2ma_support_b_r5_s18_m2_o2_diag,881,1341846677.562051,1,363,6514,654,324,15.444450,0.006534,0.000000,479,0,0,0,0,0,0,0,,101,,,,0
sidecar_wrpy_d2ma_support_b_r5_s18_m2_o2_diag,882,1341846677.594105,1,364,6531,641,329,15.451215,0.006764,0.000000,486,0,0,0,0,0,0,0,,57,,,,0
sidecar_wrpy_d2ma_support_b_r5_s18_m2_o2_diag,890,1341846677.862185,1,364,6417,569,268,15.525694,0.011134,0.015508,455,0,0,0,4,0,0,0,,94,,,,0
sidecar_wrpy_d2ma_support_b_r5_s18_m2_o2_diag,891,1341846677.898344,1,365,6441,604,310,15.535454,0.009759,0.020723,500,0,0,0,5,0,0,0,,50,,,,0
sidecar_wrpy_d2ma_support_b_r5_s18_m2_o2_diag,892,1341846677.930181,1,366,6476,620,314,15.546040,0.010586,0.024720,441,0,0,0,10,0,0,0,,33,,,,0
sidecar_wrpy_d2ma_support_b_r5_s18_m2_o2_diag,893,1341846677.966256,1,367,6489,594,297,15.561171,0.015132,0.013584,438,4,0,0,8,0,,,,,,,,
sidecar_wrpy_d2ma_support_b_r5_s18_m2_o2_diag,906,1341846678.402292,1,364,6354,525,252,15.686032,0.005571,0.056016,376,3,1,0,32,0,0,0,,65,,,,0
sidecar_wrpy_d2ma_support_b_r5_s18_m2_o2_diag,907,1341846678.439991,1,365,6335,524,262,15.695749,0.009717,0.063561,354,1,0,0,39,0,0,0,,78,,,,0
sidecar_wrpy_d2ma_support_b_r5_s18_m2_o2_diag,908,1341846678.466861,1,366,6356,539,282,15.697525,0.001777,0.058955,366,3,0,0,33,0,0,0,,26,,,,0
