case,frame_id,timestamp,is_keyframe_created,num_keyframes,num_mappoints,local_map_matches_before_pose,inlier_map_matches_after_pose,estimated_accum_path_m,estimated_frame_step_m,mask_ratio,ckf_accepted_depth_candidates,ckf_boundary_existing_supported_candidates,ckf_boundary_skipped_new_candidates,ckf_direct_vetoed_candidates,lm_delayed_rejected_boundary_pairs,lm_delayed_support_sum,lm_kept_pairs_after_boundary,lm_kept_pairs_after_delayed_boundary,lm_kept_static_pairs_after_instance,lm_promoted_geom_created,lm_promoted_geom_depth,lm_promoted_geom_enter,lm_promoted_geom_parallax,lm_promoted_geom_reproj1,lm_promoted_geom_reproj2,lm_promoted_geom_scale,lm_promoted_geom_triangulated,lm_quality_depth_support_sum,lm_quality_found_support_sum,lm_quality_frame_support_sum,lm_quality_raw_depth_support_sum,lm_quality_raw_support_sum,lm_quality_rejected_boundary_pairs,lm_quality_reliable_support_sum,lm_quality_residual_support_sum,lm_skipped_boundary_pairs,lm_skipped_instance_pairs,lm_support_promoted_boundary_pairs
wrpy_supportq_lm_geom,3,1341846647.866652,1,1,768,318,226,0.019230,0.008109,0.360042,266,9,11,468,,,,,,,,,,,,,,,,,,,,,,,,
wrpy_supportq_lm_geom,4,1341846647.901972,1,2,810,344,244,0.022520,0.003290,0.378242,235,16,4,501,,,,,,,,,,,,,,,,,,,,,,,,
wrpy_supportq_lm_geom,5,1341846647.934224,1,3,830,292,216,0.027074,0.004554,0.000000,647,0,0,0,,,,,,,,,,,,,,,,,,,,,,,,
wrpy_supportq_lm_geom,7,1341846648.002341,1,4,751,386,279,0.044794,0.004998,0.351081,226,10,14,467,,,,,,,,,,,,,,,,,,,,,,,,
wrpy_supportq_lm_geom,8,1341846648.034343,1,5,1053,367,245,0.046784,0.001990,0.000000,667,0,0,0,,,,,,,,,,,,,,,,,,,,,,,,
wrpy_supportq_lm_geom,11,1341846648.138185,1,6,1220,407,259,0.057329,0.006354,0.033522,675,24,26,44,,,,,,,,,,,,,,,,,,,,,,,,
wrpy_supportq_lm_geom,13,1341846648.202106,1,7,1400,396,256,0.064365,0.001692,0.054007,662,19,19,78,,,,,,,,,,,,,,,,,,,,,,,,
wrpy_supportq_lm_geom,16,1341846648.302183,1,8,1372,348,192,0.096809,0.011263,0.056423,717,14,45,76,,,,,,,,,,,,,,,,,,,,,,,,
wrpy_supportq_lm_geom,18,1341846648.370216,1,9,1478,374,184,0.111237,0.010006,0.163434,625,33,36,212,,,,,,,,,,,,,,,,,,,,,,,,
wrpy_supportq_lm_geom,19,1341846648.406052,1,10,1498,447,260,0.117920,0.006683,0.183587,595,29,31,247,,,,,,,,,,,,,,,,,,,,,,,,
wrpy_supportq_lm_geom,20,1341846648.438342,1,11,1560,468,276,0.123172,0.005253,0.137721,686,31,41,141,,,,,,,,,,,,,,,,,,,,,,,,
wrpy_supportq_lm_geom,22,1341846648.506263,1,12,1471,417,242,0.135935,0.004113,0.175218,618,31,36,212,,,,,,,,,,,,,,,,,,,,,,,,
wrpy_supportq_lm_geom,23,1341846648.538249,1,13,1570,460,292,0.138500,0.002566,0.136016,669,26,34,169,,,,,,,,,,,,,,,,,,,,,,,,
wrpy_supportq_lm_geom,24,1341846648.570179,1,14,1675,438,261,0.140785,0.002284,0.151468,659,27,42,185,,,,,,,,,,,,,,,,,,,,,,,,
wrpy_supportq_lm_geom,25,1341846648.606081,1,15,1739,449,241,0.146715,0.005930,0.170153,636,36,26,205,,,,,,,,,,,,,,,,,,,,,,,,
wrpy_supportq_lm_geom,30,1341846648.774049,1,16,1696,446,212,0.201762,0.011915,0.154779,654,18,25,210,,,,,,,,,,,,,,,,,,,,,,,,
wrpy_supportq_lm_geom,31,1341846648.805941,1,17,1632,464,284,0.211325,0.009563,0.177773,640,28,32,242,,,,,,,,,,,,,,,,,,,,,,,,
wrpy_supportq_lm_geom,32,1341846648.838602,1,18,1751,477,305,0.217976,0.006650,0.133958,660,11,49,179,,,,,,,,,,,,,,,,,,,,,,,,
wrpy_supportq_lm_geom,33,1341846648.874088,1,19,1772,486,293,0.230623,0.012647,0.151787,677,24,35,199,,,,,,,,,,,,,,,,,,,,,,,,
wrpy_supportq_lm_geom,34,1341846648.906165,1,20,1675,421,253,0.246724,0.016101,0.175212,670,45,49,215,,,,,,,,,,,,,,,,,,,,,,,,
wrpy_supportq_lm_geom,35,1341846648.942154,1,21,1823,348,137,0.254506,0.007782,0.189352,531,4,12,394,,,,,,,,,,,,,,,,,,,,,,,,
wrpy_supportq_lm_geom,36,1341846648.974090,1,22,1891,395,183,0.277117,0.022610,0.194808,525,10,7,409,0,0,,37,27,,,,,,,,,0,0,0,0,0,0,0,0,,7,0
wrpy_supportq_lm_geom,37,1341846649.006157,1,23,1871,450,238,0.299890,0.022773,0.200960,547,10,9,372,1,0,15,32,17,,,,,,,,,0,0,0,0,0,1,0,0,1,6,0
wrpy_supportq_lm_geom,38,1341846649.042101,1,24,1611,419,193,0.324202,0.024312,0.299453,383,29,21,518,2,3,3,19,19,1,1,1,1,1,1,1,1,2,3,3,3,3,2,2,2,2,43,1
wrpy_supportq_lm_geom,39,1341846649.074128,1,25,1613,402,185,0.337830,0.013628,0.319870,405,36,25,529,8,22,46,46,35,,,,,,,,,0,16,19,16,22,8,3,3,8,13,0
wrpy_supportq_lm_geom,40,1341846649.106188,1,26,1630,393,185,0.353248,0.015418,0.345771,389,15,17,546,7,13,23,26,26,,,,,,,,,0,13,4,7,13,7,2,2,7,31,0
wrpy_supportq_lm_geom,41,1341846649.142042,1,27,1641,394,195,0.365122,0.011874,0.307432,352,9,13,537,2,0,21,40,40,,,,,,,,,0,0,0,0,0,2,0,0,2,47,0
wrpy_supportq_lm_geom,48,1341846649.383973,1,28,1517,333,151,0.469473,0.015711,0.345423,406,18,9,544,5,13,23,61,61,,,,,,,,,0,11,13,0,13,5,7,7,5,49,0
wrpy_supportq_lm_geom,49,1341846649.416053,1,29,1574,366,186,0.498149,0.028676,0.366794,414,10,13,547,6,3,22,22,22,,,,,,,,,0,3,3,0,3,6,2,2,6,43,0
wrpy_supportq_lm_geom,50,1341846649.448084,1,30,1633,374,195,0.511615,0.013465,0.324704,417,13,6,511,9,31,32,32,32,,,,,,,,,1,30,23,1,31,9,8,8,9,57,0
wrpy_supportq_lm_geom,51,1341846649.484154,1,31,1654,408,243,0.526993,0.015378,0.348145,429,14,10,522,12,22,35,35,35,,,,,,,,,1,14,22,1,22,12,12,12,12,69,0
wrpy_supportq_lm_geom,57,1341846649.710937,1,32,1581,352,174,0.601348,0.012626,0.335755,476,12,22,488,13,76,38,38,38,,,,,,,,,2,64,26,2,76,13,14,14,13,33,0
wrpy_supportq_lm_geom,58,1341846649.746112,1,33,1603,393,219,0.623261,0.021913,0.348984,461,9,7,514,0,0,,28,28,,,,,,,,,0,0,0,0,0,0,0,0,,41,0
wrpy_supportq_lm_geom,59,1341846649.778019,1,34,1715,400,223,0.635846,0.012585,0.213070,605,26,53,332,3,3,10,14,14,,,,,,,,,0,3,3,1,3,3,0,0,3,20,0
wrpy_supportq_lm_geom,60,1341846649.810257,1,35,1814,394,180,0.649557,0.013712,0.192793,646,21,34,312,4,23,8,12,12,1,1,1,1,1,1,1,1,6,19,16,20,23,4,8,8,4,38,1
wrpy_supportq_lm_geom,67,1341846650.046184,1,36,1706,371,184,0.772978,0.013825,0.295524,560,9,7,409,12,7,42,88,88,,,,,,,,,0,5,7,4,7,12,1,1,12,149,0
wrpy_supportq_lm_geom,68,1341846650.078250,1,37,1655,415,251,0.792925,0.019947,0.262360,575,4,19,346,10,40,21,52,52,,,,,,,,,0,35,25,10,40,10,12,12,10,147,0
wrpy_supportq_lm_geom,69,1341846650.114215,1,38,1704,444,265,0.806459,0.013534,0.284072,525,11,5,439,0,0,,29,29,,,,,,,,,0,0,0,0,0,0,0,0,,104,0
wrpy_supportq_lm_geom,70,1341846650.146137,1,39,1730,450,261,0.824038,0.017579,0.304954,489,13,2,466,1,1,0,19,19,,,,,,,,,0,0,1,1,1,1,0,1,1,83,0
wrpy_supportq_lm_geom,74,1341846650.282167,1,39,1640,381,202,0.868519,0.021387,0.264961,605,16,29,328,5,20,15,44,44,0,2,2,2,0,0,0,2,9,20,14,19,20,5,10,10,5,70,2
wrpy_supportq_lm_geom,75,1341846650.314158,1,40,1690,425,259,0.884099,0.015581,0.284919,533,10,16,433,0,0,,18,18,,,,,,,,,0,0,0,0,0,0,0,0,,35,0
wrpy_supportq_lm_geom,76,1341846650.350453,1,41,1733,459,288,0.895482,0.011383,0.307959,476,13,3,470,0,0,,10,10,,,,,,,,,0,0,0,0,0,0,0,0,,35,0
wrpy_supportq_lm_geom,77,1341846650.382075,1,42,1720,447,272,0.916300,0.020818,0.301292,478,7,16,441,0,0,,7,7,,,,,,,,,0,0,0,0,0,0,0,0,,31,0
wrpy_supportq_lm_geom,81,1341846650.514091,1,39,1594,349,170,0.993131,0.023523,0.322861,432,16,13,513,1,7,8,40,40,,,,,,,,,0,6,3,7,7,1,0,1,1,33,0
wrpy_supportq_lm_geom,82,1341846650.550746,1,40,1636,390,193,1.004319,0.011187,0.351794,418,27,8,547,0,0,,9,9,,,,,,,,,0,0,0,0,0,0,0,0,,10,0
wrpy_supportq_lm_geom,83,1341846650.582069,1,41,1949,384,236,1.019100,0.014781,0.100247,775,11,14,137,1,0,18,18,18,,,,,,,,,0,0,0,0,0,1,0,0,1,14,0
wrpy_supportq_lm_geom,88,1341846650.750112,1,42,2171,469,252,1.069638,0.010954,0.128796,688,5,3,175,0,0,,12,12,,,,,,,,,0,0,0,0,0,0,0,0,,8,0
wrpy_supportq_lm_geom,92,1341846650.886238,1,42,2203,453,223,1.129867,0.010672,0.097129,719,10,8,131,0,0,,50,50,,,,,,,,,0,0,0,0,0,0,0,0,,65,0
wrpy_supportq_lm_geom,93,1341846650.918288,1,43,2282,523,292,1.148364,0.018498,0.138158,710,19,16,194,2,22,30,58,58,,,,,,,,,0,18,16,22,22,2,0,0,2,88,0
wrpy_supportq_lm_geom,94,1341846650.950233,1,44,2407,604,361,1.162261,0.013897,0.158132,682,16,21,212,0,0,,38,38,,,,,,,,,0,0,0,0,0,0,0,0,,60,0
wrpy_supportq_lm_geom,95,1341846650.986247,1,45,2450,547,298,1.177116,0.014855,0.141185,718,35,27,156,4,5,6,37,37,,,,,,,,,0,4,2,4,5,4,0,0,4,72,0
wrpy_supportq_lm_geom,97,1341846651.050482,1,45,2354,560,313,1.211288,0.021371,0.162207,696,20,17,217,0,0,,34,34,,,,,,,,,0,0,0,0,0,0,0,0,,27,0
wrpy_supportq_lm_geom,98,1341846651.086169,1,46,2426,576,331,1.226742,0.015454,0.132959,690,30,22,163,4,14,25,48,48,,,,,,,,,0,13,11,7,14,4,1,1,4,62,0
wrpy_supportq_lm_geom,99,1341846651.118423,1,47,2497,603,310,1.241883,0.015141,0.149980,660,18,14,195,1,4,3,35,35,,,,,,,,,0,3,3,4,4,1,0,0,1,38,0
wrpy_supportq_lm_geom,100,1341846651.154189,1,48,2510,636,372,1.257869,0.015986,0.169616,718,36,19,209,4,1,10,31,31,,,,,,,,,1,1,1,1,1,4,1,1,4,48,0
wrpy_supportq_lm_geom,103,1341846651.254031,1,46,2350,545,286,1.286851,0.009726,0.144232,710,13,8,161,2,0,20,84,84,,,,,,,,,0,0,0,0,0,2,0,0,2,21,0
wrpy_supportq_lm_geom,104,1341846651.286406,1,47,2407,626,381,1.298724,0.011873,0.146969,708,27,9,165,1,0,1,45,31,,,,,,,,,0,0,0,0,0,1,0,0,1,10,0
wrpy_supportq_lm_geom,105,1341846651.318309,1,48,2464,626,405,1.311207,0.012483,0.159922,692,18,11,199,1,3,9,43,43,,,,,,,,,0,3,2,3,3,1,0,0,1,19,0
wrpy_supportq_lm_geom,106,1341846651.354135,1,49,2516,612,363,1.322624,0.011417,0.181484,677,43,18,215,1,1,8,58,46,,,,,,,,,1,1,1,1,1,1,1,1,1,18,0
wrpy_supportq_lm_geom,109,1341846651.492135,1,49,2411,503,240,1.381980,0.028225,0.192129,665,25,17,231,2,1,19,62,62,,,,,,,,,0,1,0,1,1,2,0,0,2,23,0
wrpy_supportq_lm_geom,110,1341846651.522099,1,50,2522,535,267,1.396245,0.014265,0.164134,718,29,38,164,11,27,54,61,43,1,1,1,1,1,1,1,1,6,22,15,23,27,11,6,6,11,29,1
wrpy_supportq_lm_geom,111,1341846651.560316,1,51,2648,555,278,1.415103,0.018858,0.177406,706,31,29,203,7,11,18,40,36,,,,,,,,,1,8,9,11,11,7,1,1,7,36,0
wrpy_supportq_lm_geom,112,1341846651.590585,1,52,2704,581,267,1.431565,0.016461,0.194954,721,39,24,223,3,17,10,23,19,1,1,1,1,1,1,1,1,7,13,15,17,17,3,7,7,3,38,1
wrpy_supportq_lm_geom,114,1341846651.654223,1,52,2611,542,223,1.481808,0.022462,0.171930,703,25,28,198,1,10,1,16,14,,,,,,,,,0,10,6,10,10,1,0,0,1,25,0
wrpy_supportq_lm_geom,115,1341846651.690127,1,53,2657,557,249,1.507310,0.025503,0.192513,655,35,22,221,1,0,12,22,22,,,,,,,,,0,0,0,0,0,1,0,0,1,59,0
wrpy_supportq_lm_geom,116,1341846651.722318,1,54,2741,541,233,1.532969,0.025659,0.149121,692,23,30,166,1,0,0,20,19,,,,,,,,,0,0,0,0,0,1,0,0,1,54,0
wrpy_supportq_lm_geom,117,1341846651.754212,1,55,2809,552,234,1.565300,0.032330,0.170576,670,29,29,184,5,4,9,14,13,0,1,1,1,0,0,0,1,2,4,3,4,4,5,2,2,5,47,1
wrpy_supportq_lm_geom,118,1341846651.790200,1,56,2692,539,226,1.597774,0.032475,0.193011,622,42,23,217,0,0,,14,13,,,,,,,,,0,0,0,0,0,0,0,0,,46,0
wrpy_supportq_lm_geom,119,1341846651.822233,1,57,2794,562,223,1.621146,0.023372,0.218118,466,3,5,352,3,1,15,22,22,,,,,,,,,0,0,1,0,1,3,0,0,3,11,0
wrpy_supportq_lm_geom,120,1341846651.858213,1,58,2910,543,193,1.645653,0.024507,0.227288,484,2,3,389,0,0,,8,8,,,,,,,,,0,0,0,0,0,0,0,0,,11,0
wrpy_supportq_lm_geom,121,1341846651.890237,1,59,2975,570,192,1.685348,0.039695,0.232835,459,6,4,388,0,0,,28,28,,,,,,,,,0,0,0,0,0,0,0,0,,11,0
wrpy_supportq_lm_geom,123,1341846651.958047,1,60,2785,502,167,1.744461,0.027836,0.349980,307,6,10,433,3,2,26,45,35,,,,,,,,,0,0,2,0,2,3,0,0,3,21,0
wrpy_supportq_lm_geom,124,1341846651.990020,1,61,2786,520,186,1.775615,0.031154,0.361234,328,16,10,475,1,0,18,31,31,,,,,,,,,0,0,0,0,0,1,0,0,1,30,0
wrpy_supportq_lm_geom,125,1341846652.022081,1,62,2792,491,157,1.802345,0.026730,0.293057,415,33,51,310,4,5,9,15,14,,,,,,,,,0,2,5,0,5,4,2,2,4,11,0
wrpy_supportq_lm_geom,126,1341846652.058058,1,63,2814,456,141,1.840875,0.038530,0.303727,368,32,30,318,1,0,0,12,9,,,,,,,,,0,0,0,0,0,1,0,0,1,9,0
wrpy_supportq_lm_geom,128,1341846652.126257,1,64,2721,454,149,1.925137,0.041111,0.272891,359,34,39,308,4,12,8,28,25,,,,,,,,,3,6,12,6,12,4,6,6,4,27,0
wrpy_supportq_lm_geom,129,1341846652.158232,1,65,2756,456,148,1.970014,0.044877,0.279867,338,18,23,313,0,0,,42,36,,,,,,,,,0,0,0,0,0,0,0,0,,35,0
wrpy_supportq_lm_geom,130,1341846652.190049,1,66,2799,494,163,2.000535,0.030522,0.289508,330,22,31,339,3,6,9,21,20,,,,,,,,,0,4,3,4,6,3,0,0,3,18,0
wrpy_supportq_lm_geom,131,1341846652.225981,1,67,2850,459,98,2.048877,0.048342,0.247601,347,31,35,340,1,0,1,23,21,,,,,,,,,0,0,0,0,0,1,0,0,1,16,0
wrpy_supportq_lm_geom,133,1341846652.290189,1,68,2831,355,93,2.154854,0.047111,0.265498,412,17,15,226,1,0,27,112,104,,,,,,,,,0,0,0,0,0,1,0,0,1,19,0
wrpy_supportq_lm_geom,134,1341846652.326148,1,69,2969,398,125,2.177609,0.022755,0.224421,447,18,26,195,2,3,10,47,27,,,,,,,,,0,1,3,3,3,2,0,0,2,11,0
wrpy_supportq_lm_geom,135,1341846652.358184,1,70,3048,468,179,2.192614,0.015006,0.222005,449,14,17,154,1,0,15,65,15,,,,,,,,,0,0,0,0,0,1,0,0,1,2,0
wrpy_supportq_lm_geom,136,1341846652.394279,1,71,3050,490,216,2.202611,0.009997,0.218519,380,21,10,160,1,0,33,74,13,,,,,,,,,0,0,0,0,0,1,0,0,1,2,0
wrpy_supportq_lm_geom,138,1341846652.458277,1,72,3015,454,224,2.267487,0.016271,0.187035,405,5,7,143,0,0,,48,18,,,,,,,,,0,0,0,0,0,0,0,0,,3,0
wrpy_supportq_lm_geom,139,1341846652.494100,1,73,3074,468,229,2.295965,0.028477,0.179945,411,10,19,141,4,0,17,53,30,,,,,,,,,0,0,0,0,0,4,0,0,4,4,0
wrpy_supportq_lm_geom,140,1341846652.526469,1,74,3091,504,237,2.311871,0.015906,0.181074,375,15,16,144,3,0,6,74,49,,,,,,,,,0,0,0,0,0,3,0,0,3,3,0
wrpy_supportq_lm_geom,141,1341846652.562089,1,75,3095,455,177,2.332206,0.020336,0.198812,339,20,21,193,5,7,28,75,10,,,,,,,,,0,3,7,5,7,5,1,1,5,4,0
wrpy_supportq_lm_geom,142,1341846652.594254,1,76,2996,416,146,2.363339,0.031132,0.223786,350,12,12,238,0,0,,35,,,,,,,,,,0,0,0,0,0,0,0,0,,,0
wrpy_supportq_lm_geom,143,1341846652.626356,1,77,3028,396,135,2.376198,0.012860,0.213389,347,8,17,201,0,0,,47,,,,,,,,,,0,0,0,0,0,0,0,0,,,0
wrpy_supportq_lm_geom,144,1341846652.662152,1,78,3131,282,43,2.428227,0.052029,0.229775,327,11,14,215,0,0,,4,4,,,,,,,,,0,0,0,0,0,0,0,0,,6,0
wrpy_supportq_lm_geom,145,1341846652.694113,1,79,3154,297,68,2.447822,0.019595,0.240192,319,5,21,248,0,0,,4,1,,,,,,,,,0,0,0,0,0,0,0,0,,1,0
wrpy_supportq_lm_geom,146,1341846652.726378,1,80,3108,269,61,2.478774,0.030952,0.174912,393,1,46,205,0,0,,3,,,,,,,,,,0,0,0,0,0,0,0,0,,,0
wrpy_supportq_lm_geom,147,1341846652.762129,1,81,3157,279,58,2.493782,0.015008,0.176947,388,10,33,186,0,0,,3,,,,,,,,,,0,0,0,0,0,0,0,0,,,0
wrpy_supportq_lm_geom,148,1341846652.794152,1,82,3205,261,61,2.542898,0.049116,0.189681,352,12,26,190,0,0,,2,1,,,,,,,,,0,0,0,0,0,0,0,0,,2,0
wrpy_supportq_lm_geom,149,1341846652.830250,1,83,3217,280,70,2.586071,0.043174,0.105007,360,5,30,178,5,5,116,123,117,,,,,,,,,0,1,4,5,5,5,0,0,5,15,0
wrpy_supportq_lm_geom,150,1341846652.862014,1,84,3231,315,98,2.599949,0.013878,0.099782,342,5,41,165,0,0,,30,13,,,,,,,,,0,0,0,0,0,0,0,0,,1,0
wrpy_supportq_lm_geom,151,1341846652.894426,1,85,3236,318,94,2.606273,0.006323,0.103626,290,0,24,172,3,0,29,76,68,,,,,,,,,0,0,0,0,0,3,0,0,3,6,0
wrpy_supportq_lm_geom,152,1341846652.930346,1,86,3258,310,95,2.610664,0.004392,0.096950,313,6,20,175,2,7,15,44,39,,,,,,,,,0,6,3,4,7,2,0,0,2,3,0
wrpy_supportq_lm_geom,153,1341846652.962213,1,87,3281,266,66,2.637389,0.026725,0.098997,276,3,13,195,0,0,,12,7,,,,,,,,,0,0,0,0,0,0,0,0,,2,0
wrpy_supportq_lm_geom,154,1341846652.994687,1,88,3196,316,98,2.702220,0.064830,0.112819,312,4,11,189,7,2,30,37,33,,,,,,,,,0,0,2,1,2,7,0,0,7,9,0
wrpy_supportq_lm_geom,155,1341846653.030292,1,89,3210,291,90,2.735564,0.033344,0.086299,275,10,22,171,8,11,175,278,263,,,,,,,,,0,5,11,7,11,8,0,0,8,55,0
wrpy_supportq_lm_geom,156,1341846653.062672,1,90,3348,364,137,2.757759,0.022196,0.083118,297,17,13,171,3,2,19,108,108,,,,,,,,,0,0,2,0,2,3,0,0,3,42,0
wrpy_supportq_lm_geom,157,1341846653.099024,1,91,3393,352,132,2.781133,0.023373,0.084788,230,3,7,147,0,0,,120,115,,,,,,,,,0,0,0,0,0,0,0,0,,13,0
wrpy_supportq_lm_geom,158,1341846653.130475,1,92,3373,328,144,2.796009,0.014876,0.067051,258,1,14,137,1,1,21,93,87,,,,,,,,,0,0,1,0,1,1,0,0,1,11,0
wrpy_supportq_lm_geom,159,1341846653.162620,1,93,3465,327,145,2.818139,0.022130,0.044525,325,2,16,83,2,5,4,49,39,,,,,,,,,0,5,5,0,5,2,0,0,2,5,0
wrpy_supportq_lm_geom,160,1341846653.198437,1,94,3528,338,150,2.856822,0.038684,0.048480,322,3,21,87,3,5,30,82,40,,,,,,,,,0,4,5,0,5,3,1,1,3,5,0
wrpy_supportq_lm_geom,161,1341846653.230042,1,95,3520,344,159,2.879123,0.022300,0.102884,198,5,8,164,2,0,2,60,16,,,,,,,,,0,0,0,0,0,2,0,0,2,4,0
wrpy_supportq_lm_geom,162,1341846653.262357,1,96,3428,292,140,2.902994,0.023871,0.103190,247,13,31,177,4,0,103,147,61,,,,,,,,,0,0,0,0,0,4,0,0,4,3,0
wrpy_supportq_lm_geom,163,1341846653.298380,1,97,3443,306,134,2.910729,0.007735,0.111296,196,6,19,173,2,0,37,112,97,,,,,,,,,0,0,0,0,0,2,0,0,2,10,0
wrpy_supportq_lm_geom,164,1341846653.330162,1,98,3510,299,151,2.919678,0.008949,0.105332,177,1,6,153,1,0,25,52,46,,,,,,,,,0,0,0,0,0,1,0,0,1,9,0
wrpy_supportq_lm_geom,165,1341846653.366319,1,99,3516,276,125,2.929869,0.010191,0.110641,150,4,8,154,1,0,6,33,27,,,,,,,,,0,0,0,0,0,1,0,0,1,9,0
wrpy_supportq_lm_geom,166,1341846653.398226,1,100,3448,236,118,2.946552,0.016683,0.118617,159,10,6,165,0,0,,57,57,,,,,,,,,0,0,0,0,0,0,0,0,,5,0
wrpy_supportq_lm_geom,167,1341846653.430060,1,101,3482,201,86,2.982316,0.035764,0.108135,154,7,13,147,3,0,10,26,15,,,,,,,,,0,0,0,0,0,3,0,0,3,3,0
wrpy_supportq_lm_geom,168,1341846653.466341,1,102,3520,231,95,2.987935,0.005619,0.113434,139,6,8,149,4,0,10,26,26,,,,,,,,,0,0,0,0,0,4,0,0,4,8,0
wrpy_supportq_lm_geom,169,1341846653.498194,1,103,3523,229,98,3.001275,0.013340,0.121182,168,3,3,164,2,0,8,17,17,,,,,,,,,0,0,0,0,0,2,0,0,2,3,0
wrpy_supportq_lm_geom,170,1341846653.530205,1,104,3481,183,93,3.042010,0.040734,0.105677,163,3,4,122,2,0,10,31,21,,,,,,,,,0,0,0,0,0,2,0,0,2,3,0
wrpy_supportq_lm_geom,171,1341846653.566601,1,105,3504,207,91,3.066254,0.024245,0.112923,166,1,3,143,2,0,8,9,1,,,,,,,,,0,0,0,0,0,2,0,0,2,2,0
wrpy_supportq_lm_geom,172,1341846653.598213,1,106,3533,200,94,3.084939,0.018685,0.120107,166,3,0,131,2,0,4,4,,,,,,,,,,0,0,0,0,0,2,0,0,2,,0
wrpy_supportq_lm_geom,173,1341846653.634793,1,107,3548,216,97,3.091227,0.006288,0.061820,178,2,16,91,2,0,2,2,,,,,,,,,,0,0,0,0,0,2,0,0,2,,0
wrpy_supportq_lm_geom,174,1341846653.666143,1,107,3498,201,116,3.125038,0.033811,0.066904,173,3,13,94,2,0,3,3,,,,,,,,,,0,0,0,0,0,2,0,0,2,,0
wrpy_supportq_lm_geom,175,1341846653.698738,1,108,3525,217,100,3.154876,0.029838,0.075117,173,2,6,87,,,,,,,,,,,,,,,,,,,,,,,,
wrpy_supportq_lm_geom,176,1341846653.734313,1,109,3550,196,85,3.165741,0.010865,0.080612,164,2,10,97,,,,,,,,,,,,,,,,,,,,,,,,
wrpy_supportq_lm_geom,177,1341846653.766275,1,110,3549,226,88,3.168123,0.002382,0.085280,176,1,10,100,,,,,,,,,,,,,,,,,,,,,,,,
wrpy_supportq_lm_geom,178,1341846653.802358,1,111,3498,191,66,3.172637,0.004514,0.098298,82,3,11,108,0,0,,7,7,,,,,,,,,0,0,0,0,0,0,0,0,,1,0
wrpy_supportq_lm_geom,179,1341846653.834226,1,112,3524,219,91,3.178059,0.005422,0.068910,168,5,17,90,0,0,,5,5,,,,,,,,,0,0,0,0,0,0,0,0,,1,0
wrpy_supportq_lm_geom,180,1341846653.866214,1,113,3557,239,114,3.192628,0.014569,0.072917,181,2,19,77,0,0,,4,4,,,,,,,,,0,0,0,0,0,0,0,0,,1,0
wrpy_supportq_lm_geom,181,1341846653.902170,1,114,3573,242,101,3.197269,0.004641,0.079967,151,15,16,71,2,1,15,15,,,,,,,,,,0,1,0,1,1,2,0,0,2,,0
wrpy_supportq_lm_geom,182,1341846653.934160,1,115,3513,275,129,3.212834,0.015565,0.067581,166,13,23,68,3,4,20,29,9,,,,,,,,,0,4,2,4,4,3,0,0,3,1,0
wrpy_supportq_lm_geom,183,1341846653.966155,1,116,3536,253,125,3.216856,0.004022,0.072865,131,5,19,95,1,0,3,17,,,,,,,,,,0,0,0,0,0,1,0,0,1,,0
wrpy_supportq_lm_geom,184,1341846654.002169,1,117,3559,265,124,3.224585,0.007729,0.080492,144,5,15,93,0,0,,20,12,,,,,,,,,0,0,0,0,0,0,0,0,,1,0
wrpy_supportq_lm_geom,185,1341846654.034140,1,118,3563,295,128,3.242164,0.017579,0.083818,134,8,10,129,1,0,2,19,19,,,,,,,,,0,0,0,0,0,1,0,0,1,8,0
wrpy_supportq_lm_geom,186,1341846654.070172,1,119,3514,260,113,3.252867,0.010703,0.089720,92,1,7,125,5,3,33,64,56,,,,,,,,,0,3,3,0,3,5,0,0,5,6,0
wrpy_supportq_lm_geom,187,1341846654.102438,1,120,3550,275,96,3.271913,0.019046,0.094850,117,0,3,116,9,15,85,105,105,,,,,,,,,0,14,13,0,15,9,8,8,9,10,0
wrpy_supportq_lm_geom,188,1341846654.134349,1,121,3593,348,143,3.274923,0.003011,0.084948,162,7,23,106,3,2,32,52,28,,,,,,,,,0,2,2,0,2,3,2,2,3,2,0
wrpy_supportq_lm_geom,189,1341846654.170244,1,122,3622,335,120,3.309180,0.034256,0.086188,134,2,19,112,3,0,83,184,138,,,,,,,,,0,0,0,0,0,3,0,0,3,5,0
wrpy_supportq_lm_geom,190,1341846654.202087,1,121,3572,374,158,3.339234,0.030055,0.095573,180,0,0,126,2,1,44,105,70,,,,,,,,,0,0,1,1,1,2,0,0,2,5,0
wrpy_supportq_lm_geom,191,1341846654.234434,1,122,3628,390,174,3.346894,0.007660,0.085951,160,5,10,105,0,0,,93,39,,,,,,,,,0,0,0,0,0,0,0,0,,3,0
wrpy_supportq_lm_geom,192,1341846654.270041,1,123,3660,380,159,3.358955,0.012061,0.087132,150,5,10,112,0,0,,192,192,,,,,,,,,0,0,0,0,0,0,0,0,,19,0
wrpy_supportq_lm_geom,193,1341846654.302117,1,124,3725,424,178,3.377803,0.018848,0.088265,196,6,11,108,0,0,,121,121,,,,,,,,,0,0,0,0,0,0,0,0,,12,0
wrpy_supportq_lm_geom,194,1341846654.338026,1,124,3630,413,146,3.406694,0.028891,0.098910,202,10,17,106,2,1,21,42,2,,,,,,,,,0,1,1,1,1,2,0,0,2,1,0
wrpy_supportq_lm_geom,195,1341846654.369979,1,125,3624,414,170,3.424627,0.017933,0.101185,151,7,7,125,4,2,48,143,77,,,,,,,,,0,2,1,0,2,4,0,0,4,7,0
wrpy_supportq_lm_geom,196,1341846654.402172,1,126,3679,381,115,3.471701,0.047074,0.097673,198,4,6,136,1,0,20,74,62,,,,,,,,,0,0,0,0,0,1,0,0,1,10,0
wrpy_supportq_lm_geom,197,1341846654.438133,1,127,3734,436,101,3.534112,0.062411,0.113818,196,7,16,140,1,0,12,31,6,,,,,,,,,0,0,0,0,0,1,0,0,1,1,0
wrpy_supportq_lm_geom,198,1341846654.470186,1,126,3634,440,168,3.574743,0.040632,0.119430,187,3,8,113,4,8,56,87,53,,,,,,,,,0,8,8,0,8,4,8,8,4,7,0
wrpy_supportq_lm_geom,199,1341846654.502267,1,127,3649,401,118,3.585540,0.010796,0.116536,248,1,13,111,2,0,24,40,25,,,,,,,,,0,0,0,0,0,2,0,0,2,6,0
wrpy_supportq_lm_geom,200,1341846654.539064,1,128,3701,478,146,3.617830,0.032290,0.121540,312,5,22,106,2,0,31,71,54,,,,,,,,,0,0,0,0,0,2,0,0,2,14,0
wrpy_supportq_lm_geom,201,1341846654.570053,1,129,3702,458,122,3.647201,0.029371,0.126715,279,5,14,116,3,0,30,63,63,,,,,,,,,0,0,0,0,0,3,0,0,3,25,0
wrpy_supportq_lm_geom,202,1341846654.606030,1,129,3662,427,121,3.680395,0.033193,0.103021,338,2,11,63,1,1,59,141,110,,,,,,,,,0,0,1,0,1,1,0,0,1,19,0
wrpy_supportq_lm_geom,203,1341846654.637980,1,130,3783,476,169,3.717497,0.037102,0.000000,431,0,0,0,0,0,,40,2,,,,,,,,,0,0,0,0,0,0,0,0,,2,0
wrpy_supportq_lm_geom,204,1341846654.670155,1,131,3861,502,171,3.731971,0.014474,0.000000,393,0,0,0,0,0,,37,11,,,,,,,,,0,0,0,0,0,0,0,0,,2,0
wrpy_supportq_lm_geom,205,1341846654.706022,1,132,3885,488,145,3.752426,0.020455,0.000000,325,0,0,0,0,0,,153,70,,,,,,,,,0,0,0,0,0,0,0,0,,3,0
wrpy_supportq_lm_geom,206,1341846654.738497,1,133,3780,491,164,3.808969,0.056543,0.000000,389,0,0,0,0,0,,89,,,,,,,,,,0,0,0,0,0,0,0,0,,,0
wrpy_supportq_lm_geom,207,1341846654.774056,1,134,3835,532,180,3.840573,0.031604,0.000000,398,0,0,0,0,0,,108,13,,,,,,,,,0,0,0,0,0,0,0,0,,2,0
wrpy_supportq_lm_geom,208,1341846654.806040,1,135,3877,548,193,3.850578,0.010004,0.000000,335,0,0,0,0,0,,72,,,,,,,,,,0,0,0,0,0,0,0,0,,,0
wrpy_supportq_lm_geom,209,1341846654.838060,1,136,3906,543,199,3.859158,0.008580,0.000000,383,0,0,0,0,0,,50,6,,,,,,,,,0,0,0,0,0,0,0,0,,1,0
wrpy_supportq_lm_geom,210,1341846654.874136,1,137,3746,525,213,3.889088,0.029931,0.000000,378,0,0,0,1,0,2,62,,,,,,,,,,0,0,0,0,0,1,0,0,1,,0
wrpy_supportq_lm_geom,211,1341846654.906209,1,138,3792,517,225,3.904847,0.015758,0.054743,361,2,5,31,0,0,,56,,,,,,,,,,0,0,0,0,0,0,0,0,,,0
wrpy_supportq_lm_geom,212,1341846654.938214,1,139,3866,516,170,3.931943,0.027096,0.048607,382,7,7,24,1,0,27,84,,,,,,,,,,0,0,0,0,0,1,0,0,1,,0
wrpy_supportq_lm_geom,213,1341846654.974334,1,140,3905,522,210,3.948986,0.017042,0.059427,450,0,6,44,0,0,,38,,,,,,,,,,0,0,0,0,0,0,0,0,,,0
wrpy_supportq_lm_geom,215,1341846655.042239,1,141,3852,441,146,3.997051,0.008205,0.131214,414,1,8,48,0,0,,57,,,,,,,,,,0,0,0,0,0,0,0,0,,,0
wrpy_supportq_lm_geom,216,1341846655.074179,1,142,3930,498,197,4.013037,0.015986,0.139723,520,6,16,54,0,0,,66,44,,,,,,,,,0,0,0,0,0,0,0,0,,1,0
wrpy_supportq_lm_geom,217,1341846655.106132,1,143,3970,465,199,4.026886,0.013849,0.064027,433,2,6,69,1,2,28,91,,,,,,,,,,0,0,2,0,2,1,0,0,1,,0
wrpy_supportq_lm_geom,218,1341846655.142070,1,144,4006,428,127,4.048184,0.021298,0.167139,486,14,25,81,0,0,,10,10,,,,,,,,,0,0,0,0,0,0,0,0,,1,0
wrpy_supportq_lm_geom,220,1341846655.206124,1,145,3919,417,163,4.120608,0.032031,0.165706,451,16,23,102,4,0,33,48,,,,,,,,,,0,0,0,0,0,4,0,0,4,,0
wrpy_supportq_lm_geom,221,1341846655.242079,1,146,3998,444,182,4.131200,0.010592,0.170791,494,20,34,110,1,2,30,63,7,,,,,,,,,0,0,2,2,2,1,0,0,1,1,0
wrpy_supportq_lm_geom,222,1341846655.274211,1,147,4071,438,148,4.140367,0.009167,0.166875,557,16,38,114,0,0,,30,6,,,,,,,,,0,0,0,0,0,0,0,0,,2,0
wrpy_supportq_lm_geom,223,1341846655.310175,1,148,4063,428,138,4.161196,0.020830,0.166943,464,15,27,125,1,0,2,5,,,,,,,,,,0,0,0,0,0,1,0,0,1,,0
wrpy_supportq_lm_geom,225,1341846655.374134,1,149,3968,440,166,4.271428,0.034827,0.151559,528,22,21,97,2,2,10,66,23,,,,,,,,,0,1,1,2,2,2,0,0,2,5,0
wrpy_supportq_lm_geom,226,1341846655.410207,1,150,4014,453,200,4.295483,0.024056,0.158630,410,14,26,132,5,4,92,128,117,,,,,,,,,0,1,4,0,4,5,0,0,5,13,0
wrpy_supportq_lm_geom,227,1341846655.442262,1,151,4127,458,194,4.317713,0.022229,0.139554,491,22,45,71,0,0,,49,46,,,,,,,,,0,0,0,0,0,0,0,0,,15,0
wrpy_supportq_lm_geom,228,1341846655.474205,1,152,4158,503,215,4.351734,0.034022,0.144544,475,27,19,103,2,11,23,65,23,,,,,,,,,1,9,6,11,11,2,1,1,2,11,0
wrpy_supportq_lm_geom,230,1341846655.542135,1,152,3991,468,191,4.435843,0.018759,0.171901,409,7,8,192,3,1,49,102,90,,,,,,,,,0,1,1,0,1,3,0,0,3,26,0
wrpy_supportq_lm_geom,231,1341846655.578132,1,153,4025,499,211,4.459619,0.023776,0.185758,421,3,6,212,0,0,,53,52,,,,,,,,,0,0,0,0,0,0,0,0,,20,0
wrpy_supportq_lm_geom,232,1341846655.610085,1,154,4065,476,184,4.493110,0.033490,0.203109,422,5,9,220,0,0,,55,52,,,,,,,,,0,0,0,0,0,0,0,0,,34,0
wrpy_supportq_lm_geom,233,1341846655.642348,1,155,4073,448,219,4.503393,0.010284,0.173320,442,0,22,161,1,1,2,35,34,,,,,,,,,0,0,1,0,1,1,0,0,1,32,0
wrpy_supportq_lm_geom,235,1341846655.710074,1,155,3945,406,174,4.583801,0.021882,0.204176,452,7,10,250,0,0,,61,33,,,,,,,,,0,0,0,0,0,0,0,0,,42,0
wrpy_supportq_lm_geom,236,1341846655.748050,1,156,4046,410,176,4.618392,0.034591,0.138454,602,4,46,108,1,0,9,17,14,,,,,,,,,0,0,0,0,0,1,0,0,1,13,0
wrpy_supportq_lm_geom,237,1341846655.778076,1,157,4107,449,216,4.646895,0.028503,0.141520,545,7,29,110,0,0,,48,48,,,,,,,,,0,0,0,0,0,0,0,0,,17,0
wrpy_supportq_lm_geom,238,1341846655.810222,1,158,4124,462,221,4.671865,0.024970,0.153965,567,19,33,126,2,5,9,70,70,,,,,,,,,0,4,4,3,5,2,1,1,2,53,0
wrpy_supportq_lm_geom,240,1341846655.910355,1,157,4020,367,122,4.789317,0.053882,0.156003,571,27,41,142,20,54,56,79,77,,,,,,,,,11,46,46,52,54,20,11,11,20,59,0
wrpy_supportq_lm_geom,241,1341846655.946240,1,158,4085,402,136,4.829359,0.040042,0.162868,594,29,50,144,9,34,26,64,64,2,2,2,2,2,2,2,2,7,27,27,32,34,9,7,9,9,37,2
wrpy_supportq_lm_geom,242,1341846655.978412,1,159,4163,421,139,4.880525,0.051166,0.167093,507,0,4,206,5,0,8,64,61,,,,,,,,,0,0,0,0,0,5,0,0,5,52,0
wrpy_supportq_lm_geom,243,1341846656.014188,1,160,4133,453,151,4.906835,0.026310,0.180550,518,0,0,212,3,0,14,69,69,,,,,,,,,0,0,0,0,0,3,0,0,3,64,0
wrpy_supportq_lm_geom,245,1341846656.078165,1,160,4011,412,172,4.960269,0.022187,0.172292,471,1,3,226,0,0,,57,39,,,,,,,,,0,0,0,0,0,0,0,0,,9,0
wrpy_supportq_lm_geom,246,1341846656.114220,1,161,4045,417,196,4.977891,0.017622,0.184867,463,0,1,242,0,0,,55,55,,,,,,,,,0,0,0,0,0,0,0,0,,35,0
wrpy_supportq_lm_geom,247,1341846656.146158,1,162,4091,402,189,5.009873,0.031982,0.199652,442,1,1,288,2,0,15,29,23,,,,,,,,,0,0,0,0,0,2,0,0,2,12,0
wrpy_supportq_lm_geom,248,1341846656.178154,1,163,4095,399,196,5.022669,0.012796,0.169466,494,1,18,221,2,0,14,25,25,,,,,,,,,0,0,0,0,0,2,0,0,2,7,0
wrpy_supportq_lm_geom,250,1341846656.246093,1,164,3991,374,193,5.055843,0.011703,0.190036,471,0,0,231,0,0,,37,37,,,,,,,,,0,0,0,0,0,0,0,0,,24,0
wrpy_supportq_lm_geom,251,1341846656.282181,1,165,4012,410,226,5.065430,0.009587,0.161735,468,0,4,196,0,0,,23,19,,,,,,,,,0,0,0,0,0,0,0,0,,13,0
wrpy_supportq_lm_geom,252,1341846656.314258,1,166,4036,380,230,5.077237,0.011807,0.171794,475,0,11,200,0,0,,32,32,,,,,,,,,0,0,0,0,0,0,0,0,,5,0
wrpy_supportq_lm_geom,253,1341846656.346094,1,167,4063,374,221,5.090400,0.013163,0.181683,498,0,0,225,0,0,,13,13,,,,,,,,,0,0,0,0,0,0,0,0,,9,0
wrpy_supportq_lm_geom,255,1341846656.414253,1,168,4003,285,142,5.135641,0.036945,0.157604,536,0,13,197,,,,,,,,,,,,,,,,,,,,,,,,
wrpy_supportq_lm_geom,256,1341846656.446177,1,169,4039,322,176,5.175298,0.039657,0.165407,540,0,2,215,,,,,,,,,,,,,,,,,,,,,,,,
wrpy_supportq_lm_geom,257,1341846656.482260,1,170,4071,320,174,5.202689,0.027392,0.142806,557,0,29,196,,,,,,,,,,,,,,,,,,,,,,,,
wrpy_supportq_lm_geom,258,1341846656.519461,1,171,4063,318,184,5.228598,0.025908,0.152676,587,1,3,216,,,,,,,,,,,,,,,,,,,,,,,,
wrpy_supportq_lm_geom,259,1341846656.550284,1,172,3974,286,173,5.276417,0.047820,0.161882,593,0,2,224,,,,,,,,,,,,,,,,,,,,,,,,
wrpy_supportq_lm_geom,260,1341846656.582247,1,173,3984,305,184,5.292206,0.015788,0.139909,535,0,10,190,,,,,,,,,,,,,,,,,,,,,,,,
wrpy_supportq_lm_geom,261,1341846656.614195,1,174,4000,295,180,5.302489,0.010283,0.150143,540,0,2,223,,,,,,,,,,,,,,,,,,,,,,,,
wrpy_supportq_lm_geom,262,1341846656.649995,1,175,4005,284,179,5.313072,0.010583,0.159206,526,0,0,220,,,,,,,,,,,,,,,,,,,,,,,,
wrpy_supportq_lm_geom,263,1341846656.682076,1,175,3941,282,157,5.329430,0.016358,0.132181,595,2,22,172,,,,,,,,,,,,,,,,,,,,,,,,
wrpy_supportq_lm_geom,264,1341846656.714216,1,176,3971,288,170,5.353742,0.024312,0.143281,647,1,2,213,,,,,,,,,,,,,,,,,,,,,,,,
wrpy_supportq_lm_geom,265,1341846656.749974,1,177,3999,308,187,5.358356,0.004614,0.154671,633,0,0,205,,,,,,,,,,,,,,,,,,,,,,,,
wrpy_supportq_lm_geom,266,1341846656.782653,1,178,4000,306,186,5.366963,0.008607,0.130817,613,1,15,184,,,,,,,,,,,,,,,,,,,,,,,,
wrpy_supportq_lm_geom,268,1341846656.856226,1,177,3921,277,172,5.398180,0.008179,0.153151,569,0,0,211,,,,,,,,,,,,,,,,,,,,,,,,
wrpy_supportq_lm_geom,269,1341846656.892050,1,178,3947,282,172,5.412226,0.014046,0.129014,602,0,0,188,,,,,,,,,,,,,,,,,,,,,,,,
wrpy_supportq_lm_geom,270,1341846656.924099,1,179,3956,301,180,5.418150,0.005924,0.140589,611,0,0,196,,,,,,,,,,,,,,,,,,,,,,,,
wrpy_supportq_lm_geom,271,1341846656.956112,1,180,4011,268,141,5.450843,0.032694,0.150329,668,0,0,219,,,,,,,,,,,,,,,,,,,,,,,,
wrpy_supportq_lm_geom,272,1341846656.992122,1,178,3968,299,165,5.460779,0.009935,0.127445,638,1,0,186,,,,,,,,,,,,,,,,,,,,,,,,
wrpy_supportq_lm_geom,273,1341846657.024108,1,179,3990,313,183,5.464157,0.003378,0.140928,611,0,0,202,,,,,,,,,,,,,,,,,,,,,,,,
wrpy_supportq_lm_geom,274,1341846657.056121,1,180,4033,292,138,5.484320,0.020163,0.151146,604,2,5,223,,,,,,,,,,,,,,,,,,,,,,,,
wrpy_supportq_lm_geom,275,1341846657.092006,1,181,4098,290,119,5.504732,0.020412,0.121309,618,6,23,206,,,,,,,,,,,,,,,,,,,,,,,,
wrpy_supportq_lm_geom,276,1341846657.124027,1,179,4106,292,138,5.519740,0.015008,0.133291,590,2,6,197,,,,,,,,,,,,,,,,,,,,,,,,
wrpy_supportq_lm_geom,277,1341846657.155973,1,180,4240,260,113,5.526566,0.006826,0.143770,571,0,4,223,,,,,,,,,,,,,,,,,,,,,,,,
wrpy_supportq_lm_geom,278,1341846657.192094,1,181,4296,268,121,5.550362,0.023796,0.256084,533,4,45,297,,,,,,,,,,,,,,,,,,,,,,,,
wrpy_supportq_lm_geom,279,1341846657.224195,1,182,4312,306,144,5.561980,0.011618,0.254046,498,8,32,344,0,0,,18,,,,,,,,,,0,0,0,0,0,0,0,0,,,0
wrpy_supportq_lm_geom,280,1341846657.292164,1,181,4227,263,120,5.599307,0.037326,0.250934,494,6,37,311,,,,,,,,,,,,,,,,,,,,,,,,
wrpy_supportq_lm_geom,281,1341846657.321288,1,182,4274,297,123,5.609049,0.009742,0.238747,483,8,44,336,,,,,,,,,,,,,,,,,,,,,,,,
wrpy_supportq_lm_geom,282,1341846657.354367,1,183,4326,307,130,5.615508,0.006459,0.226566,430,2,34,349,0,0,,12,,,,,,,,,,0,0,0,0,0,0,0,0,,,0
wrpy_supportq_lm_geom,283,1341846657.386193,1,184,4348,331,119,5.623974,0.008466,0.229261,463,14,39,317,0,0,,6,6,,,,,,,,,0,0,0,0,0,0,0,0,,1,0
wrpy_supportq_lm_geom,284,1341846657.418105,1,184,4344,316,120,5.638362,0.014388,0.217572,518,6,45,277,0,0,,4,,,,,,,,,,0,0,0,0,0,0,0,0,,,0
wrpy_supportq_lm_geom,285,1341846657.454277,1,185,4385,349,129,5.648826,0.010465,0.221367,445,7,24,316,0,0,,12,12,,,,,,,,,0,0,0,0,0,0,0,0,,6,0
wrpy_supportq_lm_geom,286,1341846657.486117,1,186,4448,364,105,5.655982,0.007156,0.238802,431,5,29,324,0,0,,14,4,,,,,,,,,0,0,0,0,0,0,0,0,,3,0
wrpy_supportq_lm_geom,287,1341846657.522092,1,187,4478,375,123,5.664974,0.008993,0.257747,464,8,43,320,0,0,,29,12,,,,,,,,,0,0,0,0,0,0,0,0,,4,0
wrpy_supportq_lm_geom,288,1341846657.554062,1,188,4415,390,135,5.699419,0.034445,0.248242,428,9,17,340,1,0,0,33,27,,,,,,,,,0,0,0,0,0,1,0,0,1,6,0
wrpy_supportq_lm_geom,289,1341846657.586078,1,189,4490,401,116,5.724618,0.025198,0.231768,471,8,21,275,0,0,,33,33,,,,,,,,,0,0,0,0,0,0,0,0,,10,0
wrpy_supportq_lm_geom,290,1341846657.622205,1,190,4573,459,153,5.770080,0.045462,0.185485,524,30,43,238,12,0,36,58,28,,,,,,,,,0,0,0,0,0,12,0,0,12,25,0
wrpy_supportq_lm_geom,291,1341846657.654161,1,191,4620,478,145,5.802037,0.031958,0.194645,454,10,36,281,1,0,5,77,75,,,,,,,,,0,0,0,0,0,1,0,0,1,58,0
wrpy_supportq_lm_geom,292,1341846657.686517,1,191,4517,463,119,5.811338,0.009300,0.199723,456,19,34,275,3,0,29,61,54,,,,,,,,,0,0,0,0,0,3,0,0,3,56,0
wrpy_supportq_lm_geom,293,1341846657.722061,1,192,4519,496,149,5.852802,0.041464,0.192565,477,22,41,272,3,0,18,44,39,,,,,,,,,0,0,0,0,0,3,0,0,3,45,0
wrpy_supportq_lm_geom,294,1341846657.754104,1,193,4551,480,141,5.863545,0.010743,0.189121,431,21,37,261,0,0,,35,27,,,,,,,,,0,0,0,0,0,0,0,0,,41,0
wrpy_supportq_lm_geom,295,1341846657.790066,1,194,4558,455,99,5.885389,0.021844,0.188652,450,15,34,227,1,0,1,8,1,,,,,,,,,0,0,0,0,0,1,0,0,1,5,0
wrpy_supportq_lm_geom,296,1341846657.822089,1,194,4457,469,132,5.910304,0.024915,0.158105,457,8,12,242,0,0,,37,13,,,,,,,,,0,0,0,0,0,0,0,0,,2,0
wrpy_supportq_lm_geom,297,1341846657.853972,1,195,4522,519,180,5.921812,0.011508,0.167458,530,5,23,173,0,0,,26,,,,,,,,,,0,0,0,0,0,0,0,0,,,0
wrpy_supportq_lm_geom,298,1341846657.889993,1,196,4577,549,179,5.949004,0.027192,0.158880,504,2,15,166,0,0,,15,10,,,,,,,,,0,0,0,0,0,0,0,0,,3,0
wrpy_supportq_lm_geom,299,1341846657.922046,1,197,4734,547,203,5.995921,0.046918,0.000000,647,0,0,0,0,0,,23,4,,,,,,,,,0,0,0,0,0,0,0,0,,1,0
wrpy_supportq_lm_geom,312,1341846658.358248,1,197,4612,534,167,6.400931,0.042074,0.000000,518,0,0,0,0,0,,26,,,,,,,,,,0,0,0,0,0,0,0,0,,,0
wrpy_supportq_lm_geom,313,1341846658.390215,1,198,4479,588,228,6.420638,0.019707,0.000000,551,0,0,0,0,0,,21,,,,,,,,,,0,0,0,0,0,0,0,0,,,0
wrpy_supportq_lm_geom,314,1341846658.426300,1,199,4553,630,263,6.439850,0.019212,0.000000,566,0,0,0,0,0,,14,,,,,,,,,,0,0,0,0,0,0,0,0,,,0
wrpy_supportq_lm_geom,315,1341846658.458168,1,200,4590,619,257,6.485110,0.045260,0.000000,549,0,0,0,0,0,,17,,,,,,,,,,0,0,0,0,0,0,0,0,,,0
wrpy_supportq_lm_geom,316,1341846658.494176,1,198,4440,586,220,6.527878,0.042768,0.000000,562,0,0,0,1,1,0,19,0,,,,,,,,,0,0,1,1,1,1,0,0,1,1,0
wrpy_supportq_lm_geom,317,1341846658.526214,1,199,4535,586,235,6.546932,0.019053,0.000000,597,0,0,0,0,0,,8,,,,,,,,,,0,0,0,0,0,0,0,0,,,0
wrpy_supportq_lm_geom,318,1341846658.558129,1,200,4659,590,199,6.572610,0.025678,0.000000,622,0,0,0,0,0,,5,,,,,,,,,,0,0,0,0,0,0,0,0,,,0
wrpy_supportq_lm_geom,319,1341846658.594206,1,201,4879,502,113,6.582928,0.010318,0.000000,727,0,0,0,0,0,,2,,,,,,,,,,0,0,0,0,0,0,0,0,,,0
wrpy_supportq_lm_geom,326,1341846658.826155,1,200,4922,631,245,6.781322,0.023184,0.000000,897,0,0,0,0,0,,7,,,,,,,,,,0,0,0,0,0,0,0,0,,,0
wrpy_supportq_lm_geom,327,1341846658.862197,1,201,4892,700,354,6.801467,0.020145,0.000000,928,0,0,0,,,,,,,,,,,,,,,,,,,,,,,,
wrpy_supportq_lm_geom,328,1341846658.894170,1,202,5105,707,293,6.846128,0.044661,0.000000,925,0,0,0,0,0,,1,,,,,,,,,,0,0,0,0,0,0,0,0,,,0
wrpy_supportq_lm_geom,329,1341846658.926149,1,203,5176,757,346,6.875328,0.029201,0.000000,950,0,0,0,,,,,,,,,,,,,,,,,,,,,,,,
wrpy_supportq_lm_geom,336,1341846659.162537,1,200,4988,734,361,7.021684,0.034047,0.026930,927,3,3,18,0,0,,7,,,,,,,,,,0,0,0,0,0,0,0,0,,,0
wrpy_supportq_lm_geom,337,1341846659.198696,1,201,4875,780,455,7.037334,0.015649,0.029023,932,0,5,31,,,,,,,,,,,,,,,,,,,,,,,,
wrpy_supportq_lm_geom,338,1341846659.231286,1,202,5016,796,466,7.054173,0.016840,0.023893,928,0,0,19,,,,,,,,,,,,,,,,,,,,,,,,
wrpy_supportq_lm_geom,339,1341846659.263549,1,203,5078,835,521,7.075111,0.020938,0.026208,943,1,0,9,,,,,,,,,,,,,,,,,,,,,,,,
wrpy_supportq_lm_geom,363,1341846660.066206,1,201,4852,715,349,7.415658,0.005922,0.000000,910,0,0,0,0,0,,14,,,,,,,,,,0,0,0,0,0,0,0,0,,,0
wrpy_supportq_lm_geom,364,1341846660.102245,1,202,4845,775,458,7.432330,0.016672,0.000000,942,0,0,0,,,,,,,,,,,,,,,,,,,,,,,,
wrpy_supportq_lm_geom,365,1341846660.140244,1,203,4937,825,544,7.436752,0.004421,0.000000,886,0,0,0,,,,,,,,,,,,,,,,,,,,,,,,
wrpy_supportq_lm_geom,366,1341846660.167903,1,204,4973,796,454,7.454979,0.018228,0.000000,869,0,0,0,,,,,,,,,,,,,,,,,,,,,,,,
wrpy_supportq_lm_geom,369,1341846660.270168,1,198,4761,649,257,7.512427,0.047096,0.005111,863,0,1,11,0,0,,12,,,,,,,,,,0,0,0,0,0,0,0,0,,,0
wrpy_supportq_lm_geom,370,1341846660.302258,1,199,4893,685,265,7.522328,0.009901,0.005335,908,0,2,15,0,0,,2,,,,,,,,,,0,0,0,0,0,0,0,0,,,0
wrpy_supportq_lm_geom,371,1341846660.334349,1,200,4988,734,373,7.563522,0.041194,0.000000,921,0,0,0,,,,,,,,,,,,,,,,,,,,,,,,
wrpy_supportq_lm_geom,372,1341846660.370214,1,201,4946,750,467,7.576417,0.012895,0.000000,872,0,0,0,,,,,,,,,,,,,,,,,,,,,,,,
wrpy_supportq_lm_geom,382,1341846660.706457,1,200,4710,654,342,7.742529,0.043946,0.012340,779,0,0,35,0,0,,10,,,,,,,,,,0,0,0,0,0,0,0,0,,,0
wrpy_supportq_lm_geom,383,1341846660.738241,1,201,4686,667,382,7.782129,0.039600,0.000000,838,0,0,0,,,,,,,,,,,,,,,,,,,,,,,,
wrpy_supportq_lm_geom,384,1341846660.770121,1,202,4776,685,370,7.809743,0.027614,0.007301,750,1,1,27,,,,,,,,,,,,,,,,,,,,,,,,
wrpy_supportq_lm_geom,385,1341846660.806117,1,203,4801,677,357,7.848858,0.039115,0.009762,741,1,0,33,,,,,,,,,,,,,,,,,,,,,,,,
wrpy_supportq_lm_geom,389,1341846660.938063,1,200,4562,546,208,7.961450,0.038483,0.006501,650,0,0,25,,,,,,,,,,,,,,,,,,,,,,,,
wrpy_supportq_lm_geom,390,1341846660.974147,1,201,4585,588,286,7.996681,0.035231,0.008138,611,2,0,26,,,,,,,,,,,,,,,,,,,,,,,,
wrpy_supportq_lm_geom,391,1341846661.006234,1,202,4650,616,349,8.006038,0.009357,0.011488,580,4,1,29,,,,,,,,,,,,,,,,,,,,,,,,
wrpy_supportq_lm_geom,392,1341846661.038225,1,203,4618,596,297,8.055833,0.049795,0.005609,543,0,0,15,0,0,,14,,,,,,,,,,0,0,0,0,0,0,0,0,,,0
wrpy_supportq_lm_geom,403,1341846661.410178,1,204,4444,497,264,8.237316,0.029854,0.127448,417,7,7,102,0,0,,40,,,,,,,,,,0,0,0,0,0,0,0,0,,,0
wrpy_supportq_lm_geom,404,1341846661.442211,1,205,4441,489,290,8.267598,0.030282,0.134453,433,3,3,138,0,0,,6,,,,,,,,,,0,0,0,0,0,0,0,0,,,0
wrpy_supportq_lm_geom,405,1341846661.474354,1,206,4474,529,323,8.279976,0.012378,0.147962,406,4,3,133,0,0,,14,,,,,,,,,,0,0,0,0,0,0,0,0,,,0
wrpy_supportq_lm_geom,406,1341846661.510169,1,207,4468,540,311,8.295031,0.015055,0.152021,375,1,2,150,0,0,,12,,,,,,,,,,0,0,0,0,0,0,0,0,,,0
wrpy_supportq_lm_geom,412,1341846661.710142,1,204,4320,412,204,8.450003,0.021638,0.221657,325,8,4,275,0,0,,19,,,,,,,,,,0,0,0,0,0,0,0,0,,,0
wrpy_supportq_lm_geom,413,1341846661.742341,1,205,4375,383,189,8.454184,0.004181,0.230615,352,12,18,312,0,0,,11,,,,,,,,,,0,0,0,0,0,0,0,0,,,0
wrpy_supportq_lm_geom,414,1341846661.778063,1,206,4424,401,205,8.459953,0.005769,0.234570,321,6,14,323,0,0,,10,10,,,,,,,,,0,0,0,0,0,0,0,0,,1,0
wrpy_supportq_lm_geom,415,1341846661.810103,1,207,4434,384,217,8.466302,0.006349,0.238587,307,7,5,302,2,0,9,9,9,,,,,,,,,0,0,0,0,0,2,0,0,2,1,0
wrpy_supportq_lm_geom,418,1341846661.910222,1,204,4311,330,175,8.501083,0.005572,0.160645,290,8,37,207,1,0,9,9,,,,,,,,,,0,0,0,0,0,1,0,0,1,,0
wrpy_supportq_lm_geom,419,1341846661.946090,1,205,4345,349,201,8.514361,0.013278,0.136507,288,10,24,194,0,0,,15,,,,,,,,,,0,0,0,0,0,0,0,0,,,0
wrpy_supportq_lm_geom,420,1341846661.978208,1,206,4422,315,175,8.534212,0.019852,0.145859,295,6,13,211,0,0,,16,,,,,,,,,,0,0,0,0,0,0,0,0,,,0
wrpy_supportq_lm_geom,421,1341846662.010311,1,207,4451,303,150,8.540736,0.006523,0.149886,303,8,26,202,0,0,,7,,,,,,,,,,0,0,0,0,0,0,0,0,,,0
wrpy_supportq_lm_geom,422,1341846662.046195,1,206,4414,290,151,8.551779,0.011044,0.117500,366,2,31,148,0,0,,13,,,,,,,,,,0,0,0,0,0,0,0,0,,,0
wrpy_supportq_lm_geom,423,1341846662.078099,1,207,4427,287,172,8.557897,0.006118,0.124121,277,5,14,178,,,,,,,,,,,,,,,,,,,,,,,,
wrpy_supportq_lm_geom,424,1341846662.110672,1,208,4441,303,145,8.560151,0.002254,0.145221,254,5,8,179,0,0,,15,,,,,,,,,,0,0,0,0,0,0,0,0,,,0
wrpy_supportq_lm_geom,425,1341846662.146166,1,209,4450,294,171,8.563601,0.003450,0.108060,284,1,2,139,0,0,,6,,,,,,,,,,0,0,0,0,0,0,0,0,,,0
wrpy_supportq_lm_geom,426,1341846662.178168,1,208,4380,268,139,8.568566,0.004965,0.114391,255,5,5,164,0,0,,6,,,,,,,,,,0,0,0,0,0,0,0,0,,,0
wrpy_supportq_lm_geom,427,1341846662.214136,1,209,4409,264,106,8.574967,0.006401,0.120739,258,20,8,136,0,0,,2,,,,,,,,,,0,0,0,0,0,0,0,0,,,0
wrpy_supportq_lm_geom,428,1341846662.246167,1,210,4424,284,154,8.580568,0.005600,0.092575,295,3,7,105,0,0,,10,,,,,,,,,,0,0,0,0,0,0,0,0,,,0
wrpy_supportq_lm_geom,429,1341846662.278007,1,211,4428,257,138,8.593631,0.013064,0.090033,233,5,6,117,,,,,,,,,,,,,,,,,,,,,,,,
wrpy_supportq_lm_geom,430,1341846662.314144,1,212,4356,267,145,8.605179,0.011547,0.087777,251,1,9,100,0,0,,9,,,,,,,,,,0,0,0,0,0,0,0,0,,,0
wrpy_supportq_lm_geom,431,1341846662.346164,1,213,4347,258,146,8.607957,0.002778,0.088717,227,8,13,87,0,0,,3,,,,,,,,,,0,0,0,0,0,0,0,0,,,0
wrpy_supportq_lm_geom,432,1341846662.378069,1,214,4356,271,147,8.609893,0.001936,0.085583,202,1,1,98,0,0,,5,,,,,,,,,,0,0,0,0,0,0,0,0,,,0
wrpy_supportq_lm_geom,433,1341846662.414229,1,215,4349,265,145,8.612321,0.002429,0.085163,229,6,6,102,0,0,,8,8,,,,,,,,,0,0,0,0,0,0,0,0,,1,0
wrpy_supportq_lm_geom,434,1341846662.446102,1,215,4307,242,138,8.622593,0.010272,0.071016,250,7,6,74,,,,,,,,,,,,,,,,,,,,,,,,
wrpy_supportq_lm_geom,435,1341846662.482229,1,216,4329,229,115,8.622975,0.000382,0.066589,277,0,10,75,,,,,,,,,,,,,,,,,,,,,,,,
wrpy_supportq_lm_geom,436,1341846662.514117,1,217,4358,225,128,8.627026,0.004052,0.064238,269,0,3,59,,,,,,,,,,,,,,,,,,,,,,,,
wrpy_supportq_lm_geom,437,1341846662.546261,1,218,4380,204,107,8.632709,0.005682,0.060732,225,4,6,90,,,,,,,,,,,,,,,,,,,,,,,,
wrpy_supportq_lm_geom,438,1341846662.582101,1,219,4356,217,121,8.644230,0.011521,0.059964,240,3,11,71,,,,,,,,,,,,,,,,,,,,,,,,
wrpy_supportq_lm_geom,439,1341846662.620264,1,220,4377,225,132,8.645493,0.001263,0.064219,240,12,4,65,,,,,,,,,,,,,,,,,,,,,,,,
wrpy_supportq_lm_geom,440,1341846662.650174,1,221,4397,223,132,8.646407,0.000913,0.057331,258,4,13,57,,,,,,,,,,,,,,,,,,,,,,,,
wrpy_supportq_lm_geom,441,1341846662.682024,1,222,4398,252,149,8.647575,0.001169,0.049382,228,5,20,45,,,,,,,,,,,,,,,,,,,,,,,,
wrpy_supportq_lm_geom,443,1341846662.750127,1,222,4347,217,142,8.659339,0.001940,0.050254,226,2,9,44,,,,,,,,,,,,,,,,,,,,,,,,
wrpy_supportq_lm_geom,444,1341846662.782002,1,223,4370,221,156,8.663154,0.003815,0.040872,234,3,7,29,,,,,,,,,,,,,,,,,,,,,,,,
wrpy_supportq_lm_geom,445,1341846662.814097,1,224,4418,219,140,8.666918,0.003763,0.042969,197,3,6,27,,,,,,,,,,,,,,,,,,,,,,,,
wrpy_supportq_lm_geom,446,1341846662.850193,1,225,4434,221,160,8.678829,0.011911,0.047826,234,1,8,29,,,,,,,,,,,,,,,,,,,,,,,,
wrpy_supportq_lm_geom,467,1341846663.554251,1,226,4384,293,167,8.848135,0.003468,0.000000,239,0,0,0,0,0,,12,,,,,,,,,,0,0,0,0,0,0,0,0,,,0
wrpy_supportq_lm_geom,468,1341846663.586143,1,227,4340,309,166,8.870548,0.022413,0.000000,228,0,0,0,0,0,,11,,,,,,,,,,0,0,0,0,0,0,0,0,,,0
wrpy_supportq_lm_geom,469,1341846663.622145,1,228,4368,332,198,8.882644,0.012095,0.000000,257,0,0,0,0,0,,2,,,,,,,,,,0,0,0,0,0,0,0,0,,,0
wrpy_supportq_lm_geom,470,1341846663.654099,1,229,4373,348,211,8.887661,0.005018,0.000000,246,0,0,0,0,0,,5,,,,,,,,,,0,0,0,0,0,0,0,0,,,0
wrpy_supportq_lm_geom,472,1341846663.722109,1,224,4298,337,217,8.921418,0.008978,0.000000,258,0,0,0,0,0,,10,,,,,,,,,,0,0,0,0,0,0,0,0,,,0
wrpy_supportq_lm_geom,473,1341846663.755694,1,225,4318,352,217,8.925912,0.004494,0.000000,230,0,0,0,0,0,,17,,,,,,,,,,0,0,0,0,0,0,0,0,,,0
wrpy_supportq_lm_geom,474,1341846663.786304,1,226,4386,315,128,8.956990,0.031078,0.000000,286,0,0,0,0,0,,1,,,,,,,,,,0,0,0,0,0,0,0,0,,,0
wrpy_supportq_lm_geom,475,1341846663.822090,1,227,4420,362,147,8.990419,0.033429,0.000000,342,0,0,0,0,0,,35,,,,,,,,,,0,0,0,0,0,0,0,0,,,0
wrpy_supportq_lm_geom,477,1341846663.890140,1,228,4382,400,157,9.055920,0.030998,0.000000,343,0,0,0,0,0,,38,,,,,,,,,,0,0,0,0,0,0,0,0,,,0
wrpy_supportq_lm_geom,478,1341846663.921987,1,229,4446,480,148,9.071188,0.015268,0.000000,444,0,0,0,0,0,,47,,,,,,,,,,0,0,0,0,0,0,0,0,,,0
wrpy_supportq_lm_geom,479,1341846663.954282,1,230,4509,555,277,9.094207,0.023020,0.000000,465,0,0,0,0,0,,13,,,,,,,,,,0,0,0,0,0,0,0,0,,,0
wrpy_supportq_lm_geom,480,1341846663.990370,1,231,4516,573,276,9.101505,0.007298,0.000000,462,0,0,0,0,0,,21,,,,,,,,,,0,0,0,0,0,0,0,0,,,0
wrpy_supportq_lm_geom,494,1341846664.458304,1,226,4494,653,310,9.265834,0.003856,0.000000,796,0,0,0,,,,,,,,,,,,,,,,,,,,,,,,
wrpy_supportq_lm_geom,495,1341846664.490116,1,227,4609,734,404,9.271396,0.005562,0.000000,865,0,0,0,,,,,,,,,,,,,,,,,,,,,,,,
wrpy_supportq_lm_geom,496,1341846664.526173,1,228,4746,766,470,9.274917,0.003521,0.000000,885,0,0,0,,,,,,,,,,,,,,,,,,,,,,,,
wrpy_supportq_lm_geom,497,1341846664.558129,1,229,4770,811,493,9.278780,0.003863,0.000000,875,0,0,0,,,,,,,,,,,,,,,,,,,,,,,,
wrpy_supportq_lm_geom,520,1341846665.330156,1,222,4668,591,329,9.589988,0.008029,0.000000,938,0,0,0,,,,,,,,,,,,,,,,,,,,,,,,
wrpy_supportq_lm_geom,523,1341846665.430162,1,223,4851,653,325,9.650138,0.021754,0.000000,957,0,0,0,,,,,,,,,,,,,,,,,,,,,,,,
wrpy_supportq_lm_geom,524,1341846665.462226,1,224,5080,743,448,9.664757,0.014619,0.000000,976,0,0,0,0,0,,3,,,,,,,,,,0,0,0,0,0,0,0,0,,,0
wrpy_supportq_lm_geom,525,1341846665.498226,1,225,5135,757,466,9.667929,0.003171,0.000000,963,0,0,0,0,0,,4,,,,,,,,,,0,0,0,0,0,0,0,0,,,0
wrpy_supportq_lm_geom,536,1341846665.866106,1,221,4880,544,315,9.749958,0.008669,0.000000,935,0,0,0,0,0,,6,,,,,,,,,,0,0,0,0,0,0,0,0,,,0
wrpy_supportq_lm_geom,540,1341846665.998149,1,222,4939,615,346,9.776582,0.005896,0.051989,853,4,5,122,0,0,,5,,,,,,,,,,0,0,0,0,0,0,0,0,,,0
wrpy_supportq_lm_geom,541,1341846666.034210,1,223,5034,692,421,9.784577,0.007995,0.059391,858,2,5,112,0,0,,3,,,,,,,,,,0,0,0,0,0,0,0,0,,,0
wrpy_supportq_lm_geom,542,1341846666.072502,1,224,5058,747,472,9.791774,0.007197,0.050065,841,4,5,110,0,0,,1,,,,,,,,,,0,0,0,0,0,0,0,0,,,0
wrpy_supportq_lm_geom,546,1341846666.202327,1,218,4868,555,352,9.824477,0.005363,0.070339,791,1,28,133,0,0,,6,,,,,,,,,,0,0,0,0,0,0,0,0,,,0
wrpy_supportq_lm_geom,548,1341846666.266322,1,219,5118,533,315,9.846544,0.015829,0.000000,915,0,0,0,,,,,,,,,,,,,,,,,,,,,,,,
wrpy_supportq_lm_geom,549,1341846666.302195,1,220,5478,532,282,9.870933,0.024389,0.000000,908,0,0,0,,,,,,,,,,,,,,,,,,,,,,,,
wrpy_supportq_lm_geom,550,1341846666.335080,1,221,5566,660,389,9.886428,0.015495,0.061849,799,37,15,181,0,0,,3,,,,,,,,,,0,0,0,0,0,0,0,0,,,0
wrpy_supportq_lm_geom,555,1341846666.502190,1,219,5267,438,247,9.927042,0.008413,0.056732,677,14,33,217,,,,,,,,,,,,,,,,,,,,,,,,
wrpy_supportq_lm_geom,557,1341846666.570131,1,220,5211,430,257,9.946627,0.017108,0.051755,647,7,23,199,,,,,,,,,,,,,,,,,,,,,,,,
wrpy_supportq_lm_geom,558,1341846666.602180,1,221,5342,486,317,9.950042,0.003416,0.056882,618,3,23,221,,,,,,,,,,,,,,,,,,,,,,,,
wrpy_supportq_lm_geom,559,1341846666.638072,1,222,5349,485,314,9.958405,0.008362,0.063506,612,7,24,272,,,,,,,,,,,,,,,,,,,,,,,,
wrpy_supportq_lm_geom,566,1341846666.870483,1,223,5177,319,214,10.044426,0.008717,0.065273,570,9,36,271,,,,,,,,,,,,,,,,,,,,,,,,
wrpy_supportq_lm_geom,569,1341846666.970036,1,224,5198,341,224,10.069740,0.009831,0.072236,523,9,50,304,,,,,,,,,,,,,,,,,,,,,,,,
wrpy_supportq_lm_geom,570,1341846667.006200,1,225,5305,332,229,10.082375,0.012635,0.083682,453,7,33,335,,,,,,,,,,,,,,,,,,,,,,,,
wrpy_supportq_lm_geom,571,1341846667.038153,1,226,5285,271,172,10.097682,0.015307,0.093109,368,4,34,350,0,0,,0,0,,,,,,,,,0,0,0,0,0,0,0,0,,1,0
wrpy_supportq_lm_geom,572,1341846667.074153,1,227,5123,189,102,10.137994,0.040312,0.073125,353,5,54,222,,,,,,,,,,,,,,,,,,,,,,,,
wrpy_supportq_lm_geom,573,1341846667.106156,1,228,5163,214,128,10.161050,0.023056,0.084271,348,6,40,323,0,0,,0,0,,,,,,,,,0,0,0,0,0,0,0,0,,2,0
wrpy_supportq_lm_geom,574,1341846667.138108,1,229,5246,228,119,10.172411,0.011361,0.094756,382,6,63,337,,,,,,,,,,,,,,,,,,,,,,,,
wrpy_supportq_lm_geom,575,1341846667.174105,1,230,5257,246,140,10.193547,0.021136,0.089147,341,17,36,372,,,,,,,,,,,,,,,,,,,,,,,,
wrpy_supportq_lm_geom,577,1341846667.238075,1,231,5138,191,79,10.238287,0.024556,0.111491,276,4,14,446,0,0,,2,2,,,,,,,,,0,0,0,0,0,0,0,0,,19,0
wrpy_supportq_lm_geom,578,1341846667.274016,1,232,5170,241,132,10.261998,0.023711,0.102852,320,14,27,376,,,,,,,,,,,,,,,,,,,,,,,,
wrpy_supportq_lm_geom,579,1341846667.306189,1,233,5252,258,132,10.296951,0.034953,0.113740,353,14,22,368,0,0,,0,0,,,,,,,,,0,0,0,0,0,0,0,0,,27,0
wrpy_supportq_lm_geom,580,1341846667.342253,1,234,5328,283,117,10.343777,0.046827,0.122803,406,7,40,399,7,26,0,0,0,,,,,,,,,0,26,0,26,26,7,0,0,7,155,0
wrpy_supportq_lm_geom,583,1341846667.442109,1,235,5277,290,110,10.481920,0.063647,0.134401,478,13,51,439,4,29,4,6,5,,,,,,,,,0,26,4,29,29,4,0,0,4,75,0
wrpy_supportq_lm_geom,584,1341846667.474109,1,236,5444,364,170,10.502586,0.020666,0.116110,614,23,66,369,2,25,1,2,1,0,1,1,1,1,0,0,1,7,23,12,24,25,2,7,7,2,5,1
wrpy_supportq_lm_geom,585,1341846667.506006,1,237,5532,425,189,10.517845,0.015259,0.125833,572,38,53,413,0,0,,5,3,,,,,,,,,0,0,0,0,0,0,0,0,,3,0
wrpy_supportq_lm_geom,586,1341846667.542298,1,238,5557,386,125,10.547111,0.029266,0.137168,491,22,29,437,0,15,,6,4,0,1,1,1,0,0,0,1,5,13,13,15,15,0,5,5,,18,1
wrpy_supportq_lm_geom,590,1341846667.674072,1,237,5408,540,224,10.722523,0.079401,0.127090,740,18,43,230,1,1,0,16,6,,,,,,,,,0,1,0,1,1,1,0,0,1,4,0
wrpy_supportq_lm_geom,591,1341846667.710179,1,238,5385,604,276,10.729116,0.006593,0.135039,655,10,9,278,0,0,,9,5,,,,,,,,,0,0,0,0,0,0,0,0,,7,0
wrpy_supportq_lm_geom,592,1341846667.742255,1,239,5466,568,241,10.742393,0.013277,0.157256,614,16,24,362,0,0,,0,0,,,,,,,,,0,0,0,0,0,0,0,0,,4,0
wrpy_supportq_lm_geom,593,1341846667.774114,1,240,5516,572,240,10.763757,0.021364,0.141006,697,32,50,270,2,16,0,4,0,,,,,,,,,0,16,0,16,16,2,0,0,2,2,0
wrpy_supportq_lm_geom,600,1341846668.010215,1,241,5304,519,193,10.849655,0.014825,0.209792,609,11,26,361,0,0,,12,6,,,,,,,,,0,0,0,0,0,0,0,0,,17,0
wrpy_supportq_lm_geom,601,1341846668.046247,1,242,5274,564,258,10.859040,0.009385,0.232275,627,7,23,357,1,2,0,1,1,,,,,,,,,0,2,0,2,2,1,0,0,1,7,0
wrpy_supportq_lm_geom,602,1341846668.078111,1,243,5389,577,289,10.863654,0.004614,0.175537,715,16,39,240,2,2,1,5,4,,,,,,,,,0,2,0,2,2,2,0,0,2,4,0
wrpy_supportq_lm_geom,603,1341846668.110130,1,244,5428,602,301,10.869520,0.005866,0.195088,688,14,25,279,1,0,1,2,1,,,,,,,,,0,0,0,0,0,1,0,0,1,11,0
wrpy_supportq_lm_geom,605,1341846668.178208,1,242,5343,521,199,10.916740,0.013280,0.093411,776,12,43,174,0,0,,0,0,,,,,,,,,0,0,0,0,0,0,0,0,,7,0
wrpy_supportq_lm_geom,606,1341846668.211262,1,243,5487,588,243,10.948784,0.032044,0.102360,809,15,33,139,0,0,,1,0,,,,,,,,,0,0,0,0,0,0,0,0,,6,0
wrpy_supportq_lm_geom,607,1341846668.246163,1,244,5628,595,238,10.959037,0.010252,0.116279,754,10,17,161,0,0,,1,0,,,,,,,,,0,0,0,0,0,0,0,0,,4,0
wrpy_supportq_lm_geom,608,1341846668.278397,1,245,5720,577,251,10.965201,0.006164,0.146009,803,14,42,111,2,5,1,2,,,,,,,,,,1,3,3,5,5,2,1,1,2,,0
wrpy_supportq_lm_geom,611,1341846668.378099,1,244,5590,557,242,11.006557,0.017929,0.132305,789,7,27,49,0,0,,6,1,,,,,,,,,0,0,0,0,0,0,0,0,,1,0
wrpy_supportq_lm_geom,612,1341846668.414247,1,245,5601,658,328,11.029784,0.023227,0.144307,767,5,16,69,1,1,1,6,0,,,,,,,,,1,1,1,1,1,1,1,1,1,1,0
wrpy_supportq_lm_geom,613,1341846668.445965,1,246,5611,634,266,11.046163,0.016379,0.153581,741,4,9,78,1,3,3,10,,,,,,,,,,0,2,2,1,3,1,0,0,1,,0
wrpy_supportq_lm_geom,614,1341846668.478153,1,247,5688,568,175,11.064289,0.018126,0.142327,746,8,25,63,1,0,0,2,0,,,,,,,,,0,0,0,0,0,1,0,0,1,1,0
wrpy_supportq_lm_geom,616,1341846668.546115,1,246,5537,581,268,11.106412,0.014290,0.144557,745,3,7,69,,,,,,,,,,,,,,,,,,,,,,,,
wrpy_supportq_lm_geom,617,1341846668.582467,1,247,5576,603,289,11.130205,0.023793,0.118496,776,16,17,22,0,0,,4,1,,,,,,,,,0,0,0,0,0,0,0,0,,1,0
wrpy_supportq_lm_geom,618,1341846668.614140,1,248,5548,548,234,11.154936,0.024732,0.117555,722,7,22,29,0,0,,3,,,,,,,,,,0,0,0,0,0,0,0,0,,,0
wrpy_supportq_lm_geom,619,1341846668.646312,1,249,5541,579,255,11.177294,0.022358,0.119639,716,6,24,42,0,0,,3,,,,,,,,,,0,0,0,0,0,0,0,0,,,0
wrpy_supportq_lm_geom,623,1341846668.782338,1,247,5308,536,198,11.264329,0.029939,0.129645,517,1,15,51,0,0,,3,,,,,,,,,,0,0,0,0,0,0,0,0,,,0
wrpy_supportq_lm_geom,624,1341846668.814140,1,248,5232,563,272,11.278699,0.014370,0.130439,492,11,18,47,0,0,,4,,,,,,,,,,0,0,0,0,0,0,0,0,,,0
wrpy_supportq_lm_geom,625,1341846668.850214,1,249,5250,583,266,11.292917,0.014218,0.131344,476,9,13,59,2,0,3,3,2,,,,,,,,,0,0,0,0,0,2,0,0,2,1,0
wrpy_supportq_lm_geom,626,1341846668.882442,1,250,5277,580,295,11.300025,0.007108,0.125120,507,6,10,37,0,0,,2,,,,,,,,,,0,0,0,0,0,0,0,0,,,0
wrpy_supportq_lm_geom,629,1341846668.982227,1,250,5150,571,234,11.366115,0.036691,0.137054,503,7,7,92,,,,,,,,,,,,,,,,,,,,,,,,
wrpy_supportq_lm_geom,630,1341846669.014062,1,251,5186,610,303,11.372773,0.006658,0.142790,515,2,1,99,0,0,,1,0,,,,,,,,,0,0,0,0,0,0,0,0,,2,0
wrpy_supportq_lm_geom,631,1341846669.050056,1,252,5216,630,311,11.392355,0.019582,0.152546,515,6,4,108,0,0,,3,,,,,,,,,,0,0,0,0,0,0,0,0,,,0
wrpy_supportq_lm_geom,632,1341846669.082525,1,253,5246,626,298,11.415683,0.023327,0.147848,551,10,7,100,0,0,,1,,,,,,,,,,0,0,0,0,0,0,0,0,,,0
wrpy_supportq_lm_geom,645,1341846669.518033,1,251,5161,630,238,11.619158,0.007457,0.087083,726,2,4,64,0,0,,27,,,,,,,,,,0,0,0,0,0,0,0,0,,,0
wrpy_supportq_lm_geom,646,1341846669.554159,1,252,5251,698,342,11.639582,0.020423,0.087734,758,0,2,72,1,0,0,3,2,,,,,,,,,0,0,0,0,0,1,0,0,1,2,0
wrpy_supportq_lm_geom,647,1341846669.586348,1,253,5362,723,337,11.656633,0.017051,0.063395,729,8,14,31,0,0,,10,,,,,,,,,,0,0,0,0,0,0,0,0,,,0
wrpy_supportq_lm_geom,648,1341846669.617976,1,254,5418,730,324,11.674514,0.017881,0.060283,776,5,5,30,0,0,,13,,,,,,,,,,0,0,0,0,0,0,0,0,,,0
wrpy_supportq_lm_geom,658,1341846669.954047,1,253,5279,570,221,11.857389,0.040371,0.116725,691,14,7,157,0,0,,19,,,,,,,,,,0,0,0,0,0,0,0,0,,,0
wrpy_supportq_lm_geom,659,1341846669.986285,1,254,5418,617,279,11.867730,0.010341,0.000000,863,0,0,0,0,0,,5,,,,,,,,,,0,0,0,0,0,0,0,0,,,0
wrpy_supportq_lm_geom,660,1341846670.022242,1,255,5541,696,338,11.899634,0.031904,0.134277,740,41,21,169,0,0,,15,,,,,,,,,,0,0,0,0,0,0,0,0,,,0
wrpy_supportq_lm_geom,661,1341846670.054135,1,256,5567,675,299,11.908396,0.008762,0.138304,676,22,10,222,0,0,,5,,,,,,,,,,0,0,0,0,0,0,0,0,,,0
wrpy_supportq_lm_geom,664,1341846670.154057,1,255,5289,580,242,11.935225,0.004341,0.149577,641,30,29,253,0,0,,2,,,,,,,,,,0,0,0,0,0,0,0,0,,,0
wrpy_supportq_lm_geom,665,1341846670.190103,1,256,5518,593,297,11.947673,0.012448,0.000000,863,0,0,0,0,0,,1,,,,,,,,,,0,0,0,0,0,0,0,0,,,0
wrpy_supportq_lm_geom,666,1341846670.222197,1,257,5759,632,299,11.982684,0.035011,0.000000,875,0,0,0,0,0,,6,,,,,,,,,,0,0,0,0,0,0,0,0,,,0
wrpy_supportq_lm_geom,667,1341846670.258571,1,258,5817,658,340,12.007460,0.024776,0.135771,681,62,24,233,0,0,,16,,,,,,,,,,0,0,0,0,0,0,0,0,,,0
wrpy_supportq_lm_geom,668,1341846670.290254,1,258,5690,600,272,12.014560,0.007100,0.000000,876,0,0,0,0,0,,8,,,,,,,,,,0,0,0,0,0,0,0,0,,,0
wrpy_supportq_lm_geom,669,1341846670.322105,1,259,5891,577,234,12.047617,0.033056,0.000000,892,0,0,0,0,0,,13,,,,,,,,,,0,0,0,0,0,0,0,0,,,0
wrpy_supportq_lm_geom,670,1341846670.358377,1,260,6139,598,248,12.096354,0.048737,0.000000,873,0,0,0,0,0,,7,,,,,,,,,,0,0,0,0,0,0,0,0,,,0
wrpy_supportq_lm_geom,671,1341846670.390114,1,261,6184,665,249,12.144021,0.047667,0.000000,867,0,0,0,0,0,,20,,,,,,,,,,0,0,0,0,0,0,0,0,,,0
wrpy_supportq_lm_geom,672,1341846670.422206,1,261,5955,610,177,12.190856,0.046835,0.000000,855,0,0,0,0,0,,21,,,,,,,,,,0,0,0,0,0,0,0,0,,,0
wrpy_supportq_lm_geom,673,1341846670.464003,1,262,6078,607,192,12.239758,0.048902,0.000000,865,0,0,0,0,0,,18,,,,,,,,,,0,0,0,0,0,0,0,0,,,0
wrpy_supportq_lm_geom,674,1341846670.490173,1,263,6099,620,172,12.268718,0.028959,0.133695,611,35,24,253,1,0,16,36,31,,,,,,,,,0,0,0,0,0,1,0,0,1,7,0
wrpy_supportq_lm_geom,675,1341846670.526271,1,264,6037,598,154,12.271837,0.003119,0.113831,579,27,17,219,0,0,,25,7,,,,,,,,,0,0,0,0,0,0,0,0,,1,0
wrpy_supportq_lm_geom,676,1341846670.566977,1,265,5740,538,157,12.296908,0.025072,0.115723,557,32,25,215,1,2,1,7,1,,,,,,,,,0,1,1,2,2,1,0,0,1,1,0
wrpy_supportq_lm_geom,677,1341846670.596103,1,266,5731,524,155,12.303428,0.006520,0.158538,488,23,28,246,0,0,,5,,,,,,,,,,0,0,0,0,0,0,0,0,,,0
wrpy_supportq_lm_geom,678,1341846670.628412,1,267,5727,526,159,12.307165,0.003737,0.172985,401,8,15,328,0,0,,3,0,,,,,,,,,0,0,0,0,0,0,0,0,,1,0
wrpy_supportq_lm_geom,679,1341846670.664027,1,268,5699,494,132,12.312795,0.005630,0.190993,364,10,7,388,0,0,,5,0,,,,,,,,,0,0,0,0,0,0,0,0,,9,0
wrpy_supportq_lm_geom,680,1341846670.696002,1,269,5537,452,107,12.329275,0.016479,0.161719,375,20,35,301,1,0,1,9,4,,,,,,,,,0,0,0,0,0,1,0,0,1,1,0
wrpy_supportq_lm_geom,681,1341846670.728093,1,270,5560,422,116,12.331223,0.001948,0.173011,328,19,6,324,0,0,,2,0,,,,,,,,,0,0,0,0,0,0,0,0,,1,0
wrpy_supportq_lm_geom,682,1341846670.764128,1,271,5590,405,109,12.348044,0.016821,0.186794,275,23,3,337,0,0,,7,5,,,,,,,,,0,0,0,0,0,0,0,0,,5,0
wrpy_supportq_lm_geom,683,1341846670.796059,1,272,5614,414,99,12.354562,0.006518,0.150277,374,21,30,219,1,0,3,4,,,,,,,,,,0,0,0,0,0,1,0,0,1,,0
wrpy_supportq_lm_geom,684,1341846670.832246,1,271,5512,405,107,12.373439,0.018876,0.169414,319,11,5,280,0,0,,10,,,,,,,,,,0,0,0,0,0,0,0,0,,,0
wrpy_supportq_lm_geom,685,1341846670.863970,1,272,5535,400,118,12.378152,0.004713,0.191074,266,18,6,289,1,0,4,10,3,,,,,,,,,0,0,0,0,0,1,0,0,1,1,0
wrpy_supportq_lm_geom,686,1341846670.896139,1,273,5560,361,64,12.386513,0.008361,0.166110,302,14,31,215,5,25,0,3,0,,,,,,,,,2,15,25,11,25,5,5,5,5,1,0
wrpy_supportq_lm_geom,687,1341846670.932028,1,274,5570,366,72,12.396252,0.009739,0.192669,243,17,10,307,0,0,,3,2,,,,,,,,,0,0,0,0,0,0,0,0,,3,0
wrpy_supportq_lm_geom,688,1341846670.964063,1,275,5465,379,77,12.409377,0.013125,0.217809,221,23,7,374,2,1,0,13,6,,,,,,,,,0,0,1,1,1,2,0,0,2,6,0
wrpy_supportq_lm_geom,689,1341846671.000270,1,276,5476,338,80,12.429112,0.019735,0.173704,278,20,29,244,0,0,,17,2,,,,,,,,,0,0,0,0,0,0,0,0,,2,0
wrpy_supportq_lm_geom,690,1341846671.032112,1,277,5477,361,75,12.446716,0.017604,0.194141,245,34,22,292,0,0,,6,0,,,,,,,,,0,0,0,0,0,0,0,0,,3,0
wrpy_supportq_lm_geom,691,1341846671.064030,1,278,5481,339,77,12.460204,0.013488,0.215495,192,15,7,351,0,0,,9,0,,,,,,,,,0,0,0,0,0,0,0,0,,1,0
wrpy_supportq_lm_geom,692,1341846671.101398,1,277,5430,326,73,12.477424,0.017220,0.162435,244,11,25,259,0,0,,7,1,,,,,,,,,0,0,0,0,0,0,0,0,,1,0
wrpy_supportq_lm_geom,693,1341846671.132289,1,278,5445,292,53,12.490881,0.013457,0.181361,212,13,15,275,1,1,0,8,3,,,,,,,,,1,1,1,1,1,1,1,1,1,4,0
wrpy_supportq_lm_geom,694,1341846671.168159,1,279,5462,295,60,12.543536,0.052656,0.191816,206,19,9,285,5,15,4,4,0,,,,,,,,,0,10,5,10,15,5,0,0,5,1,0
wrpy_supportq_lm_geom,695,1341846671.200149,1,280,5480,329,80,12.582058,0.038522,0.148047,257,18,36,209,0,0,,7,3,,,,,,,,,0,0,0,0,0,0,0,0,,2,0
wrpy_supportq_lm_geom,696,1341846671.232280,1,281,5400,312,75,12.613437,0.031378,0.167611,213,13,6,252,0,0,,14,,,,,,,,,,0,0,0,0,0,0,0,0,,,0
wrpy_supportq_lm_geom,697,1341846671.268147,1,282,5400,313,82,12.648037,0.034600,0.189160,199,4,0,293,0,0,,5,2,,,,,,,,,0,0,0,0,0,0,0,0,,1,0
wrpy_supportq_lm_geom,698,1341846671.300337,1,283,5409,309,72,12.672518,0.024481,0.175046,221,5,11,249,2,0,1,11,,,,,,,,,,0,0,0,0,0,2,0,0,2,,0
wrpy_supportq_lm_geom,699,1341846671.336125,1,284,5415,335,94,12.731755,0.059237,0.180133,215,5,4,249,1,0,0,7,3,,,,,,,,,0,0,0,0,0,1,0,0,1,3,0
wrpy_supportq_lm_geom,700,1341846671.368236,1,283,5368,330,90,12.769319,0.037563,0.185042,217,3,7,289,0,0,,71,68,,,,,,,,,0,0,0,0,0,0,0,0,,17,0
wrpy_supportq_lm_geom,701,1341846671.400327,1,284,5441,353,113,12.783541,0.014222,0.151654,235,11,13,239,2,2,36,48,36,,,,,,,,,0,0,2,0,2,2,0,0,2,6,0
wrpy_supportq_lm_geom,702,1341846671.436064,1,285,5489,397,153,12.806900,0.023359,0.160654,246,13,7,249,0,0,,37,,,,,,,,,,0,0,0,0,0,0,0,0,,,0
wrpy_supportq_lm_geom,703,1341846671.468197,1,286,5504,430,173,12.829545,0.022645,0.171133,236,6,1,273,2,14,3,43,,,,,,,,,,0,4,14,0,14,2,0,0,2,,0
wrpy_supportq_lm_geom,704,1341846671.504294,1,287,5580,374,128,12.851425,0.021880,0.000000,481,0,0,0,0,0,,18,9,,,,,,,,,0,0,0,0,0,0,0,0,,1,0
wrpy_supportq_lm_geom,705,1341846671.536197,1,288,5602,434,189,12.863445,0.012020,0.148102,264,10,6,263,0,0,,3,2,,,,,,,,,0,0,0,0,0,0,0,0,,1,0
wrpy_supportq_lm_geom,706,1341846671.568120,1,289,5609,446,184,12.879166,0.015721,0.155973,262,3,2,261,0,0,,2,,,,,,,,,,0,0,0,0,0,0,0,0,,,0
wrpy_supportq_lm_geom,707,1341846671.604188,1,290,5625,394,137,12.892075,0.012909,0.000000,476,0,0,0,0,0,,4,,,,,,,,,,0,0,0,0,0,0,0,0,,,0
wrpy_supportq_lm_geom,708,1341846671.636057,1,287,5650,380,125,12.902071,0.009997,0.000000,497,0,0,0,,,,,,,,,,,,,,,,,,,,,,,,
wrpy_supportq_lm_geom,709,1341846671.672157,1,288,5759,401,157,12.922679,0.020608,0.000000,492,0,0,0,5,5,43,111,23,,,,,,,,,0,0,5,0,5,5,0,0,5,1,0
wrpy_supportq_lm_geom,710,1341846671.704027,1,289,5798,431,193,12.940267,0.017588,0.074990,357,28,11,145,3,2,31,55,31,,,,,,,,,0,0,2,0,2,3,0,0,3,2,0
wrpy_supportq_lm_geom,711,1341846671.736479,1,290,5762,447,195,12.951096,0.010828,0.081973,351,21,16,168,0,0,,47,47,,,,,,,,,0,0,0,0,0,0,0,0,,7,0
wrpy_supportq_lm_geom,713,1341846671.804605,1,289,5657,401,175,12.978708,0.006552,0.110322,310,14,6,181,0,0,,33,,,,,,,,,,0,0,0,0,0,0,0,0,,,0
wrpy_supportq_lm_geom,714,1341846671.840252,1,290,5680,417,180,12.989093,0.010385,0.119707,284,13,8,206,0,0,,18,,,,,,,,,,0,0,0,0,0,0,0,0,,,0
wrpy_supportq_lm_geom,715,1341846671.872106,1,291,5706,434,186,12.997920,0.008827,0.128714,282,8,7,203,1,3,14,14,,,,,,,,,,0,2,3,0,3,1,2,2,1,,0
wrpy_supportq_lm_geom,716,1341846671.904035,1,292,5734,390,163,13.007684,0.009764,0.128184,288,13,8,183,0,0,,13,,,,,,,,,,0,0,0,0,0,0,0,0,,,0
wrpy_supportq_lm_geom,717,1341846671.972239,1,293,5689,414,168,13.034747,0.027063,0.139867,292,9,1,211,,,,,,,,,,,,,,,,,,,,,,,,
wrpy_supportq_lm_geom,718,1341846671.998175,1,294,5703,391,162,13.044377,0.009630,0.147858,274,3,0,225,,,,,,,,,,,,,,,,,,,,,,,,
wrpy_supportq_lm_geom,719,1341846672.034218,1,295,5772,402,165,13.077410,0.033033,0.087848,411,9,7,51,,,,,,,,,,,,,,,,,,,,,,,,
wrpy_supportq_lm_geom,720,1341846672.066227,1,296,5799,406,183,13.081850,0.004440,0.099463,406,12,10,43,,,,,,,,,,,,,,,,,,,,,,,,
wrpy_supportq_lm_geom,725,1341846672.234130,1,292,5737,373,169,13.126175,0.010743,0.075238,377,4,4,44,,,,,,,,,,,,,,,,,,,,,,,,
wrpy_supportq_lm_geom,726,1341846672.266403,1,293,5735,412,195,13.138051,0.011876,0.078701,401,8,3,44,,,,,,,,,,,,,,,,,,,,,,,,
wrpy_supportq_lm_geom,727,1341846672.302710,1,294,5790,408,206,13.151123,0.013072,0.079271,380,7,0,47,,,,,,,,,,,,,,,,,,,,,,,,
wrpy_supportq_lm_geom,728,1341846672.335022,1,295,5803,423,206,13.158069,0.006946,0.070397,383,2,3,45,,,,,,,,,,,,,,,,,,,,,,,,
wrpy_supportq_lm_geom,733,1341846672.502610,1,294,5734,410,169,13.202041,0.016928,0.065146,380,6,5,37,,,,,,,,,,,,,,,,,,,,,,,,
wrpy_supportq_lm_geom,734,1341846672.534812,1,295,5772,406,209,13.209093,0.007052,0.000000,417,0,0,0,,,,,,,,,,,,,,,,,,,,,,,,
wrpy_supportq_lm_geom,735,1341846672.570153,1,296,5840,429,245,13.212961,0.003868,0.000000,432,0,0,0,,,,,,,,,,,,,,,,,,,,,,,,
wrpy_supportq_lm_geom,736,1341846672.608881,1,297,5877,422,221,13.215371,0.002409,0.056579,406,2,2,35,,,,,,,,,,,,,,,,,,,,,,,,
wrpy_supportq_lm_geom,739,1341846672.738399,1,297,5802,419,179,13.252122,0.009821,0.070765,402,2,0,49,,,,,,,,,,,,,,,,,,,,,,,,
wrpy_supportq_lm_geom,740,1341846672.770288,1,298,5818,411,207,13.254193,0.002072,0.060990,405,4,3,34,,,,,,,,,,,,,,,,,,,,,,,,
wrpy_supportq_lm_geom,741,1341846672.803280,1,299,5849,427,211,13.258108,0.003915,0.072946,406,1,0,41,,,,,,,,,,,,,,,,,,,,,,,,
wrpy_supportq_lm_geom,742,1341846672.838034,1,300,5871,414,226,13.264486,0.006378,0.086094,388,3,0,46,,,,,,,,,,,,,,,,,,,,,,,,
wrpy_supportq_lm_geom,749,1341846673.070235,1,301,5825,433,199,13.319582,0.016154,0.000000,420,0,0,0,,,,,,,,,,,,,,,,,,,,,,,,
wrpy_supportq_lm_geom,750,1341846673.106189,1,302,5839,432,216,13.322982,0.003400,0.000000,410,0,0,0,,,,,,,,,,,,,,,,,,,,,,,,
wrpy_supportq_lm_geom,751,1341846673.138104,1,303,5882,465,233,13.332275,0.009293,0.000000,444,0,0,0,,,,,,,,,,,,,,,,,,,,,,,,
wrpy_supportq_lm_geom,752,1341846673.170298,1,304,5873,489,253,13.336152,0.003877,0.054886,414,1,0,30,,,,,,,,,,,,,,,,,,,,,,,,
wrpy_supportq_lm_geom,757,1341846673.338187,1,305,5751,421,210,13.387453,0.006044,0.170192,263,3,2,200,,,,,,,,,,,,,,,,,,,,,,,,
wrpy_supportq_lm_geom,758,1341846673.374098,1,306,5725,421,197,13.394127,0.006674,0.139082,277,5,8,161,,,,,,,,,,,,,,,,,,,,,,,,
wrpy_supportq_lm_geom,759,1341846673.406266,1,307,5730,433,210,13.396414,0.002287,0.152106,262,4,5,181,,,,,,,,,,,,,,,,,,,,,,,,
wrpy_supportq_lm_geom,760,1341846673.438267,1,308,5737,408,185,13.399535,0.003121,0.163936,274,4,2,203,,,,,,,,,,,,,,,,,,,,,,,,
wrpy_supportq_lm_geom,761,1341846673.474135,1,307,5723,422,209,13.435892,0.036357,0.076025,337,3,2,130,,,,,,,,,,,,,,,,,,,,,,,,
wrpy_supportq_lm_geom,762,1341846673.506260,1,308,5753,449,226,13.441314,0.005421,0.081895,338,0,0,124,,,,,,,,,,,,,,,,,,,,,,,,
wrpy_supportq_lm_geom,763,1341846673.542168,1,309,5782,468,234,13.454468,0.013154,0.087581,331,1,1,137,,,,,,,,,,,,,,,,,,,,,,,,
wrpy_supportq_lm_geom,764,1341846673.574072,1,310,5776,466,241,13.466248,0.011780,0.146195,299,15,4,160,,,,,,,,,,,,,,,,,,,,,,,,
wrpy_supportq_lm_geom,766,1341846673.648026,1,309,5702,417,194,13.505649,0.014855,0.180827,285,3,0,197,,,,,,,,,,,,,,,,,,,,,,,,
wrpy_supportq_lm_geom,767,1341846673.673965,1,310,5710,429,204,13.507888,0.002239,0.172816,341,10,12,176,,,,,,,,,,,,,,,,,,,,,,,,
wrpy_supportq_lm_geom,768,1341846673.710162,1,311,5733,417,187,13.520050,0.012162,0.195876,302,2,3,200,,,,,,,,,,,,,,,,,,,,,,,,
wrpy_supportq_lm_geom,769,1341846673.742225,1,312,5729,436,172,13.526762,0.006712,0.216559,306,2,2,206,,,,,,,,,,,,,,,,,,,,,,,,
wrpy_supportq_lm_geom,770,1341846673.774298,1,310,5661,436,228,13.548111,0.021349,0.207813,315,8,9,193,,,,,,,,,,,,,,,,,,,,,,,,
wrpy_supportq_lm_geom,771,1341846673.810154,1,311,5672,438,216,13.555447,0.007336,0.231182,315,2,2,214,,,,,,,,,,,,,,,,,,,,,,,,
wrpy_supportq_lm_geom,772,1341846673.842305,1,312,5685,424,212,13.564231,0.008784,0.252165,323,4,2,233,,,,,,,,,,,,,,,,,,,,,,,,
wrpy_supportq_lm_geom,773,1341846673.874285,1,313,5707,435,200,13.575519,0.011289,0.205225,359,11,17,217,,,,,,,,,,,,,,,,,,,,,,,,
wrpy_supportq_lm_geom,774,1341846673.910253,1,313,5616,414,214,13.591352,0.015832,0.227298,323,17,8,256,,,,,,,,,,,,,,,,,,,,,,,,
wrpy_supportq_lm_geom,775,1341846673.942284,1,314,5641,457,220,13.598549,0.007197,0.254186,305,9,6,299,,,,,,,,,,,,,,,,,,,,,,,,
wrpy_supportq_lm_geom,776,1341846673.978434,1,315,5646,453,239,13.615427,0.016878,0.229596,306,16,17,277,,,,,,,,,,,,,,,,,,,,,,,,
wrpy_supportq_lm_geom,777,1341846674.016486,1,316,5652,450,224,13.622461,0.007034,0.243330,302,8,5,306,,,,,,,,,,,,,,,,,,,,,,,,
wrpy_supportq_lm_geom,778,1341846674.052060,1,316,5588,426,221,13.632520,0.010059,0.256432,306,13,7,303,,,,,,,,,,,,,,,,,,,,,,,,
wrpy_supportq_lm_geom,779,1341846674.084057,1,317,5599,423,230,13.644132,0.011613,0.226751,297,7,7,290,,,,,,,,,,,,,,,,,,,,,,,,
wrpy_supportq_lm_geom,780,1341846674.152235,1,318,5617,419,234,13.658425,0.014293,0.250332,321,4,5,301,,,,,,,,,,,,,,,,,,,,,,,,
wrpy_supportq_lm_geom,781,1341846674.178154,1,319,5630,412,217,13.670891,0.012466,0.273151,290,3,7,335,,,,,,,,,,,,,,,,,,,,,,,,
wrpy_supportq_lm_geom,782,1341846674.210322,1,317,5569,421,210,13.690646,0.019755,0.239440,326,18,14,298,,,,,,,,,,,,,,,,,,,,,,,,
wrpy_supportq_lm_geom,783,1341846674.246217,1,318,5586,424,212,13.710210,0.019564,0.265173,343,8,16,310,,,,,,,,,,,,,,,,,,,,,,,,
wrpy_supportq_lm_geom,784,1341846674.278035,1,319,5606,432,225,13.723172,0.012962,0.281357,339,10,21,331,,,,,,,,,,,,,,,,,,,,,,,,
wrpy_supportq_lm_geom,785,1341846674.310117,1,320,5609,422,227,13.740532,0.017359,0.248594,346,8,22,309,,,,,,,,,,,,,,,,,,,,,,,,
wrpy_supportq_lm_geom,786,1341846674.346212,1,320,5547,424,216,13.761361,0.020829,0.267038,331,6,19,347,,,,,,,,,,,,,,,,,,,,,,,,
wrpy_supportq_lm_geom,787,1341846674.378058,1,321,5562,413,206,13.769517,0.008156,0.281712,344,19,21,365,,,,,,,,,,,,,,,,,,,,,,,,
wrpy_supportq_lm_geom,788,1341846674.410162,1,322,5585,403,210,13.786660,0.017143,0.250485,341,7,23,326,,,,,,,,,,,,,,,,,,,,,,,,
wrpy_supportq_lm_geom,789,1341846674.446125,1,323,5605,389,205,13.791634,0.004974,0.271263,306,7,15,373,,,,,,,,,,,,,,,,,,,,,,,,
wrpy_supportq_lm_geom,790,1341846674.478198,1,322,5523,392,199,13.810438,0.018805,0.292051,303,13,28,378,,,,,,,,,,,,,,,,,,,,,,,,
wrpy_supportq_lm_geom,791,1341846674.514124,1,323,5530,397,196,13.823351,0.012913,0.261927,289,9,17,349,,,,,,,,,,,,,,,,,,,,,,,,
wrpy_supportq_lm_geom,792,1341846674.546062,1,324,5537,386,194,13.829864,0.006513,0.282520,291,7,26,379,,,,,,,,,,,,,,,,,,,,,,,,
wrpy_supportq_lm_geom,793,1341846674.578094,1,325,5543,388,201,13.845742,0.015877,0.301058,266,11,26,414,,,,,,,,,,,,,,,,,,,,,,,,
wrpy_supportq_lm_geom,794,1341846674.614179,1,323,5476,385,207,13.856235,0.010494,0.289040,281,10,8,366,,,,,,,,,,,,,,,,,,,,,,,,
wrpy_supportq_lm_geom,795,1341846674.646259,1,324,5491,388,204,13.871518,0.015283,0.308109,257,3,1,419,,,,,,,,,,,,,,,,,,,,,,,,
wrpy_supportq_lm_geom,796,1341846674.682209,1,325,5502,406,215,13.880207,0.008689,0.320052,279,6,0,437,,,,,,,,,,,,,,,,,,,,,,,,
wrpy_supportq_lm_geom,797,1341846674.714186,1,326,5519,401,206,13.893392,0.013184,0.265234,321,7,18,352,,,,,,,,,,,,,,,,,,,,,,,,
wrpy_supportq_lm_geom,798,1341846674.752271,1,326,5474,395,198,13.897149,0.003758,0.280182,297,10,16,368,,,,,,,,,,,,,,,,,,,,,,,,
wrpy_supportq_lm_geom,799,1341846674.782151,1,327,5485,405,220,13.903619,0.006469,0.297122,271,10,8,384,,,,,,,,,,,,,,,,,,,,,,,,
wrpy_supportq_lm_geom,800,1341846674.814222,1,328,5494,404,217,13.905716,0.002097,0.285133,284,8,14,385,,,,,,,,,,,,,,,,,,,,,,,,
wrpy_supportq_lm_geom,801,1341846674.846370,1,329,5491,396,209,13.910517,0.004801,0.297819,273,11,3,394,,,,,,,,,,,,,,,,,,,,,,,,
wrpy_supportq_lm_geom,802,1341846674.882158,1,327,5433,398,205,13.916665,0.006148,0.311195,241,6,2,402,,,,,,,,,,,,,,,,,,,,,,,,
wrpy_supportq_lm_geom,803,1341846674.914224,1,328,5436,406,213,13.927408,0.010743,0.294072,250,6,9,353,,,,,,,,,,,,,,,,,,,,,,,,
wrpy_supportq_lm_geom,804,1341846674.950305,1,329,5452,391,208,13.932277,0.004869,0.312865,240,6,3,400,,,,,,,,,,,,,,,,,,,,,,,,
wrpy_supportq_lm_geom,805,1341846674.982342,1,330,5459,376,175,13.942593,0.010316,0.330710,232,3,1,409,,,,,,,,,,,,,,,,,,,,,,,,
wrpy_supportq_lm_geom,806,1341846675.014137,1,329,5419,354,133,13.967135,0.024542,0.316732,262,4,4,368,,,,,,,,,,,,,,,,,,,,,,,,
wrpy_supportq_lm_geom,807,1341846675.050230,1,330,5434,359,146,13.973449,0.006314,0.346344,260,2,4,447,,,,,,,,,,,,,,,,,,,,,,,,
wrpy_supportq_lm_geom,808,1341846675.088201,1,331,5450,362,161,13.989177,0.015729,0.371491,260,2,1,426,,,,,,,,,,,,,,,,,,,,,,,,
wrpy_supportq_lm_geom,809,1341846675.114495,1,332,5497,338,100,14.005034,0.015857,0.314076,324,6,11,400,,,,,,,,,,,,,,,,,,,,,,,,
wrpy_supportq_lm_geom,810,1341846675.150188,1,333,5481,360,80,14.027846,0.022812,0.330615,309,16,23,477,0,0,,3,,,,,,,,,,0,0,0,0,0,0,0,0,,,0
wrpy_supportq_lm_geom,811,1341846675.182290,1,334,5509,376,119,14.058988,0.031142,0.353581,312,18,17,509,,,,,,,,,,,,,,,,,,,,,,,,
wrpy_supportq_lm_geom,812,1341846675.218759,1,335,5785,347,129,14.067282,0.008294,0.118473,706,20,57,116,,,,,,,,,,,,,,,,,,,,,,,,
wrpy_supportq_lm_geom,813,1341846675.251951,1,336,5964,438,188,14.099115,0.031833,0.133320,661,10,21,177,,,,,,,,,,,,,,,,,,,,,,,,
wrpy_supportq_lm_geom,815,1341846675.318078,1,336,6008,437,125,14.179624,0.040881,0.133903,730,19,51,134,0,0,,50,25,,,,,,,,,0,0,0,0,0,0,0,0,,1,0
wrpy_supportq_lm_geom,816,1341846675.350149,1,337,6065,488,159,14.208465,0.028841,0.155091,677,20,24,215,1,3,2,42,11,,,,,,,,,0,2,1,3,3,1,0,0,1,4,0
wrpy_supportq_lm_geom,817,1341846675.382271,1,338,6142,462,150,14.252363,0.043898,0.181748,658,16,27,260,0,0,,22,5,,,,,,,,,0,0,0,0,0,0,0,0,,2,0
wrpy_supportq_lm_geom,818,1341846675.418247,1,339,6100,506,162,14.287355,0.034992,0.376338,418,34,62,471,4,6,7,23,11,,,,,,,,,0,4,6,6,6,4,0,0,4,18,0
wrpy_supportq_lm_geom,819,1341846675.450238,1,336,5863,490,123,14.332452,0.045097,0.401615,324,11,17,585,8,8,19,19,19,,,,,,,,,0,2,6,8,8,8,0,0,8,23,0
wrpy_supportq_lm_geom,820,1341846675.486165,1,337,5819,471,96,14.355680,0.023228,0.427699,304,17,7,616,1,0,1,8,6,,,,,,,,,0,0,0,0,0,1,0,0,1,27,0
wrpy_supportq_lm_geom,821,1341846675.518083,1,338,6082,503,122,14.372816,0.017136,0.077360,793,16,29,102,2,0,3,17,6,,,,,,,,,0,0,0,0,0,2,0,0,2,17,0
wrpy_supportq_lm_geom,822,1341846675.550092,1,339,6293,553,183,14.392996,0.020180,0.088516,783,4,24,103,0,0,,14,5,,,,,,,,,0,0,0,0,0,0,0,0,,5,0
wrpy_supportq_lm_geom,825,1341846675.650024,1,340,6288,529,138,14.477664,0.025268,0.117852,706,50,62,132,4,10,23,37,29,,,,,,,,,3,7,7,6,10,4,3,3,4,24,0
wrpy_supportq_lm_geom,826,1341846675.686118,1,341,6284,559,176,14.496465,0.018801,0.143311,670,29,60,148,7,15,21,24,16,,,,,,,,,2,8,10,15,15,7,2,2,7,21,0
wrpy_supportq_lm_geom,827,1341846675.718055,1,342,6291,553,170,14.517277,0.020811,0.170895,661,33,50,134,0,0,,17,13,,,,,,,,,0,0,0,0,0,0,0,0,,7,0
wrpy_supportq_lm_geom,828,1341846675.754170,1,343,6312,570,189,14.541582,0.024306,0.192972,655,31,42,186,1,0,0,23,9,,,,,,,,,0,0,0,0,0,1,0,0,1,6,0
wrpy_supportq_lm_geom,829,1341846675.786330,1,341,6145,556,194,14.564336,0.022753,0.215120,581,38,18,205,1,0,5,29,22,,,,,,,,,0,0,0,0,0,1,0,0,1,8,0
wrpy_supportq_lm_geom,830,1341846675.818106,1,342,6286,564,189,14.586673,0.022338,0.053271,698,28,30,35,0,0,,16,13,,,,,,,,,0,0,0,0,0,0,0,0,,5,0
wrpy_supportq_lm_geom,831,1341846675.854095,1,343,6393,600,229,14.612460,0.025786,0.065804,702,20,16,75,0,0,,24,,,,,,,,,,0,0,0,0,0,0,0,0,,,0
wrpy_supportq_lm_geom,832,1341846675.886163,1,344,6490,577,165,14.636900,0.024440,0.077796,651,13,7,96,0,0,,36,0,,,,,,,,,0,0,0,0,0,0,0,0,,1,0
wrpy_supportq_lm_geom,834,1341846675.961651,1,345,6315,536,155,14.694748,0.033631,0.181501,451,32,32,253,0,0,,46,33,,,,,,,,,0,0,0,0,0,0,0,0,,7,0
wrpy_supportq_lm_geom,835,1341846676.028080,1,346,6341,494,94,14.747499,0.052751,0.158783,479,23,7,209,0,0,,59,26,,,,,,,,,0,0,0,0,0,0,0,0,,4,0
wrpy_supportq_lm_geom,836,1341846676.054246,1,347,6354,525,108,14.764564,0.017065,0.198477,487,28,12,221,8,6,29,43,34,,,,,,,,,0,5,2,6,6,8,0,0,8,9,0
wrpy_supportq_lm_geom,837,1341846676.086207,1,348,6350,496,107,14.789227,0.024663,0.188376,368,10,19,222,0,0,,19,12,,,,,,,,,0,0,0,0,0,0,0,0,,14,0
wrpy_supportq_lm_geom,838,1341846676.122163,1,348,6241,487,109,14.827647,0.038419,0.201865,366,10,17,229,0,0,,35,28,,,,,,,,,0,0,0,0,0,0,0,0,,12,0
wrpy_supportq_lm_geom,839,1341846676.154447,1,349,6259,464,107,14.854828,0.027181,0.131644,421,22,23,142,2,0,21,42,30,,,,,,,,,0,0,0,0,0,2,0,0,2,10,0
wrpy_supportq_lm_geom,840,1341846676.190230,1,350,6311,467,134,14.888308,0.033480,0.128923,388,9,20,168,2,0,52,61,45,,,,,,,,,0,0,0,0,0,2,0,0,2,3,0
wrpy_supportq_lm_geom,841,1341846676.222476,1,351,6388,468,96,14.904537,0.016229,0.142135,379,17,16,212,1,1,5,43,5,,,,,,,,,0,0,1,1,1,1,0,0,1,1,0
wrpy_supportq_lm_geom,842,1341846676.257017,1,349,6291,468,137,14.921129,0.016593,0.224788,375,16,28,224,1,3,6,26,19,,,,,,,,,0,2,3,2,3,1,0,0,1,10,0
wrpy_supportq_lm_geom,843,1341846676.290401,1,350,6303,474,126,14.957595,0.036466,0.216562,399,15,34,198,1,1,2,89,0,,,,,,,,,0,1,1,1,1,1,0,0,1,1,0
wrpy_supportq_lm_geom,844,1341846676.322689,1,351,6366,448,101,15.003888,0.046293,0.208529,395,11,23,196,6,3,54,84,21,,,,,,,,,0,1,3,2,3,6,0,0,6,6,0
wrpy_supportq_lm_geom,845,1341846676.360815,1,352,6454,467,61,15.025496,0.021608,0.222744,408,17,29,234,0,0,,10,,,,,,,,,,0,0,0,0,0,0,0,0,,,0
wrpy_supportq_lm_geom,846,1341846676.390851,1,352,6377,498,120,15.078093,0.052598,0.187350,477,19,26,165,0,0,,51,0,,,,,,,,,0,0,0,0,0,0,0,0,,1,0
wrpy_supportq_lm_geom,847,1341846676.424250,1,353,6435,504,147,15.110850,0.032757,0.146927,482,7,17,166,2,0,4,44,,,,,,,,,,0,0,0,0,0,2,0,0,2,,0
wrpy_supportq_lm_geom,848,1341846676.459033,1,354,6492,534,155,15.139804,0.028954,0.234199,418,9,17,187,1,0,2,44,,,,,,,,,,0,0,0,0,0,1,0,0,1,,0
wrpy_supportq_lm_geom,849,1341846676.490669,1,355,6489,608,186,15.141736,0.001933,0.204840,423,8,11,173,0,0,,28,8,,,,,,,,,0,0,0,0,0,0,0,0,,3,0
wrpy_supportq_lm_geom,851,1341846676.564052,1,355,6311,571,172,15.185911,0.014400,0.173659,453,0,3,161,1,2,10,51,4,,,,,,,,,0,0,2,0,2,1,0,0,1,1,0
wrpy_supportq_lm_geom,852,1341846676.596566,1,356,6346,586,190,15.194612,0.008701,0.167480,469,1,1,158,1,0,2,29,10,,,,,,,,,0,0,0,0,0,1,0,0,1,1,0
wrpy_supportq_lm_geom,853,1341846676.632057,1,357,6369,586,218,15.220325,0.025712,0.160114,467,0,0,144,1,0,4,37,18,,,,,,,,,0,0,0,0,0,1,0,0,1,3,0
wrpy_supportq_lm_geom,854,1341846676.664083,1,358,6465,636,250,15.226995,0.006670,0.000000,590,0,0,0,1,0,5,23,,,,,,,,,,0,0,0,0,0,1,0,0,1,,0
wrpy_supportq_lm_geom,857,1341846676.758419,1,359,6396,595,206,15.279541,0.011888,0.066960,600,6,6,36,1,0,24,77,21,,,,,,,,,0,0,0,0,0,1,0,0,1,1,0
wrpy_supportq_lm_geom,858,1341846676.790227,1,360,6482,659,277,15.288388,0.008847,0.055023,551,3,3,21,1,0,2,45,,,,,,,,,,0,0,0,0,0,1,0,0,1,,0
wrpy_supportq_lm_geom,859,1341846676.826179,1,361,6459,680,260,15.307936,0.019548,0.042399,517,0,5,14,2,0,9,64,6,,,,,,,,,0,0,0,0,0,2,0,0,2,1,0
wrpy_supportq_lm_geom,860,1341846676.858331,1,362,6475,680,272,15.321503,0.013567,0.020690,544,0,1,4,0,0,,92,,,,,,,,,,0,0,0,0,0,0,0,0,,,0
wrpy_supportq_lm_geom,871,1341846677.226206,1,363,6339,593,219,15.501800,0.029416,0.000000,502,0,0,0,0,0,,100,,,,,,,,,,0,0,0,0,0,0,0,0,,,0
wrpy_supportq_lm_geom,872,1341846677.262033,1,364,6401,660,280,15.513331,0.011530,0.000000,531,0,0,0,0,0,,160,,,,,,,,,,0,0,0,0,0,0,0,0,,,0
wrpy_supportq_lm_geom,873,1341846677.294125,1,365,6482,684,325,15.530101,0.016770,0.000000,531,0,0,0,0,0,,36,,,,,,,,,,0,0,0,0,0,0,0,0,,,0
wrpy_supportq_lm_geom,874,1341846677.326503,1,366,6498,696,322,15.550148,0.020047,0.000000,502,0,0,0,0,0,,100,2,,,,,,,,,0,0,0,0,0,0,0,0,,1,0
wrpy_supportq_lm_geom,882,1341846677.594105,1,364,6330,606,258,15.631789,0.006054,0.000000,486,0,0,0,0,0,,89,,,,,,,,,,0,0,0,0,0,0,0,0,,,0
wrpy_supportq_lm_geom,883,1341846677.630227,1,365,6336,630,303,15.638912,0.007123,0.000000,453,0,0,0,0,0,,79,,,,,,,,,,0,0,0,0,0,0,0,0,,,0
wrpy_supportq_lm_geom,884,1341846677.662033,1,366,6392,655,318,15.640409,0.001497,0.000000,468,0,0,0,0,0,,53,,,,,,,,,,0,0,0,0,0,0,0,0,,,0
wrpy_supportq_lm_geom,885,1341846677.698219,1,367,6401,666,345,15.650763,0.010355,0.000000,436,0,0,0,0,0,,46,,,,,,,,,,0,0,0,0,0,0,0,0,,,0
wrpy_supportq_lm_geom,893,1341846677.966256,1,366,6284,569,244,15.758123,0.009114,0.013584,438,2,2,8,0,0,,36,,,,,,,,,,0,0,0,0,0,0,0,0,,,0
wrpy_supportq_lm_geom,894,1341846677.998516,1,367,6338,565,270,15.767998,0.009875,0.019798,467,1,1,10,0,0,,7,,,,,,,,,,0,0,0,0,0,0,0,0,,,0
wrpy_supportq_lm_geom,895,1341846678.030368,1,368,6383,576,315,15.773845,0.005847,0.026393,464,3,6,12,,,,,,,,,,,,,,,,,,,,,,,,
wrpy_supportq_lm_geom,896,1341846678.066187,1,369,6372,600,336,15.780673,0.006828,0.010579,434,7,4,4,,,,,,,,,,,,,,,,,,,,,,,,
wrpy_supportq_lm_geom,907,1341846678.439991,1,369,6260,531,246,15.890995,0.006509,0.063561,354,1,0,39,0,0,,68,,,,,,,,,,0,0,0,0,0,0,0,0,,,0
wrpy_supportq_lm_geom,908,1341846678.466861,1,370,6261,531,292,15.896862,0.005868,0.058955,366,1,2,33,0,0,,93,,,,,,,,,,0,0,0,0,0,0,0,0,,,0
