case,frame_id,current_kf,local_kf,fixed_kf,local_mp,delayed_mp,optimizer_points,optimizer_edges,delayed_ratio,segment
fixed_2kf,5,3,4,0,776,0,776,1493,0.000000000,0-149
fixed_4kf,5,3,4,0,776,0,776,1493,0.000000000,0-149
v11,5,3,4,0,776,0,776,1493,0.000000000,0-149
v12_posterior,5,3,4,0,776,0,776,1493,0.000000000,0-149
v13_min3,5,3,4,0,776,0,776,1493,0.000000000,0-149
fixed_2kf,24,7,8,0,1177,0,1177,2793,0.000000000,0-149
fixed_4kf,24,7,8,0,1177,0,1177,2793,0.000000000,0-149
v11,24,7,8,0,1177,0,1177,2793,0.000000000,0-149
v12_posterior,24,7,8,0,1177,0,1177,2794,0.000000000,0-149
v13_min3,24,7,8,0,1177,0,1177,2793,0.000000000,0-149
fixed_2kf,31,11,12,0,1276,0,1276,4173,0.000000000,0-149
fixed_4kf,31,11,12,0,1276,0,1276,4173,0.000000000,0-149
v11,31,11,12,0,1276,0,1276,4173,0.000000000,0-149
v13_min3,31,11,12,0,1276,0,1276,4173,0.000000000,0-149
v12_posterior,33,11,12,0,1206,0,1206,4023,0.000000000,0-149
fixed_2kf,36,15,16,0,1527,0,1527,5409,0.000000000,0-149
fixed_4kf,36,15,16,0,1527,0,1527,5409,0.000000000,0-149
v11,36,15,16,0,1527,0,1527,5409,0.000000000,0-149
v13_min3,36,15,16,0,1527,0,1527,5409,0.000000000,0-149
v12_posterior,37,15,16,0,1347,0,1347,5153,0.000000000,0-149
fixed_2kf,41,19,20,0,1241,1,1240,5953,0.000805802,0-149
fixed_4kf,41,19,20,0,1241,1,1240,5953,0.000805802,0-149
v11,41,19,20,0,1241,1,1240,5953,0.000805802,0-149
v12_posterior,41,19,20,0,1227,0,1227,5750,0.000000000,0-149
v13_min3,41,19,20,0,1241,1,1240,5953,0.000805802,0-149
fixed_2kf,50,23,24,0,1321,1,1320,6895,0.000757002,0-149
fixed_4kf,50,23,24,0,1321,1,1320,6895,0.000757002,0-149
v11,50,23,24,0,1317,1,1316,6878,0.000759301,0-149
v13_min3,50,23,24,0,1321,1,1320,6895,0.000757002,0-149
v12_posterior,52,23,24,0,1340,1,1339,6801,0.000746269,0-149
fixed_2kf,60,27,28,0,1541,1,1540,8054,0.000648929,0-149
fixed_4kf,60,27,28,0,1541,1,1540,8054,0.000648929,0-149
v11,60,27,28,0,1537,1,1536,7994,0.000650618,0-149
v12_posterior,60,27,28,0,1559,1,1558,8122,0.000641437,0-149
v13_min3,60,27,28,0,1541,1,1540,8054,0.000648929,0-149
fixed_2kf,65,31,32,0,1487,0,1487,9106,0.000000000,0-149
fixed_4kf,65,31,32,0,1487,0,1487,9106,0.000000000,0-149
v11,65,31,32,0,1493,1,1492,9053,0.000669792,0-149
v13_min3,65,31,32,0,1487,0,1487,9106,0.000000000,0-149
v12_posterior,66,31,32,0,1462,3,1459,9094,0.002051984,0-149
v11,73,35,35,0,1580,1,1579,10250,0.000632911,0-149
fixed_2kf,74,35,34,0,1601,3,1598,10115,0.001873829,0-149
fixed_4kf,74,35,34,0,1601,4,1597,10103,0.002498438,0-149
v12_posterior,74,35,34,0,1573,3,1570,10156,0.001907184,0-149
v13_min3,74,35,34,0,1601,3,1598,10115,0.001873829,0-149
fixed_2kf,81,39,36,0,1623,0,1623,10702,0.000000000,0-149
fixed_4kf,81,39,36,0,1619,0,1619,10696,0.000000000,0-149
v11,81,39,39,0,1653,0,1653,11435,0.000000000,0-149
v12_posterior,81,39,38,0,1627,0,1627,11342,0.000000000,0-149
v13_min3,81,39,36,0,1619,0,1619,10691,0.000000000,0-149
fixed_2kf,88,43,39,0,2072,0,2072,11846,0.000000000,0-149
v11,88,43,41,0,2087,0,2087,12251,0.000000000,0-149
fixed_4kf,90,43,39,0,2074,0,2074,11785,0.000000000,0-149
v12_posterior,90,43,41,0,2045,2,2043,12531,0.000977995,0-149
v13_min3,92,43,39,0,2047,2,2045,11712,0.000977040,0-149
fixed_2kf,95,47,43,0,2250,0,2250,13345,0.000000000,0-149
fixed_4kf,95,47,43,0,2252,0,2252,13336,0.000000000,0-149
v11,95,47,44,0,2289,1,2288,13484,0.000436872,0-149
v12_posterior,96,47,44,0,2251,1,2250,13734,0.000444247,0-149
fixed_4kf,100,51,46,0,2289,3,2286,14220,0.001310616,0-149
v11,100,51,47,0,2299,1,2298,14413,0.000434972,0-149
v13_min3,100,47,43,0,2208,3,2205,13159,0.001358696,0-149
fixed_2kf,101,51,45,0,2305,1,2304,13958,0.000433839,0-149
v12_posterior,102,51,47,0,2279,3,2276,14545,0.001316367,0-149
fixed_4kf,107,55,49,0,2328,1,2327,14985,0.000429553,0-149
v11,108,55,49,0,2350,1,2349,15173,0.000425532,0-149
fixed_2kf,109,55,48,0,2363,0,2363,14755,0.000000000,0-149
v12_posterior,109,55,50,0,2397,3,2394,15611,0.001251564,0-149
v13_min3,109,51,46,0,2306,1,2305,13973,0.000433651,0-149
fixed_4kf,112,59,53,0,2582,0,2582,16571,0.000000000,0-149
v11,113,59,53,0,2599,1,2598,16742,0.000384763,0-149
fixed_2kf,114,59,51,0,2551,1,2550,15854,0.000392003,0-149
v12_posterior,114,59,54,0,2596,2,2594,17133,0.000770416,0-149
v13_min3,114,55,49,0,2487,2,2485,15233,0.000804182,0-149
fixed_4kf,117,63,56,0,2690,0,2690,17353,0.000000000,0-149
v11,118,63,55,0,2733,0,2733,17250,0.000000000,0-149
fixed_2kf,119,63,54,0,2833,0,2833,16825,0.000000000,0-149
v12_posterior,119,63,57,0,2872,1,2871,18045,0.000348189,0-149
v13_min3,119,59,53,0,2757,2,2755,16299,0.000725426,0-149
fixed_4kf,122,67,60,0,2797,0,2797,18083,0.000000000,0-149
v11,122,67,58,0,2883,0,2883,17834,0.000000000,0-149
fixed_2kf,123,67,58,0,2781,0,2781,17561,0.000000000,0-149
v12_posterior,124,67,60,0,2760,1,2759,18439,0.000362319,0-149
v13_min3,124,63,57,0,2651,1,2650,16796,0.000377216,0-149
fixed_2kf,127,71,61,0,2767,0,2767,17694,0.000000000,0-149
fixed_4kf,127,71,62,1,2707,0,2707,18128,0.000000000,0-149
v11,127,71,62,0,2832,0,2832,18226,0.000000000,0-149
v12_posterior,129,71,62,0,2803,1,2802,18304,0.000356761,0-149
v13_min3,129,67,60,1,2703,1,2702,17427,0.000369959,0-149
fixed_4kf,133,75,65,2,2860,0,2860,18917,0.000000000,0-149
fixed_2kf,134,75,63,2,3001,0,3001,18547,0.000000000,0-149
v11,134,75,65,1,3016,0,3016,19039,0.000000000,0-149
v12_posterior,134,75,65,1,3000,1,2999,19293,0.000333333,0-149
v13_min3,134,71,65,0,2831,1,2830,18197,0.000353232,0-149
fixed_4kf,140,79,69,1,2898,0,2898,19649,0.000000000,0-149
v12_posterior,141,79,68,2,3015,1,3014,20126,0.000331675,0-149
fixed_2kf,142,79,67,2,2979,0,2979,19236,0.000000000,0-149
v11,142,79,66,4,2995,0,2995,19663,0.000000000,0-149
v13_min3,142,75,64,4,2851,1,2850,18670,0.000350754,0-149
fixed_4kf,144,83,53,21,2714,0,2714,18798,0.000000000,0-149
v12_posterior,145,83,54,20,2925,1,2924,20043,0.000341880,0-149
fixed_2kf,146,83,55,18,2865,0,2865,18652,0.000000000,0-149
v11,146,83,52,22,2783,0,2783,18203,0.000000000,0-149
v13_min3,146,79,50,22,2677,1,2676,17590,0.000373552,0-149
fixed_4kf,148,87,42,35,2382,0,2382,16381,0.000000000,0-149
v12_posterior,149,87,45,33,2491,1,2490,16933,0.000401445,0-149
fixed_2kf,150,87,47,30,2715,0,2715,17570,0.000000000,150-299
v11,150,87,49,29,2700,0,2700,17681,0.000000000,150-299
v13_min3,150,83,46,30,2500,1,2499,16347,0.000400000,150-299
fixed_4kf,152,91,51,30,2664,0,2664,18544,0.000000000,150-299
v12_posterior,153,91,50,32,2688,1,2687,18808,0.000372024,150-299
fixed_2kf,154,91,50,31,2776,1,2775,18508,0.000360231,150-299
v11,154,91,36,46,2368,0,2368,16493,0.000000000,150-299
v13_min3,154,87,52,28,2749,1,2748,17655,0.000363769,150-299
fixed_4kf,156,95,46,39,2646,0,2646,18756,0.000000000,150-299
v12_posterior,157,95,48,38,2755,1,2754,19326,0.000362976,150-299
fixed_2kf,158,95,48,37,2843,0,2843,19288,0.000000000,150-299
v11,158,95,34,52,2171,0,2171,15830,0.000000000,150-299
v13_min3,158,91,31,53,2184,0,2184,15743,0.000000000,150-299
fixed_4kf,160,99,32,57,2457,0,2457,17872,0.000000000,150-299
v12_posterior,161,99,44,46,2685,1,2684,19525,0.000372439,150-299
fixed_2kf,162,99,32,57,2382,0,2382,17733,0.000000000,150-299
v11,162,99,28,62,2136,0,2136,16082,0.000000000,150-299
v13_min3,162,95,29,59,1923,1,1922,14747,0.000520021,150-299
fixed_4kf,164,103,32,61,2054,0,2054,16598,0.000000000,150-299
v12_posterior,165,103,30,64,1962,1,1961,15699,0.000509684,150-299
fixed_2kf,166,103,20,73,1351,0,1351,10830,0.000000000,150-299
v11,166,103,20,74,1228,0,1228,10099,0.000000000,150-299
v13_min3,166,99,20,72,969,0,969,6435,0.000000000,150-299
fixed_4kf,168,107,19,68,803,0,803,5401,0.000000000,150-299
fixed_2kf,170,107,21,70,953,0,953,6523,0.000000000,150-299
v11,170,107,24,74,1460,0,1460,12481,0.000000000,150-299
v12_posterior,170,107,24,74,1520,1,1519,12826,0.000657895,150-299
v13_min3,170,103,21,58,881,1,880,5894,0.001135074,150-299
fixed_4kf,172,111,23,66,819,0,819,5344,0.000000000,150-299
v11,177,111,38,64,1982,0,1982,16444,0.000000000,150-299
fixed_2kf,178,111,45,56,2358,0,2358,18448,0.000000000,150-299
fixed_4kf,178,115,44,61,2060,0,2060,17104,0.000000000,150-299
v12_posterior,178,111,37,65,2049,1,2048,16878,0.000488043,150-299
v13_min3,178,107,26,58,912,0,912,6441,0.000000000,150-299
v11,181,115,43,63,2067,0,2067,17113,0.000000000,150-299
fixed_4kf,183,119,43,65,1993,0,1993,16816,0.000000000,150-299
v12_posterior,183,115,46,60,2224,1,2223,18177,0.000449640,150-299
fixed_2kf,184,115,48,57,2359,0,2359,18837,0.000000000,150-299
v13_min3,184,111,32,72,1078,0,1078,7913,0.000000000,150-299
fixed_2kf,189,119,66,41,3042,0,3042,22347,0.000000000,150-299
fixed_4kf,189,123,60,51,2542,0,2542,20597,0.000000000,150-299
v11,189,119,61,49,2760,0,2760,21252,0.000000000,150-299
v12_posterior,189,119,58,52,2564,1,2563,20575,0.000390016,150-299
v13_min3,189,115,52,56,2004,0,2004,16144,0.000000000,150-299
fixed_2kf,194,123,76,35,3138,0,3138,23111,0.000000000,150-299
fixed_4kf,194,127,76,39,2958,0,2958,22525,0.000000000,150-299
v11,194,123,78,36,2973,0,2973,22309,0.000000000,150-299
v12_posterior,194,123,82,32,2963,1,2962,22682,0.000337496,150-299
v13_min3,194,119,81,31,2999,1,2998,22223,0.000333444,150-299
fixed_4kf,198,131,91,28,3085,0,3085,23554,0.000000000,150-299
v11,198,127,90,28,3086,0,3086,23344,0.000000000,150-299
fixed_2kf,199,127,88,27,3178,0,3178,23676,0.000000000,150-299
v12_posterior,199,127,84,34,3000,1,2999,23014,0.000333333,150-299
v13_min3,199,123,91,25,3105,1,3104,23472,0.000322061,150-299
fixed_4kf,202,135,95,28,3273,0,3273,24824,0.000000000,150-299
v11,202,131,88,34,3156,2,3154,23816,0.000633714,150-299
fixed_2kf,203,131,97,22,3490,0,3490,25439,0.000000000,150-299
v12_posterior,203,131,93,29,3308,1,3307,24694,0.000302297,150-299
v13_min3,203,127,94,26,3255,1,3254,24529,0.000307220,150-299
fixed_4kf,206,139,100,27,3346,0,3346,25479,0.000000000,150-299
v11,206,135,95,31,3222,0,3222,24861,0.000000000,150-299
fixed_2kf,207,135,98,25,3401,0,3401,25734,0.000000000,150-299
v12_posterior,207,135,98,28,3370,1,3369,26271,0.000296736,150-299
v13_min3,207,131,96,28,3207,1,3206,25092,0.000311818,150-299
fixed_4kf,210,143,109,22,3515,0,3515,26962,0.000000000,150-299
v11,210,139,100,30,3311,0,3311,25866,0.000000000,150-299
fixed_2kf,211,139,111,16,3622,0,3622,27494,0.000000000,150-299
v12_posterior,211,139,113,17,3602,1,3601,27659,0.000277624,150-299
v13_min3,211,135,117,11,3548,1,3547,27543,0.000281849,150-299
fixed_2kf,215,143,109,22,3658,0,3658,28018,0.000000000,150-299
fixed_4kf,215,147,109,26,3593,0,3593,27475,0.000000000,150-299
v11,215,143,118,16,3713,0,3713,27836,0.000000000,150-299
v12_posterior,215,143,116,18,3700,1,3699,28331,0.000270270,150-299
v13_min3,215,139,120,12,3620,1,3619,28188,0.000276243,150-299
fixed_2kf,220,147,103,32,3633,0,3633,28040,0.000000000,150-299
fixed_4kf,220,151,109,30,3580,0,3580,27678,0.000000000,150-299
v11,220,147,99,38,3608,0,3608,27510,0.000000000,150-299
v12_posterior,221,147,105,33,3594,1,3593,28150,0.000278242,150-299
v13_min3,221,143,105,31,3486,1,3485,27732,0.000286862,150-299
v11,224,151,99,42,3575,0,3575,27464,0.000000000,150-299
fixed_2kf,225,151,103,36,3604,0,3604,28060,0.000000000,150-299
fixed_4kf,225,155,98,44,3502,0,3502,27362,0.000000000,150-299
v13_min3,225,147,102,38,3507,1,3506,28261,0.000285144,150-299
v12_posterior,226,151,104,37,3577,1,3576,28400,0.000279564,150-299
fixed_2kf,230,155,102,39,3509,2,3507,27882,0.000569963,150-299
fixed_4kf,230,159,102,44,3422,1,3421,27586,0.000292227,150-299
v11,230,155,100,45,3535,1,3534,27920,0.000282885,150-299
v12_posterior,230,155,105,39,3571,1,3570,28756,0.000280034,150-299
v13_min3,230,151,101,41,3435,1,3434,28155,0.000291121,150-299
fixed_2kf,236,159,96,49,3478,0,3478,27821,0.000000000,150-299
fixed_4kf,237,163,99,49,3410,0,3410,26961,0.000000000,150-299
v11,237,159,98,51,3537,0,3537,27985,0.000000000,150-299
v12_posterior,237,159,95,50,3443,1,3442,27404,0.000290444,150-299
v13_min3,237,155,96,49,3383,1,3382,27396,0.000295596,150-299
fixed_2kf,242,163,99,49,3478,0,3478,27824,0.000000000,150-299
fixed_4kf,242,167,101,51,3397,0,3397,27411,0.000000000,150-299
v11,242,163,94,57,3545,0,3545,27870,0.000000000,150-299
v12_posterior,242,163,98,50,3505,1,3504,28010,0.000285307,150-299
v13_min3,242,159,97,50,3400,1,3399,27489,0.000294118,150-299
fixed_4kf,250,171,101,54,3341,0,3341,27533,0.000000000,150-299
fixed_2kf,251,167,98,53,3330,0,3330,27462,0.000000000,150-299
v11,251,167,96,57,3399,0,3399,27234,0.000000000,150-299
v12_posterior,251,167,97,53,3342,1,3341,27525,0.000299222,150-299
v13_min3,251,163,97,54,3262,1,3261,27313,0.000306560,150-299
fixed_4kf,256,175,98,60,3282,0,3282,27125,0.000000000,150-299
fixed_2kf,258,171,87,65,3225,0,3225,26183,0.000000000,150-299
v11,258,171,92,64,3303,0,3303,26248,0.000000000,150-299
v12_posterior,258,171,92,62,3244,1,3243,26575,0.000308261,150-299
v13_min3,258,167,87,65,3137,1,3136,25611,0.000318776,150-299
fixed_2kf,263,175,86,70,3043,0,3043,25343,0.000000000,150-299
fixed_4kf,263,179,93,69,3050,0,3050,25766,0.000000000,150-299
v11,264,175,86,74,3124,0,3124,25408,0.000000000,150-299
v12_posterior,264,175,90,68,3146,1,3145,26704,0.000317864,150-299
v13_min3,265,171,92,64,3018,1,3017,25073,0.000331345,150-299
fixed_4kf,268,183,98,67,3049,0,3049,26237,0.000000000,150-299
fixed_2kf,269,179,87,72,2955,0,2955,25177,0.000000000,150-299
v11,269,179,94,70,3115,0,3115,26001,0.000000000,150-299
v12_posterior,271,179,98,64,3213,1,3212,27510,0.000311236,150-299
v13_min3,271,175,91,69,3040,1,3039,25710,0.000328947,150-299
fixed_4kf,272,187,99,69,3084,0,3084,26633,0.000000000,150-299
fixed_2kf,274,183,89,72,3154,0,3154,26898,0.000000000,150-299
v11,274,183,99,68,3237,0,3237,27447,0.000000000,150-299
v12_posterior,276,183,100,64,3395,1,3394,27970,0.000294551,150-299
fixed_4kf,277,191,100,71,3345,0,3345,27352,0.000000000,150-299
v13_min3,277,179,96,67,3382,4,3378,26718,0.001182732,150-299
fixed_2kf,278,187,87,75,3367,0,3367,26163,0.000000000,150-299
v11,278,187,96,73,3433,0,3433,27026,0.000000000,150-299
v12_posterior,280,187,103,64,3565,1,3564,28694,0.000280505,150-299
fixed_4kf,281,195,97,75,3384,0,3384,27432,0.000000000,150-299
v13_min3,281,183,93,72,3380,1,3379,26896,0.000295858,150-299
fixed_2kf,282,191,100,66,3711,0,3711,29446,0.000000000,150-299
v11,282,191,98,74,3617,0,3617,29023,0.000000000,150-299
v12_posterior,284,191,111,58,3825,1,3824,30873,0.000261438,150-299
fixed_4kf,285,199,114,62,3844,0,3844,31149,0.000000000,150-299
v13_min3,285,187,109,60,3809,1,3808,30748,0.000262536,150-299
fixed_2kf,286,195,102,68,3763,0,3763,30747,0.000000000,150-299
v11,286,195,103,72,3831,0,3831,30878,0.000000000,150-299
v12_posterior,288,195,113,58,3904,1,3903,31414,0.000256148,150-299
fixed_4kf,289,203,123,56,3942,0,3942,31942,0.000000000,150-299
v13_min3,289,191,114,58,3916,1,3915,31679,0.000255363,150-299
fixed_2kf,290,199,118,55,4032,0,4032,32474,0.000000000,150-299
v11,290,199,116,61,4047,0,4047,32639,0.000000000,150-299
v12_posterior,292,199,122,51,4113,1,4112,32998,0.000243132,150-299
fixed_4kf,293,207,130,51,4082,0,4082,33286,0.000000000,150-299
v13_min3,293,195,126,49,4108,1,4107,33387,0.000243427,150-299
fixed_2kf,294,203,120,55,4052,0,4052,32881,0.000000000,150-299
v11,294,203,123,55,4068,0,4068,33060,0.000000000,150-299
v12_posterior,296,203,144,33,4240,1,4239,34436,0.000235849,150-299
fixed_4kf,297,211,149,34,4197,0,4197,34568,0.000000000,150-299
v13_min3,297,199,148,30,4148,1,4147,34407,0.000241080,150-299
fixed_2kf,298,207,144,34,4236,0,4236,34550,0.000000000,150-299
v11,298,207,149,33,4246,0,4246,34631,0.000000000,150-299
fixed_2kf,308,211,161,17,4279,0,4279,35381,0.000000000,300-549
fixed_2kf,315,215,159,19,4247,0,4247,35466,0.000000000,300-549
v13_min3,315,203,167,14,4239,1,4238,36029,0.000235905,300-549
fixed_2kf,319,219,162,19,4554,0,4554,36435,0.000000000,300-549
fixed_4kf,319,215,160,23,4473,0,4473,35379,0.000000000,300-549
v12_posterior,319,207,146,31,4512,1,4511,34981,0.000221631,300-549
v11,320,211,157,29,4495,0,4495,35925,0.000000000,300-549
v13_min3,320,207,155,24,4473,1,4472,35705,0.000223564,300-549
fixed_2kf,325,223,144,37,4381,0,4381,35535,0.000000000,300-549
fixed_4kf,325,219,140,44,4305,0,4305,34910,0.000000000,300-549
v11,325,215,148,39,4383,0,4383,35213,0.000000000,300-549
v12_posterior,325,211,141,39,4424,1,4423,34770,0.000226040,300-549
v13_min3,325,211,146,34,4375,1,4374,35405,0.000228571,300-549
fixed_2kf,331,227,148,32,4458,0,4458,35968,0.000000000,300-549
fixed_4kf,331,223,144,42,4373,0,4373,35622,0.000000000,300-549
v11,331,219,144,41,4425,0,4425,35348,0.000000000,300-549
v12_posterior,331,215,144,38,4473,1,4472,35597,0.000223564,300-549
v13_min3,331,215,146,33,4362,1,4361,35399,0.000229253,300-549
fixed_4kf,349,227,142,39,4344,0,4344,35022,0.000000000,300-549
v12_posterior,349,219,144,35,4446,1,4445,35337,0.000224921,300-549
fixed_2kf,357,231,144,33,4361,0,4361,35468,0.000000000,300-549
fixed_2kf,366,235,144,33,4333,0,4333,35676,0.000000000,300-549
v11,366,223,143,41,4280,0,4280,35359,0.000000000,300-549
v12_posterior,366,223,137,38,4298,1,4297,34880,0.000232666,300-549
v13_min3,366,219,136,38,4209,1,4208,34527,0.000237586,300-549
fixed_4kf,368,231,135,44,4140,0,4140,34481,0.000000000,300-549
fixed_2kf,372,239,145,31,4314,0,4314,35417,0.000000000,300-549
fixed_4kf,372,235,139,37,4266,0,4266,34443,0.000000000,300-549
v11,372,227,151,35,4353,0,4353,36450,0.000000000,300-549
v12_posterior,372,227,146,29,4400,1,4399,35309,0.000227273,300-549
v13_min3,372,223,143,31,4242,1,4241,34992,0.000235738,300-549
fixed_2kf,387,243,146,31,4229,0,4229,35425,0.000000000,300-549
v13_min3,387,227,149,27,4210,1,4209,35265,0.000237530,300-549
fixed_4kf,389,239,147,32,4243,0,4243,34985,0.000000000,300-549
v12_posterior,391,231,152,26,4289,1,4288,35451,0.000233155,300-549
fixed_2kf,392,247,150,27,4232,0,4232,35157,0.000000000,300-549
v11,392,231,159,28,4352,0,4352,36725,0.000000000,300-549
v13_min3,392,231,146,29,4107,1,4106,34777,0.000243487,300-549
fixed_4kf,395,243,154,27,4134,0,4134,35181,0.000000000,300-549
v12_posterior,396,235,150,27,4143,1,4142,34728,0.000241371,300-549
fixed_2kf,406,251,148,30,4077,0,4077,35109,0.000000000,300-549
fixed_4kf,410,247,124,58,3899,0,3899,34484,0.000000000,300-549
v11,410,235,142,47,4148,0,4148,36507,0.000000000,300-549
v12_posterior,410,239,137,43,4102,1,4101,35331,0.000243784,300-549
v13_min3,410,235,132,43,3926,1,3925,34143,0.000254712,300-549
fixed_2kf,415,255,115,63,3702,0,3702,32982,0.000000000,300-549
fixed_4kf,416,251,105,76,3603,0,3603,32350,0.000000000,300-549
v11,416,239,114,77,3773,0,3773,34649,0.000000000,300-549
v12_posterior,416,243,106,74,3637,1,3636,32536,0.000274952,300-549
v13_min3,416,239,113,64,3859,1,3858,33783,0.000259134,300-549
fixed_2kf,421,259,105,75,3421,0,3421,30991,0.000000000,300-549
v13_min3,421,243,106,74,3344,1,3343,30825,0.000299043,300-549
fixed_4kf,422,255,103,80,3449,0,3449,31017,0.000000000,300-549
v12_posterior,422,247,111,70,3530,1,3529,31072,0.000283286,300-549
v11,423,243,109,84,3469,0,3469,32256,0.000000000,300-549
fixed_2kf,425,263,110,73,3591,0,3591,32393,0.000000000,300-549
v13_min3,425,247,105,79,3318,1,3317,31152,0.000301386,300-549
fixed_4kf,426,259,101,85,3572,0,3572,32311,0.000000000,300-549
v12_posterior,426,251,102,82,3582,1,3581,32059,0.000279174,300-549
v11,427,247,97,100,3249,0,3249,31550,0.000000000,300-549
fixed_2kf,429,267,117,69,3948,0,3948,34196,0.000000000,300-549
v13_min3,429,251,104,83,3643,1,3642,33274,0.000274499,300-549
fixed_4kf,430,263,113,77,3756,0,3756,33589,0.000000000,300-549
v12_posterior,430,255,102,86,3470,1,3469,32184,0.000288184,300-549
v11,431,251,114,87,3640,0,3640,34523,0.000000000,300-549
fixed_2kf,433,271,95,95,3389,0,3389,32136,0.000000000,300-549
v13_min3,433,255,104,85,3545,1,3544,32298,0.000282087,300-549
fixed_4kf,434,267,81,113,2999,0,2999,30253,0.000000000,300-549
v12_posterior,434,259,79,113,2783,1,2782,28250,0.000359324,300-549
v11,435,255,89,116,3079,0,3079,31566,0.000000000,300-549
fixed_2kf,437,275,78,116,2683,0,2683,27165,0.000000000,300-549
v13_min3,437,259,72,120,2560,1,2559,26479,0.000390625,300-549
fixed_4kf,438,271,77,118,2525,0,2525,26130,0.000000000,300-549
v12_posterior,438,263,79,117,2621,1,2620,26741,0.000381534,300-549
v11,439,259,82,126,2718,0,2718,28695,0.000000000,300-549
fixed_4kf,443,275,77,122,2466,0,2466,26109,0.000000000,300-549
v11,443,263,83,129,2575,0,2575,28619,0.000000000,300-549
fixed_2kf,444,279,73,124,2387,0,2387,24841,0.000000000,300-549
v13_min3,444,263,75,121,2591,1,2590,27518,0.000385951,300-549
v12_posterior,447,267,76,124,2528,1,2527,26556,0.000395570,300-549
v11,463,267,115,100,3180,0,3180,32814,0.000000000,300-549
fixed_2kf,464,283,110,89,3474,0,3474,33219,0.000000000,300-549
v12_posterior,465,271,123,81,3478,1,3477,33766,0.000287522,300-549
fixed_2kf,474,287,149,49,4009,0,4009,35227,0.000000000,300-549
fixed_4kf,474,279,148,56,3873,0,3873,35095,0.000000000,300-549
v12_posterior,474,275,147,58,3961,1,3960,35984,0.000252461,300-549
v13_min3,475,267,160,40,3954,1,3953,35985,0.000252908,300-549
v11,477,271,166,50,4184,0,4184,38921,0.000000000,300-549
fixed_2kf,478,291,165,32,4171,0,4171,35914,0.000000000,300-549
fixed_4kf,478,283,173,32,4151,0,4151,36876,0.000000000,300-549
v12_posterior,478,279,172,33,4171,1,4170,36851,0.000239751,300-549
v13_min3,480,271,169,31,3969,1,3968,36322,0.000251953,300-549
v11,481,275,182,31,4208,0,4208,38924,0.000000000,300-549
fixed_4kf,493,287,164,42,4003,0,4003,36865,0.000000000,300-549
fixed_2kf,496,295,162,38,4148,0,4148,36906,0.000000000,300-549
v12_posterior,497,283,160,47,4083,1,4082,37281,0.000244918,300-549
v12_posterior,526,287,132,71,4220,1,4219,36478,0.000236967,300-549
fixed_4kf,527,291,127,72,3987,0,3987,34238,0.000000000,300-549
fixed_2kf,528,299,133,62,4182,0,4182,35105,0.000000000,300-549
v13_min3,530,275,128,70,4091,1,4090,36013,0.000244439,300-549
v11,533,279,134,78,4165,0,4165,37743,0.000000000,300-549
v12_posterior,540,291,52,147,3283,1,3282,30639,0.000304599,300-549
fixed_4kf,543,295,33,165,2412,0,2412,23711,0.000000000,300-549
fixed_2kf,545,303,28,167,2340,0,2340,22300,0.000000000,300-549
v11,545,283,30,174,2203,0,2203,22447,0.000000000,300-549
v13_min3,545,279,32,161,2474,1,2473,23291,0.000404204,300-549
v12_posterior,550,295,24,171,2244,1,2243,18041,0.000445633,550-599
fixed_4kf,551,299,26,172,2184,0,2184,18985,0.000000000,550-599
v11,551,287,24,181,2162,0,2162,19034,0.000000000,550-599
v13_min3,552,283,23,170,2089,1,2088,17960,0.000478698,550-599
fixed_2kf,553,307,33,162,2536,0,2536,21829,0.000000000,550-599
v12_posterior,557,299,28,169,2109,1,2108,18469,0.000474158,550-599
fixed_2kf,558,311,26,168,2055,0,2055,17706,0.000000000,550-599
v13_min3,558,287,26,169,2032,1,2031,18247,0.000492126,550-599
v11,559,291,24,179,2179,0,2179,19237,0.000000000,550-599
fixed_4kf,560,303,27,173,2157,0,2157,18905,0.000000000,550-599
v12_posterior,570,303,27,172,2066,1,2065,17250,0.000484027,550-599
v11,571,295,26,181,2123,0,2123,17778,0.000000000,550-599
fixed_2kf,572,315,27,171,2088,0,2088,16951,0.000000000,550-599
v13_min3,572,291,24,171,1996,1,1995,16277,0.000501002,550-599
fixed_4kf,573,307,26,177,2079,0,2079,17537,0.000000000,550-599
v12_posterior,574,307,30,173,2071,1,2070,17065,0.000482859,550-599
v11,575,299,29,182,2100,0,2100,17894,0.000000000,550-599
fixed_2kf,577,319,31,171,2015,0,2015,17043,0.000000000,550-599
fixed_4kf,577,311,30,177,2058,0,2058,17789,0.000000000,550-599
v13_min3,577,295,29,170,1960,1,1959,16682,0.000510204,550-599
v12_posterior,579,311,35,172,2094,1,2093,17958,0.000477555,550-599
v11,580,303,34,181,2176,0,2176,18694,0.000000000,550-599
fixed_2kf,581,323,38,168,2451,0,2451,21123,0.000000000,550-599
v13_min3,582,299,34,171,2156,1,2155,17874,0.000463822,550-599
fixed_4kf,584,315,40,171,2483,0,2483,20342,0.000000000,550-599
v11,585,307,42,178,2608,0,2608,21566,0.000000000,550-599
v12_posterior,585,315,43,168,2734,1,2733,22231,0.000365764,550-599
fixed_2kf,586,327,41,169,2486,0,2486,20158,0.000000000,550-599
v13_min3,586,303,41,167,2618,2,2616,21309,0.000763942,550-599
fixed_4kf,589,319,49,167,2888,0,2888,25123,0.000000000,550-599
v11,589,311,52,172,3152,0,3152,27802,0.000000000,550-599
v12_posterior,589,319,47,168,2714,1,2713,23306,0.000368460,550-599
fixed_2kf,591,331,58,155,3294,0,3294,27953,0.000000000,550-599
v13_min3,592,307,54,159,3032,1,3031,27090,0.000329815,550-599
fixed_2kf,597,335,113,102,4411,0,4411,35696,0.000000000,550-599
fixed_4kf,597,323,109,110,4140,0,4140,34613,0.000000000,550-599
v12_posterior,597,323,117,101,4546,1,4545,37344,0.000219974,550-599
v11,598,315,123,105,4737,0,4737,39738,0.000000000,550-599
v13_min3,600,311,111,105,4554,1,4553,38556,0.000219587,600-799
fixed_4kf,603,327,117,105,4491,0,4491,37935,0.000000000,600-799
v11,603,319,112,118,4641,0,4641,40200,0.000000000,600-799
fixed_2kf,606,339,122,93,4908,0,4908,38367,0.000000000,600-799
v12_posterior,607,327,112,109,4549,1,4548,38418,0.000219829,600-799
fixed_4kf,608,331,118,107,4692,0,4692,38528,0.000000000,600-799
v11,608,323,120,110,4813,0,4813,40282,0.000000000,600-799
v13_min3,608,315,119,99,4740,1,4739,38526,0.000210970,600-799
fixed_2kf,613,343,134,83,4571,0,4571,36958,0.000000000,600-799
v12_posterior,613,331,139,82,4695,1,4694,38475,0.000212993,600-799
fixed_4kf,616,335,154,73,4908,0,4908,39786,0.000000000,600-799
fixed_2kf,617,347,136,84,4668,0,4668,37647,0.000000000,600-799
v11,617,327,148,84,4801,0,4801,40706,0.000000000,600-799
v12_posterior,617,335,132,91,4534,1,4533,37919,0.000220556,600-799
v13_min3,617,319,137,79,4637,1,4636,37344,0.000215657,600-799
fixed_2kf,621,351,144,79,4582,0,4582,38772,0.000000000,600-799
fixed_4kf,621,339,145,84,4486,0,4486,39115,0.000000000,600-799
v11,621,331,161,74,4759,0,4759,41717,0.000000000,600-799
v12_posterior,621,339,150,76,4573,1,4572,39253,0.000218675,600-799
v13_min3,624,323,165,55,4708,1,4707,39723,0.000212404,600-799
fixed_4kf,632,343,183,49,4807,0,4807,40936,0.000000000,600-799
v12_posterior,632,343,181,47,4882,1,4881,41358,0.000204834,600-799
v13_min3,636,327,182,41,4843,1,4842,40999,0.000206484,600-799
v11,641,335,183,50,5113,0,5113,42897,0.000000000,600-799
fixed_2kf,643,355,181,42,5082,0,5082,40847,0.000000000,600-799
fixed_4kf,645,347,188,46,4926,0,4926,41826,0.000000000,600-799
v13_min3,648,331,186,36,4942,1,4941,40828,0.000202347,600-799
v11,650,339,195,39,5124,0,5124,42963,0.000000000,600-799
v12_posterior,650,347,182,43,5011,1,5010,41070,0.000199561,600-799
fixed_2kf,651,359,184,42,5142,0,5142,41612,0.000000000,600-799
v11,655,343,185,47,5178,0,5178,42416,0.000000000,600-799
v13_min3,655,335,171,51,4903,1,4902,40008,0.000203957,600-799
fixed_2kf,658,363,181,49,5174,0,5174,42360,0.000000000,600-799
fixed_4kf,658,351,160,74,4867,0,4867,41279,0.000000000,600-799
v12_posterior,658,351,170,59,5078,1,5077,41817,0.000196928,600-799
v11,660,347,171,64,5218,0,5218,42842,0.000000000,600-799
v13_min3,660,339,167,55,5045,1,5044,40313,0.000198216,600-799
fixed_2kf,664,367,156,76,5011,0,5011,41213,0.000000000,600-799
fixed_4kf,664,355,149,86,4976,0,4976,41453,0.000000000,600-799
v12_posterior,665,355,143,86,4925,1,4924,40113,0.000203046,600-799
v11,666,351,156,80,5166,0,5166,42096,0.000000000,600-799
v13_min3,666,343,144,81,5024,1,5023,40078,0.000199045,600-799
fixed_4kf,669,359,131,103,4866,0,4866,38858,0.000000000,600-799
fixed_2kf,671,371,145,88,5219,0,5219,40940,0.000000000,600-799
v11,671,355,133,106,5079,0,5079,41028,0.000000000,600-799
v13_min3,671,347,136,91,4974,1,4973,39112,0.000201045,600-799
v12_posterior,672,359,138,94,5167,1,5166,40157,0.000193536,600-799
fixed_4kf,674,363,133,104,4729,0,4729,39058,0.000000000,600-799
fixed_2kf,675,375,125,111,4653,0,4653,38738,0.000000000,600-799
v11,675,359,122,118,4656,0,4656,39104,0.000000000,600-799
v13_min3,675,351,139,92,4842,1,4841,39903,0.000206526,600-799
v12_posterior,676,363,134,101,4896,1,4895,39894,0.000204248,600-799
fixed_4kf,679,367,129,111,4417,0,4417,38229,0.000000000,600-799
fixed_2kf,680,379,143,97,4854,0,4854,41074,0.000000000,600-799
v11,680,363,137,107,4637,0,4637,40031,0.000000000,600-799
v13_min3,681,355,145,89,4656,2,4654,39889,0.000429553,600-799
v12_posterior,682,367,147,91,4746,1,4745,40504,0.000210704,600-799
fixed_4kf,683,371,127,116,4183,0,4183,36795,0.000000000,600-799
fixed_2kf,685,383,151,93,4804,0,4804,41032,0.000000000,600-799
v11,685,367,139,108,4714,0,4714,40997,0.000000000,600-799
v13_min3,685,359,144,93,4511,1,4510,39134,0.000221680,600-799
v12_posterior,686,371,134,108,4343,1,4342,38044,0.000230256,600-799
fixed_4kf,687,375,115,132,4086,1,4085,36623,0.000244738,600-799
fixed_2kf,689,387,145,103,4630,0,4630,40602,0.000000000,600-799
v11,689,371,138,113,4626,0,4626,41025,0.000000000,600-799
v13_min3,689,363,133,108,4418,2,4416,39099,0.000452694,600-799
v12_posterior,690,375,120,126,4369,1,4368,39547,0.000228885,600-799
fixed_4kf,691,379,135,116,4285,0,4285,38525,0.000000000,600-799
fixed_2kf,693,391,142,110,4626,0,4626,40997,0.000000000,600-799
v11,693,375,134,121,4274,1,4273,39482,0.000233973,600-799
v13_min3,693,367,128,117,4207,1,4206,38473,0.000237699,600-799
v12_posterior,694,379,137,113,4433,1,4432,40001,0.000225581,600-799
fixed_4kf,695,383,150,104,4271,0,4271,38394,0.000000000,600-799
fixed_2kf,697,395,146,108,4432,0,4432,39699,0.000000000,600-799
v11,697,379,140,119,4104,0,4104,38284,0.000000000,600-799
v13_min3,697,371,146,102,4156,1,4155,37801,0.000240616,600-799
v12_posterior,698,383,158,95,4529,1,4528,40719,0.000220799,600-799
fixed_4kf,699,387,159,97,4458,0,4458,39326,0.000000000,600-799
fixed_2kf,701,399,149,109,4305,0,4305,38978,0.000000000,600-799
v11,701,383,149,113,4383,0,4383,40179,0.000000000,600-799
v13_min3,701,375,150,102,4368,1,4367,39162,0.000228938,600-799
v12_posterior,702,387,159,97,4465,1,4464,40561,0.000223964,600-799
fixed_4kf,703,391,163,97,4362,0,4362,38879,0.000000000,600-799
fixed_2kf,705,403,163,99,4771,0,4771,41416,0.000000000,600-799
v11,705,387,169,97,4931,0,4931,43087,0.000000000,600-799
v13_min3,705,379,165,88,4742,1,4741,40657,0.000210881,600-799
v12_posterior,706,391,174,85,4702,1,4701,41623,0.000212675,600-799
fixed_4kf,707,395,165,99,4432,0,4432,39093,0.000000000,600-799
fixed_2kf,709,407,163,101,4996,0,4996,42124,0.000000000,600-799
v11,709,391,159,110,4792,0,4792,41154,0.000000000,600-799
v12_posterior,710,395,168,94,4704,1,4703,40592,0.000212585,600-799
v13_min3,710,383,156,100,4594,1,4593,39087,0.000217675,600-799
fixed_4kf,711,399,167,101,4418,0,4418,39013,0.000000000,600-799
fixed_2kf,713,411,157,110,4740,0,4740,40411,0.000000000,600-799
v11,713,395,159,112,4663,0,4663,40556,0.000000000,600-799
v12_posterior,715,399,161,102,4652,1,4651,40288,0.000214961,600-799
v13_min3,715,387,158,100,4549,1,4548,38952,0.000219829,600-799
fixed_4kf,716,403,177,94,4704,0,4704,40818,0.000000000,600-799
v11,718,399,163,110,4790,0,4790,40927,0.000000000,600-799
fixed_2kf,720,415,159,110,4904,0,4904,40414,0.000000000,600-799
v13_min3,720,391,157,101,4610,1,4609,38764,0.000216920,600-799
v12_posterior,721,403,155,107,4680,1,4679,39772,0.000213675,600-799
fixed_4kf,722,407,168,103,4773,0,4773,41088,0.000000000,600-799
v11,722,403,158,116,4891,0,4891,41719,0.000000000,600-799
v13_min3,730,395,164,97,4629,1,4628,39369,0.000216029,600-799
fixed_4kf,731,411,176,98,4682,0,4682,41283,0.000000000,600-799
v11,732,407,169,108,4988,0,4988,43127,0.000000000,600-799
v12_posterior,732,407,159,105,4707,1,4706,40382,0.000212450,600-799
fixed_2kf,733,419,162,110,4945,0,4945,41788,0.000000000,600-799
v13_min3,739,399,168,97,4787,1,4786,40636,0.000208899,600-799
fixed_4kf,740,415,177,100,4733,0,4733,42254,0.000000000,600-799
fixed_2kf,741,423,168,107,4963,0,4963,42247,0.000000000,600-799
v11,741,411,172,107,4953,0,4953,43543,0.000000000,600-799
v12_posterior,741,411,167,100,4797,1,4796,41140,0.000208464,600-799
v12_posterior,751,415,183,88,4977,1,4976,42867,0.000200924,600-799
fixed_4kf,752,419,186,94,4891,0,4891,43749,0.000000000,600-799
v11,752,415,190,92,5134,0,5134,45187,0.000000000,600-799
v13_min3,752,403,177,91,4749,1,4748,41160,0.000210571,600-799
fixed_2kf,753,427,179,98,5033,0,5033,43271,0.000000000,600-799
fixed_2kf,758,431,183,97,4950,0,4950,44419,0.000000000,600-799
fixed_4kf,758,423,185,99,4613,0,4613,43573,0.000000000,600-799
v11,758,419,179,105,4852,0,4852,44414,0.000000000,600-799
v12_posterior,758,419,177,97,4721,1,4720,42253,0.000211820,600-799
v13_min3,758,407,176,96,4684,1,4683,42019,0.000213493,600-799
fixed_2kf,762,435,188,94,4961,0,4961,44058,0.000000000,600-799
fixed_4kf,762,427,196,91,4709,0,4709,44584,0.000000000,600-799
v12_posterior,762,423,185,90,4823,1,4822,42914,0.000207340,600-799
v13_min3,762,411,183,93,4693,1,4692,42570,0.000213083,600-799
v11,763,423,186,98,4931,0,4931,44978,0.000000000,600-799
v13_min3,767,415,176,102,4521,1,4520,41691,0.000221190,600-799
fixed_2kf,768,439,172,111,4668,0,4668,43000,0.000000000,600-799
fixed_4kf,768,431,193,95,4625,0,4625,44075,0.000000000,600-799
v11,768,427,180,107,4734,0,4734,44459,0.000000000,600-799
v12_posterior,768,427,179,99,4724,1,4723,42782,0.000211685,600-799
v13_min3,771,419,176,102,4432,1,4431,41088,0.000225632,600-799
fixed_2kf,772,443,171,112,4668,0,4668,43025,0.000000000,600-799
fixed_4kf,772,435,190,99,4523,0,4523,43692,0.000000000,600-799
v11,772,431,178,109,4672,0,4672,44221,0.000000000,600-799
v12_posterior,772,431,179,101,4611,1,4610,42824,0.000216873,600-799
v13_min3,775,423,185,94,4530,1,4529,41506,0.000220751,600-799
fixed_2kf,776,447,173,111,4632,0,4632,42591,0.000000000,600-799
fixed_4kf,776,439,198,91,4603,0,4603,43824,0.000000000,600-799
v11,776,435,190,98,4821,0,4821,44996,0.000000000,600-799
v12_posterior,776,435,190,92,4733,1,4732,43496,0.000211282,600-799
v13_min3,779,427,189,89,4504,1,4503,41193,0.000222025,600-799
fixed_2kf,780,451,187,100,4753,0,4753,43720,0.000000000,600-799
fixed_4kf,780,443,198,93,4613,0,4613,43962,0.000000000,600-799
v12_posterior,780,439,192,90,4694,1,4693,43168,0.000213038,600-799
v11,781,439,192,99,4780,0,4780,44970,0.000000000,600-799
v13_min3,783,431,185,95,4473,1,4472,41206,0.000223564,600-799
fixed_2kf,784,455,189,99,4705,0,4705,43706,0.000000000,600-799
fixed_4kf,784,447,197,94,4547,0,4547,43549,0.000000000,600-799
v12_posterior,784,443,193,90,4740,1,4739,43517,0.000210970,600-799
v11,785,443,196,95,4763,0,4763,44662,0.000000000,600-799
fixed_2kf,788,459,180,112,4529,0,4529,43461,0.000000000,600-799
fixed_4kf,788,451,196,99,4511,0,4511,44231,0.000000000,600-799
v12_posterior,788,447,188,97,4593,1,4592,43091,0.000217723,600-799
v13_min3,788,435,181,99,4385,1,4384,40598,0.000228050,600-799
v11,790,447,188,105,4715,0,4715,44825,0.000000000,600-799
fixed_4kf,792,455,202,93,4565,0,4565,44369,0.000000000,600-799
v12_posterior,792,451,198,91,4668,1,4667,44136,0.000214225,600-799
v13_min3,792,439,190,94,4495,1,4494,41809,0.000222469,600-799
fixed_2kf,793,463,188,105,4614,0,4614,43763,0.000000000,600-799
v11,795,451,198,97,4741,0,4741,45643,0.000000000,600-799
fixed_4kf,796,459,200,97,4446,0,4446,44474,0.000000000,600-799
v12_posterior,796,455,198,93,4646,1,4645,44387,0.000215239,600-799
v13_min3,796,443,193,93,4470,1,4469,42083,0.000223714,600-799
fixed_2kf,798,467,192,101,4639,0,4639,44038,0.000000000,600-799
v11,800,455,197,99,4694,0,4694,45411,0.000000000,800-908
v12_posterior,800,459,208,86,4704,1,4703,45479,0.000212585,800-908
v13_min3,800,447,199,90,4498,1,4497,43006,0.000222321,800-908
fixed_4kf,801,463,205,94,4398,0,4398,44440,0.000000000,800-908
fixed_2kf,802,471,189,104,4484,0,4484,43151,0.000000000,800-908
fixed_4kf,806,467,195,107,4419,0,4419,45301,0.000000000,800-908
v11,806,459,191,106,4657,0,4657,45374,0.000000000,800-908
v12_posterior,806,463,196,99,4502,1,4501,44388,0.000222124,800-908
fixed_2kf,809,475,188,106,4566,0,4566,43174,0.000000000,800-908
v13_min3,809,451,185,107,4255,1,4254,40841,0.000235018,800-908
fixed_4kf,811,471,205,98,4673,0,4673,46222,0.000000000,800-908
v11,811,463,200,99,4969,0,4969,46682,0.000000000,800-908
v12_posterior,811,467,206,89,4856,1,4855,45617,0.000205931,800-908
fixed_2kf,813,479,163,131,4815,0,4815,42689,0.000000000,800-908
v13_min3,813,455,178,114,4784,1,4783,42608,0.000209030,800-908
fixed_4kf,815,475,188,113,4948,1,4947,45081,0.000202102,800-908
v11,815,467,192,108,5289,0,5289,46497,0.000000000,800-908
v12_posterior,815,471,201,94,5243,1,5242,45623,0.000190730,800-908
fixed_2kf,818,483,171,125,5273,0,5273,44947,0.000000000,800-908
v13_min3,818,459,179,112,5095,3,5092,43489,0.000588813,800-908
fixed_4kf,819,479,172,129,5007,0,5007,44953,0.000000000,800-908
v11,819,471,181,122,5334,0,5334,47936,0.000000000,800-908
v12_posterior,819,475,192,105,5301,1,5300,46036,0.000188644,800-908
fixed_2kf,822,487,148,147,5160,0,5160,42381,0.000000000,800-908
v13_min3,822,463,153,140,5069,1,5068,41394,0.000197278,800-908
fixed_4kf,823,483,160,144,5216,0,5216,44299,0.000000000,800-908
v11,823,475,179,123,5632,0,5632,47123,0.000000000,800-908
v12_posterior,823,479,175,125,5421,1,5420,44463,0.000184468,800-908
fixed_2kf,827,491,126,168,5090,0,5090,41841,0.000000000,800-908
v11,827,479,166,138,5472,0,5472,46250,0.000000000,800-908
v13_min3,827,467,161,133,5305,1,5304,43438,0.000188501,800-908
fixed_4kf,828,487,173,134,5353,1,5352,46494,0.000186811,800-908
v12_posterior,828,483,175,127,5491,1,5490,46273,0.000182116,800-908
v11,832,483,176,131,5702,1,5701,47613,0.000175377,800-908
v13_min3,832,471,161,135,5311,1,5310,43889,0.000188288,800-908
fixed_2kf,833,495,174,123,5757,0,5757,47161,0.000000000,800-908
fixed_4kf,833,491,187,122,5475,0,5475,46826,0.000000000,800-908
v12_posterior,833,487,196,108,5813,1,5812,48167,0.000172028,800-908
v11,836,487,159,152,5673,0,5673,48385,0.000000000,800-908
v13_min3,836,475,144,156,5189,1,5188,43536,0.000192715,800-908
fixed_4kf,837,495,147,166,4931,1,4930,44866,0.000202799,800-908
fixed_2kf,838,499,137,162,4877,0,4877,41700,0.000000000,800-908
v12_posterior,838,491,156,150,5211,1,5210,45408,0.000191902,800-908
v11,840,491,157,158,5075,0,5075,45423,0.000000000,800-908
v13_min3,840,479,162,142,5106,1,5105,44027,0.000195848,800-908
fixed_4kf,841,499,148,169,4629,0,4629,42010,0.000000000,800-908
fixed_2kf,842,503,154,148,5219,0,5219,44053,0.000000000,800-908
v12_posterior,842,495,144,165,4787,1,4786,41714,0.000208899,800-908
v11,844,495,178,138,5678,0,5678,48252,0.000000000,800-908
v13_min3,844,483,156,151,5095,1,5094,43452,0.000196271,800-908
fixed_4kf,845,503,189,131,5672,0,5672,48401,0.000000000,800-908
fixed_2kf,846,507,176,129,5523,0,5523,45693,0.000000000,800-908
v12_posterior,846,499,190,123,5681,1,5680,47844,0.000176025,800-908
v11,848,499,187,131,5861,0,5861,49229,0.000000000,800-908
v13_min3,848,487,200,110,5564,1,5563,46121,0.000179727,800-908
fixed_4kf,849,507,209,114,5860,0,5860,49998,0.000000000,800-908
fixed_2kf,850,511,208,100,6001,0,6001,48490,0.000000000,800-908
v12_posterior,850,503,218,98,6008,1,6007,49992,0.000166445,800-908
v13_min3,852,491,225,88,5814,1,5813,47968,0.000171999,800-908
v11,853,503,214,108,6023,0,6023,50957,0.000000000,800-908
fixed_2kf,854,515,208,103,5941,0,5941,48930,0.000000000,800-908
fixed_4kf,854,511,218,106,5785,0,5785,49984,0.000000000,800-908
v12_posterior,855,507,239,81,6094,1,6093,51262,0.000164096,800-908
fixed_2kf,859,519,210,104,5898,0,5898,48849,0.000000000,800-908
v11,859,507,215,111,6034,0,6034,51494,0.000000000,800-908
v13_min3,859,495,234,82,5947,1,5946,49862,0.000168152,800-908
fixed_4kf,860,515,215,112,5748,0,5748,50584,0.000000000,800-908
v12_posterior,860,511,227,97,6068,1,6067,52114,0.000164799,800-908
v13_min3,865,499,220,99,5765,1,5764,49486,0.000173461,800-908
fixed_2kf,866,523,211,107,5773,0,5773,50006,0.000000000,800-908
v11,867,511,233,97,6083,0,6083,52522,0.000000000,800-908
fixed_4kf,871,519,222,108,5765,0,5765,51045,0.000000000,800-908
fixed_2kf,874,527,218,104,5762,0,5762,50643,0.000000000,800-908
v12_posterior,874,515,243,85,6167,1,6166,53454,0.000162153,800-908
v13_min3,874,503,209,109,5503,1,5502,48216,0.000181719,800-908
v11,878,515,230,104,5955,0,5955,52858,0.000000000,800-908
fixed_4kf,881,523,208,125,5526,0,5526,50545,0.000000000,800-908
v12_posterior,881,519,220,110,5783,1,5782,51795,0.000172921,800-908
v13_min3,882,507,219,99,5543,1,5542,48032,0.000180408,800-908
fixed_2kf,883,531,221,103,5668,0,5668,50447,0.000000000,800-908
v11,887,519,222,113,5862,0,5862,53123,0.000000000,800-908
v12_posterior,894,523,217,116,5855,1,5854,53369,0.000170794,800-908
fixed_2kf,895,535,213,113,5577,0,5577,49924,0.000000000,800-908
fixed_4kf,895,527,199,137,5409,0,5409,50655,0.000000000,800-908
v13_min3,895,511,202,118,5409,1,5408,47935,0.000184877,800-908
v11,896,523,211,126,5646,0,5646,51939,0.000000000,800-908
fixed_4kf,908,529,200,135,5208,0,5208,48606,0.000000000,800-908
v11,908,526,224,115,5809,0,5809,53479,0.000000000,800-908
v12_posterior,908,525,221,109,5738,1,5737,51260,0.000174277,800-908
v13_min3,908,515,209,113,5235,1,5234,46662,0.000191022,800-908
