match_index,baseline_se3_error_m,probe_se3_error_m,se3_delta_probe_minus_baseline_m,baseline_sim3_error_m,probe_sim3_error_m,sim3_delta_probe_minus_baseline_m
0,0.017024867,0.013738725,-0.003286142,0.015623689,0.012114256,-0.003509433
1,0.013527406,0.010529090,-0.002998316,0.011893797,0.008471985,-0.003421813
2,0.013084798,0.010926871,-0.002157927,0.010825643,0.008134997,-0.002690646
3,0.012529703,0.013147803,0.000618100,0.009298594,0.009360063,0.000061469
4,0.009718180,0.009358440,-0.000359740,0.006873393,0.005675484,-0.001197909
5,0.007634355,0.005376294,-0.002258061,0.007061167,0.002783406,-0.004277762
6,0.010533662,0.007800734,-0.002732928,0.010033681,0.005834117,-0.004199564
7,0.002620774,0.006401078,0.003780304,0.005042776,0.009388135,0.004345360
8,0.011277391,0.010756650,-0.000520741,0.011059513,0.007203971,-0.003855542
9,0.017898034,0.015858117,-0.002039917,0.016024035,0.012383844,-0.003640191
10,0.027979633,0.034691827,0.006712194,0.025074273,0.032446067,0.007371794
11,0.016611979,0.022705733,0.006093753,0.015623568,0.020896258,0.005272690
12,0.015031545,0.015149704,0.000118159,0.012589283,0.011521211,-0.001068071
13,0.021568078,0.025780533,0.004212455,0.017261613,0.021166923,0.003905311
14,0.018798049,0.019628298,0.000830249,0.015165064,0.016120459,0.000955394
15,0.012750662,0.013709870,0.000959208,0.009158031,0.010577332,0.001419301
16,0.014331422,0.012529162,-0.001802261,0.009966721,0.008005388,-0.001961333
17,0.020037329,0.016214459,-0.003822871,0.015483003,0.011792974,-0.003690030
18,0.013788077,0.016285003,0.002496926,0.009840638,0.011508536,0.001667898
19,0.005266502,0.010702657,0.005436156,0.002953456,0.008291169,0.005337713
20,0.003262688,0.009656692,0.006394004,0.002739495,0.006835864,0.004096368
21,0.006810670,0.008383528,0.001572858,0.004635126,0.003422652,-0.001212474
22,0.010921372,0.012847850,0.001926478,0.008190146,0.009380135,0.001189989
23,0.007509714,0.011256275,0.003746561,0.007764834,0.008223129,0.000458295
24,0.003899420,0.013262343,0.009362923,0.002697259,0.008239810,0.005542551
25,0.023400320,0.024885964,0.001485644,0.018772936,0.019299895,0.000526959
26,0.011735041,0.014242531,0.002507490,0.009330768,0.009710067,0.000379298
27,0.015474280,0.022977551,0.007503271,0.010548777,0.017222013,0.006673235
28,0.012882930,0.019033546,0.006150616,0.009335657,0.013090469,0.003754812
29,0.022920021,0.025027406,0.002107384,0.018875186,0.019657343,0.000782158
30,0.017324978,0.020616162,0.003291184,0.011925411,0.014337947,0.002412536
31,0.017243527,0.012410968,-0.004832559,0.013129348,0.006424466,-0.006704882
32,0.020808019,0.016975420,-0.003832598,0.017449296,0.013043801,-0.004405495
33,0.067166214,0.017757228,-0.049408985,0.061550857,0.017238931,-0.044311926
34,0.060048439,0.009641811,-0.050406628,0.054190655,0.010216816,-0.043973840
35,0.055068122,0.014968424,-0.040099698,0.049056677,0.010060282,-0.038996395
36,0.041346039,0.019366354,-0.021979685,0.035021567,0.012341621,-0.022679946
37,0.022737662,0.007849593,-0.014888069,0.016576251,0.007222687,-0.009353564
38,0.015634700,0.005409190,-0.010225511,0.010120822,0.005562018,-0.004558803
39,0.011394032,0.009550954,-0.001843078,0.004422130,0.014249321,0.009827190
40,0.008848995,0.026894386,0.018045390,0.007705508,0.019056265,0.011350757
41,0.009329064,0.022418905,0.013089842,0.013423290,0.014390875,0.000967585
42,0.014624742,0.030575153,0.015950411,0.007023520,0.022865318,0.015841798
43,0.009388035,0.017723471,0.008335436,0.005637193,0.009792101,0.004154908
44,0.004933195,0.009259837,0.004326641,0.008344944,0.007813771,-0.000531173
45,0.025031800,0.017635223,-0.007396577,0.018653279,0.009373536,-0.009279743
46,0.022594388,0.025097676,0.002503288,0.019243012,0.019327585,0.000084573
47,0.017788379,0.016394029,-0.001394350,0.021705667,0.017602033,-0.004103634
48,0.006903891,0.017494181,0.010590290,0.006241720,0.010562874,0.004321153
49,0.008068205,0.011133771,0.003065566,0.010067585,0.006432891,-0.003634693
50,0.012693946,0.011478381,-0.001215566,0.020053597,0.011433056,-0.008620541
51,0.024306570,0.021026477,-0.003280094,0.020443779,0.020100851,-0.000342928
52,0.010021745,0.012492808,0.002471062,0.010831316,0.015758208,0.004926892
53,0.008867760,0.008943015,0.000075255,0.015543423,0.017156378,0.001612955
54,0.011135360,0.009810841,-0.001324519,0.014524818,0.018698167,0.004173349
55,0.020076882,0.011931312,-0.008145571,0.019377101,0.018999989,-0.000377112
56,0.016751636,0.016323818,-0.000427818,0.022797876,0.024985317,0.002187442
57,0.013394331,0.003375763,-0.010018568,0.006941370,0.006722773,-0.000218597
58,0.013982541,0.006473860,-0.007508681,0.011695486,0.005062271,-0.006633215
59,0.012141430,0.010716586,-0.001424844,0.013359284,0.002418810,-0.010940474
60,0.015756292,0.006577664,-0.009178628,0.015159888,0.009609659,-0.005550229
61,0.020755772,0.017928801,-0.002826971,0.015725832,0.011789948,-0.003935884
62,0.031596991,0.030342217,-0.001254774,0.024405121,0.023812028,-0.000593093
63,0.004161660,0.006921339,0.002759679,0.012847083,0.013210907,0.000363824
64,0.005004967,0.001278995,-0.003725972,0.010842836,0.009482950,-0.001359887
65,0.010510185,0.004724063,-0.005786122,0.005282483,0.008535224,0.003252741
66,0.013318453,0.009734419,-0.003584035,0.015049433,0.012997501,-0.002051932
67,0.014023380,0.008201776,-0.005821604,0.015696664,0.016710441,0.001013777
68,0.011503528,0.009243534,-0.002259994,0.012226219,0.014602753,0.002376534
69,0.013377442,0.013932743,0.000555302,0.009943262,0.014539421,0.004596159
70,0.013175873,0.015737052,0.002561179,0.013013064,0.015053614,0.002040549
71,0.014076911,0.010624138,-0.003452772,0.018812801,0.016213651,-0.002599150
72,0.011762595,0.009475074,-0.002287521,0.014999364,0.013056934,-0.001942430
73,0.015581091,0.011198370,-0.004382720,0.020191003,0.016107816,-0.004083187
74,0.007590828,0.006576677,-0.001014151,0.013687452,0.011442491,-0.002244961
75,0.009856198,0.009190831,-0.000665367,0.016214673,0.013913658,-0.002301014
76,0.013664381,0.011135437,-0.002528944,0.019390490,0.018539013,-0.000851477
77,0.012518746,0.010661084,-0.001857662,0.017004778,0.018393629,0.001388851
78,0.006397526,0.008872516,0.002474990,0.011852206,0.013200458,0.001348251
79,0.005910079,0.002875281,-0.003034798,0.007747288,0.007756376,0.000009088
80,0.015598351,0.013594717,-0.002003634,0.019648551,0.016338304,-0.003310247
81,0.020483933,0.016501028,-0.003982904,0.025125199,0.019437405,-0.005687794
82,0.017988238,0.008557539,-0.009430699,0.022822619,0.013797214,-0.009025406
83,0.016826234,0.009382139,-0.007444095,0.021455211,0.014776369,-0.006678842
84,0.015873874,0.017353813,0.001479939,0.019357563,0.019118545,-0.000239017
85,0.015879946,0.020253915,0.004373969,0.020131056,0.020035785,-0.000095271
86,0.014797837,0.008666396,-0.006131440,0.020466285,0.008328886,-0.012137399
87,0.017441731,0.014858695,-0.002583035,0.023571577,0.017491444,-0.006080133
88,0.016701127,0.018434439,0.001733312,0.022182271,0.021045133,-0.001137139
89,0.020320891,0.012071858,-0.008249033,0.025702585,0.016496465,-0.009206121
90,0.018305706,0.012737326,-0.005568379,0.022695691,0.017445857,-0.005249834
91,0.017141399,0.012708649,-0.004432750,0.021088319,0.015975018,-0.005113301
92,0.020203177,0.016020407,-0.004182769,0.023454854,0.019825587,-0.003629267
93,0.013509378,0.010076935,-0.003432442,0.018397121,0.014072647,-0.004324474
94,0.009772782,0.011005307,0.001232525,0.010686706,0.007609207,-0.003077498
95,0.014481255,0.013260878,-0.001220377,0.018731662,0.016730013,-0.002001649
96,0.005892054,0.013258712,0.007366658,0.003744360,0.018668361,0.014924001
97,0.021446630,0.017024341,-0.004422289,0.025414509,0.021798505,-0.003616004
98,0.013414732,0.020135460,0.006720728,0.018331295,0.024790389,0.006459094
99,0.005945419,0.016272733,0.010327314,0.009261637,0.019474253,0.010212617
100,0.010814207,0.019898760,0.009084553,0.015215191,0.023279202,0.008064011
101,0.006646689,0.009676796,0.003030107,0.011097754,0.014540018,0.003442264
102,0.008786378,0.018429567,0.009643189,0.013215536,0.022354614,0.009139078
103,0.018157966,0.009532394,-0.008625572,0.019837368,0.010345209,-0.009492159
104,0.012630372,0.014217979,0.001587608,0.015902992,0.018119247,0.002216255
105,0.011931231,0.014465533,0.002534302,0.011520347,0.018039804,0.006519458
106,0.010241951,0.013572813,0.003330862,0.013755170,0.017067733,0.003312563
107,0.011755208,0.008149610,-0.003605597,0.014968342,0.011686367,-0.003281975
108,0.009743964,0.010131041,0.000387077,0.013061781,0.013707731,0.000645950
109,0.017171501,0.010803669,-0.006367832,0.020129977,0.014534038,-0.005595939
110,0.012393813,0.008376859,-0.004016953,0.014294336,0.011860935,-0.002433402
111,0.009168465,0.007979059,-0.001189406,0.007585858,0.007844607,0.000258749
112,0.007873178,0.006274301,-0.001598877,0.008568012,0.005582796,-0.002985216
113,0.008229587,0.009356513,0.001126926,0.011176119,0.010508504,-0.000667614
114,0.014358484,0.013486860,-0.000871624,0.016553097,0.013941209,-0.002611888
115,0.013910082,0.014704511,0.000794428,0.015452012,0.016093143,0.000641131
116,0.010803471,0.013252314,0.002448844,0.012821247,0.014939291,0.002118043
117,0.019976575,0.012724957,-0.007251618,0.018998038,0.013063291,-0.005934747
118,0.017158787,0.012179232,-0.004979554,0.015417889,0.011799885,-0.003618004
119,0.017454907,0.014005230,-0.003449677,0.017335549,0.015174791,-0.002160758
120,0.015725577,0.005613850,-0.010111727,0.015357086,0.008546217,-0.006810869
121,0.015933772,0.005666219,-0.010267553,0.016122565,0.008158036,-0.007964529
122,0.017835677,0.009306122,-0.008529555,0.017485937,0.011373730,-0.006112207
123,0.015970280,0.019302032,0.003331752,0.016327284,0.018425748,0.002098464
124,0.010831638,0.015834754,0.005003116,0.012113102,0.015623954,0.003510853
125,0.012245693,0.013975550,0.001729857,0.014488769,0.014485946,-0.000002824
126,0.014121412,0.013928010,-0.000193403,0.016524606,0.016145552,-0.000379055
127,0.012591927,0.012165865,-0.000426063,0.013503312,0.012593730,-0.000909582
128,0.005960090,0.007214231,0.001254141,0.006899964,0.008517565,0.001617601
129,0.014174478,0.013393572,-0.000780906,0.013628675,0.011874787,-0.001753888
130,0.014566841,0.014450638,-0.000116203,0.014263981,0.013938331,-0.000325650
131,0.006742850,0.009835643,0.003092793,0.008112658,0.010660100,0.002547443
132,0.015358278,0.014092492,-0.001265785,0.014653433,0.014427287,-0.000226146
133,0.017665028,0.019384492,0.001719464,0.015463567,0.018744390,0.003280823
134,0.015627039,0.013273160,-0.002353879,0.015667259,0.012075749,-0.003591510
135,0.016140607,0.013457773,-0.002682834,0.014947605,0.012905169,-0.002042436
136,0.010921212,0.011152457,0.000231246,0.007719048,0.008929288,0.001210240
137,0.025368675,0.023046972,-0.002321703,0.021550477,0.019115168,-0.002435308
138,0.024538086,0.027513502,0.002975416,0.020474663,0.023329526,0.002854862
139,0.024014024,0.024251567,0.000237544,0.019827909,0.020629078,0.000801169
140,0.010966462,0.017305017,0.006338555,0.007447888,0.013336394,0.005888505
141,0.014906880,0.017291382,0.002384503,0.010466376,0.012866468,0.002400092
142,0.017697679,0.013519766,-0.004177913,0.015853683,0.012166152,-0.003687531
143,0.014114199,0.013495283,-0.000618916,0.011882675,0.010313202,-0.001569473
144,0.017721571,0.019808374,0.002086803,0.014847200,0.015824523,0.000977324
145,0.012574788,0.012029688,-0.000545100,0.010229138,0.010277050,0.000047912
146,0.013153128,0.012998837,-0.000154291,0.010445799,0.010337786,-0.000108013
147,0.016423964,0.013874434,-0.002549530,0.012796974,0.010788392,-0.002008581
148,0.012971201,0.009264646,-0.003706556,0.008546714,0.004273651,-0.004273063
149,0.013812394,0.014079047,0.000266652,0.009616147,0.008568793,-0.001047355
150,0.015543837,0.020811824,0.005267987,0.010743253,0.014425669,0.003682415
151,0.015401187,0.014768025,-0.000633161,0.009769859,0.008646454,-0.001123405
152,0.018526815,0.017822000,-0.000704815,0.013424398,0.011498386,-0.001926011
153,0.013997914,0.016458722,0.002460808,0.008535387,0.010565138,0.002029751
154,0.023703253,0.024088553,0.000385299,0.017241191,0.017106721,-0.000134470
155,0.023058690,0.025389831,0.002331140,0.016115523,0.018644778,0.002529255
156,0.024829689,0.023453881,-0.001375808,0.018087637,0.016748848,-0.001338789
157,0.031333333,0.039329169,0.007995836,0.023800053,0.031438862,0.007638809
158,0.034211568,0.011945967,-0.022265601,0.026278834,0.015581273,-0.010697561
159,0.030340391,0.023477407,-0.006862985,0.022353584,0.015791547,-0.006562037
160,0.030614321,0.023028242,-0.007586079,0.022570869,0.014898187,-0.007672682
161,0.022893817,0.022152773,-0.000741044,0.014724819,0.016366918,0.001642098
162,0.020168602,0.018220751,-0.001947852,0.016150672,0.017135106,0.000984433
163,0.008906939,0.011989137,0.003082198,0.008560809,0.016991218,0.008430409
164,0.020024002,0.015869161,-0.004154841,0.011254594,0.008428156,-0.002826437
165,0.025175020,0.017239374,-0.007935646,0.016377193,0.007985045,-0.008392149
166,0.016105800,0.013583518,-0.002522282,0.012657533,0.014534561,0.001877028
167,0.024147782,0.023410884,-0.000736897,0.024290555,0.023397003,-0.000893551
168,0.022383651,0.027027233,0.004643582,0.019235291,0.020853458,0.001618167
169,0.017725360,0.014602543,-0.003122817,0.008976960,0.006557222,-0.002419738
170,0.015493695,0.008907887,-0.006585808,0.006151641,0.001173426,-0.004978215
171,0.022268097,0.016611139,-0.005656958,0.012736511,0.007284262,-0.005452249
172,0.034339142,0.035954647,0.001615505,0.024266003,0.026059042,0.001793039
173,0.026870591,0.024635680,-0.002234911,0.017589103,0.015672001,-0.001917102
174,0.016551984,0.016174566,-0.000377419,0.007595613,0.008693926,0.001098313
175,0.024771669,0.027072684,0.002301014,0.015479278,0.017927852,0.002448575
176,0.041499964,0.055260294,0.013760329,0.033797692,0.049443277,0.015645585
177,0.020960182,0.015084151,-0.005876031,0.010809097,0.006541726,-0.004267371
178,0.023215160,0.022739771,-0.000475390,0.016160263,0.011531590,-0.004628673
179,0.033714048,0.036880063,0.003166015,0.023483865,0.026629200,0.003145335
180,0.017431888,0.024927309,0.007495421,0.009163166,0.013591320,0.004428154
181,0.023073425,0.025281348,0.002207922,0.012037235,0.014584005,0.002546770
182,0.023585055,0.022848657,-0.000736398,0.012758629,0.012963572,0.000204943
183,0.030926190,0.032134834,0.001208645,0.023632184,0.025306476,0.001674292
184,0.024153306,0.017678557,-0.006474748,0.018786874,0.012581171,-0.006205703
185,0.025998632,0.028550983,0.002552351,0.018765566,0.021895203,0.003129637
186,0.026344157,0.024982857,-0.001361300,0.019241668,0.019037399,-0.000204269
187,0.017988101,0.017695009,-0.000293092,0.007685350,0.009811014,0.002125665
188,0.023516987,0.026310875,0.002793887,0.011487745,0.018239265,0.006751520
189,0.014864113,0.017711481,0.002847368,0.004083326,0.010006888,0.005923562
190,0.015603835,0.017305554,0.001701719,0.005768671,0.012073108,0.006304437
191,0.020677845,0.020093395,-0.000584450,0.009695263,0.013809968,0.004114705
192,0.014211103,0.015526776,0.001315673,0.004330937,0.013648989,0.009318052
193,0.008470583,0.009468606,0.000998023,0.007434685,0.019127732,0.011693047
194,0.009054354,0.011637095,0.002582741,0.017791655,0.022720084,0.004928429
195,0.008421551,0.012834113,0.004412562,0.019677117,0.024648534,0.004971417
196,0.011990855,0.019118308,0.007127452,0.022292949,0.029699003,0.007406053
197,0.009328392,0.012198585,0.002870194,0.018223271,0.021447700,0.003224429
198,0.012096960,0.013496974,0.001400015,0.016693988,0.017971951,0.001277963
199,0.019902750,0.021927381,0.002024631,0.022720925,0.024570077,0.001849152
200,0.018135171,0.019807403,0.001672231,0.025390361,0.025967434,0.000577073
201,0.015225303,0.012621287,-0.002604016,0.023296090,0.021915104,-0.001380987
202,0.014109329,0.023477035,0.009367705,0.022181742,0.031917226,0.009735483
203,0.038895297,0.026670839,-0.012224458,0.046654564,0.035979184,-0.010675380
204,0.026464461,0.015971313,-0.010493148,0.032819202,0.024007412,-0.008811790
205,0.020742352,0.017512097,-0.003230254,0.029085809,0.026479935,-0.002605874
206,0.021445822,0.025168406,0.003722585,0.029382247,0.029659873,0.000277626
207,0.016087015,0.017989987,0.001902972,0.023182321,0.023281626,0.000099304
208,0.013023392,0.027368992,0.014345600,0.021127744,0.031825953,0.010698208
209,0.008061012,0.011374690,0.003313678,0.016071668,0.019195072,0.003123404
210,0.005122458,0.011119740,0.005997282,0.012787751,0.016220467,0.003432716
211,0.017131965,0.015601250,-0.001530716,0.023876609,0.021453182,-0.002423427
212,0.016902477,0.015813557,-0.001088920,0.023373170,0.022102604,-0.001270565
213,0.027852556,0.028538611,0.000686055,0.028304836,0.029815272,0.001510436
214,0.011425201,0.007627298,-0.003797904,0.013257169,0.011601206,-0.001655963
215,0.049445274,0.044260470,-0.005184804,0.053782489,0.049741618,-0.004040870
216,0.020981832,0.020757399,-0.000224433,0.022219545,0.018176099,-0.004043447
217,0.012600148,0.007302109,-0.005298040,0.015872301,0.003305644,-0.012566658
218,0.033379205,0.022861513,-0.010517692,0.038756903,0.026158581,-0.012598322
219,0.023554322,0.018711041,-0.004843281,0.027107528,0.021089746,-0.006017782
220,0.017520733,0.010405968,-0.007114764,0.021882069,0.012914381,-0.008967688
221,0.018787309,0.009299596,-0.009487713,0.024184673,0.014056726,-0.010127947
222,0.021745711,0.008576813,-0.013168898,0.026747404,0.013536562,-0.013210842
223,0.013622388,0.006639814,-0.006982575,0.018470731,0.008402144,-0.010068587
224,0.024834336,0.019112642,-0.005721694,0.029032644,0.023498606,-0.005534038
225,0.019594977,0.011607641,-0.007987336,0.024084328,0.015932149,-0.008152179
226,0.015575056,0.006750745,-0.008824311,0.020025760,0.009679401,-0.010346359
227,0.012553686,0.007286879,-0.005266807,0.016168329,0.010350508,-0.005817820
228,0.018438573,0.017640661,-0.000797911,0.021458783,0.018720931,-0.002737852
229,0.024552087,0.017851480,-0.006700607,0.028339447,0.019770709,-0.008568738
230,0.019013379,0.009205272,-0.009808107,0.022631532,0.012322612,-0.010308920
231,0.034292131,0.028153684,-0.006138447,0.036740970,0.029558278,-0.007182692
232,0.022965668,0.015959490,-0.007006178,0.025604316,0.017439402,-0.008164915
233,0.021733870,0.011238952,-0.010494918,0.024480927,0.013303048,-0.011177879
234,0.025742938,0.015113459,-0.010629479,0.028379770,0.017606599,-0.010773171
235,0.030176646,0.021581325,-0.008595320,0.032628447,0.023001295,-0.009627152
236,0.037561071,0.040996580,0.003435509,0.039081524,0.041387198,0.002305674
237,0.027477730,0.020262533,-0.007215197,0.030081292,0.021991580,-0.008089712
238,0.020021042,0.020763886,0.000742844,0.022211975,0.021483259,-0.000728716
239,0.054161514,0.054567126,0.000405612,0.053884520,0.053908256,0.000023736
240,0.027744828,0.027314620,-0.000430208,0.029606459,0.028817002,-0.000789457
241,0.018934713,0.009092504,-0.009842209,0.021079677,0.011363526,-0.009716151
242,0.019005409,0.012888241,-0.006117168,0.021058109,0.015374888,-0.005683222
243,0.023750589,0.020988408,-0.002762181,0.025327129,0.022342344,-0.002984785
244,0.022926198,0.016852393,-0.006073805,0.024498277,0.018371368,-0.006126909
245,0.021041294,0.016664573,-0.004376722,0.022452295,0.018067834,-0.004384461
246,0.023548385,0.022621431,-0.000926955,0.024541517,0.023415329,-0.001126187
247,0.018900716,0.019049153,0.000148437,0.020273237,0.019829284,-0.000443953
248,0.016501170,0.012803231,-0.003697939,0.017824919,0.013820495,-0.004004424
249,0.012537978,0.007253836,-0.005284141,0.014088617,0.009173078,-0.004915539
250,0.019008072,0.014065276,-0.004942795,0.020095892,0.013514129,-0.006581763
251,0.014427175,0.013249331,-0.001177844,0.015263847,0.012862620,-0.002401227
252,0.009510492,0.007710758,-0.001799734,0.010426975,0.006616316,-0.003810659
253,0.022491123,0.017559824,-0.004931300,0.021863320,0.016238370,-0.005624950
254,0.019097865,0.014972109,-0.004125756,0.018427359,0.013702164,-0.004725194
255,0.014409762,0.013993901,-0.000415862,0.014286862,0.012066551,-0.002220311
256,0.010065846,0.011369129,0.001303283,0.010128983,0.009121194,-0.001007789
257,0.010648367,0.013220227,0.002571860,0.009898492,0.011012139,0.001113647
258,0.014644840,0.005319469,-0.009325370,0.013914975,0.004196484,-0.009718491
259,0.020193495,0.015305232,-0.004888263,0.018112431,0.012832977,-0.005279453
260,0.022660350,0.014953669,-0.007706681,0.020270970,0.012228247,-0.008042723
261,0.028367206,0.020926219,-0.007440986,0.025373793,0.017438613,-0.007935180
262,0.039208494,0.035166005,-0.004042489,0.035958421,0.031483843,-0.004474578
263,0.030606738,0.027743082,-0.002863656,0.027553909,0.024206027,-0.003347882
264,0.031049923,0.027221530,-0.003828393,0.026932817,0.023266384,-0.003666433
265,0.037511938,0.030012507,-0.007499430,0.033457068,0.025681078,-0.007775990
266,0.028280629,0.021758254,-0.006522375,0.023830405,0.017046345,-0.006784059
267,0.032689940,0.028872393,-0.003817547,0.027818527,0.023518126,-0.004300402
268,0.031659566,0.026631524,-0.005028042,0.027247528,0.022219802,-0.005027726
269,0.027617469,0.025035613,-0.002581856,0.023218016,0.020516596,-0.002701420
270,0.027896122,0.025362296,-0.002533826,0.023620043,0.020517466,-0.003102577
271,0.021561391,0.013267505,-0.008293887,0.016476012,0.010518477,-0.005957535
272,0.026140464,0.026371002,0.000230538,0.021331436,0.020498448,-0.000832987
273,0.032052322,0.029097028,-0.002955294,0.027027446,0.023552206,-0.003475240
274,0.025741937,0.024100288,-0.001641649,0.020745059,0.019220410,-0.001524649
275,0.032276708,0.029226981,-0.003049727,0.026275006,0.022871851,-0.003403155
276,0.027241130,0.023921645,-0.003319485,0.021333141,0.017445131,-0.003888010
277,0.004275247,0.005433855,0.001158608,0.007722941,0.010144371,0.002421430
278,0.003997323,0.003968850,-0.000028473,0.005170000,0.008020797,0.002850797
279,0.012229993,0.012541280,0.000311288,0.006294468,0.006597134,0.000302666
280,0.014510495,0.012374928,-0.002135567,0.009113853,0.010260456,0.001146603
281,0.008304363,0.004132762,-0.004171601,0.007386863,0.009690844,0.002303980
282,0.021564844,0.017902831,-0.003662013,0.015083525,0.011370003,-0.003713522
283,0.014931953,0.011595190,-0.003336762,0.008470096,0.006839314,-0.001630782
284,0.011030679,0.009288263,-0.001742416,0.005602046,0.004924345,-0.000677701
285,0.017325130,0.014940776,-0.002384354,0.011805799,0.007980777,-0.003825021
286,0.014262855,0.010729630,-0.003533225,0.012335590,0.012211914,-0.000123675
287,0.010895079,0.013565208,0.002670129,0.014723600,0.017858591,0.003134991
288,0.007161973,0.006651972,-0.000510002,0.003232559,0.005214132,0.001981573
289,0.031877974,0.027825046,-0.004052928,0.026398501,0.022638909,-0.003759592
290,0.020575386,0.017850824,-0.002724562,0.012133676,0.011202858,-0.000930819
291,0.028567222,0.031899936,0.003332714,0.021877888,0.025488425,0.003610537
292,0.029796162,0.024307688,-0.005488475,0.020723758,0.015548941,-0.005174817
293,0.036299107,0.031288735,-0.005010372,0.027022285,0.021766403,-0.005255882
294,0.019924415,0.015704593,-0.004219822,0.011007266,0.006880758,-0.004126508
295,0.019269127,0.013197243,-0.006071883,0.012998755,0.008947699,-0.004051056
296,0.040371589,0.037900597,-0.002470992,0.033607874,0.030939831,-0.002668044
297,0.018577936,0.020055223,0.001477287,0.012198244,0.012445795,0.000247551
298,0.018384662,0.018040652,-0.000344010,0.009364516,0.008966683,-0.000397833
299,0.022087638,0.022753976,0.000666338,0.012933756,0.013608955,0.000675199
300,0.031574532,0.029836306,-0.001738226,0.021228273,0.019753479,-0.001474793
301,0.032273048,0.034302622,0.002029574,0.022286102,0.024051618,0.001765516
302,0.022073713,0.022861167,0.000787454,0.012119397,0.012689628,0.000570231
303,0.019560141,0.022902380,0.003342239,0.010106375,0.014699402,0.004593027
304,0.018619149,0.023388044,0.004768895,0.009447314,0.013105001,0.003657687
305,0.020053705,0.024888797,0.004835092,0.010455342,0.014987871,0.004532530
306,0.028891830,0.033106589,0.004214759,0.019127248,0.023109148,0.003981900
307,0.025963855,0.027477561,0.001513706,0.016251506,0.016424096,0.000172590
308,0.025431238,0.029225455,0.003794217,0.015830742,0.020130805,0.004300063
309,0.024234677,0.024627068,0.000392391,0.013260711,0.012930394,-0.000330317
310,0.018234850,0.017123612,-0.001111238,0.010676512,0.009266601,-0.001409911
311,0.008803259,0.008623324,-0.000179935,0.014651227,0.015095913,0.000444686
312,0.011827872,0.008016322,-0.003811549,0.013333379,0.011190373,-0.002143006
313,0.016288886,0.016831247,0.000542362,0.018136609,0.016213627,-0.001922982
314,0.011168029,0.010550459,-0.000617569,0.018934327,0.017703720,-0.001230607
315,0.008191187,0.005876682,-0.002314505,0.015972355,0.012992675,-0.002979680
316,0.007031973,0.008034065,0.001002092,0.009244996,0.003303439,-0.005941556
317,0.008679232,0.004622321,-0.004056911,0.015041330,0.012365074,-0.002676257
318,0.011833164,0.010777250,-0.001055914,0.020780850,0.017903550,-0.002877300
319,0.016230031,0.015578078,-0.000651952,0.025475431,0.025209762,-0.000265669
320,0.021094385,0.018351553,-0.002742833,0.023474857,0.022097330,-0.001377528
321,0.015705375,0.012577314,-0.003128061,0.023444184,0.020495922,-0.002948262
322,0.007977483,0.005178700,-0.002798784,0.015249868,0.013634183,-0.001615685
323,0.006509623,0.003891068,-0.002618555,0.011189773,0.006378934,-0.004810839
324,0.016269842,0.012837228,-0.003432614,0.019043914,0.013107004,-0.005936911
325,0.018806582,0.010592269,-0.008214313,0.024869146,0.016846676,-0.008022470
326,0.015679342,0.010650827,-0.005028515,0.021625761,0.018240571,-0.003385190
327,0.009553529,0.006653051,-0.002900478,0.014536179,0.011650306,-0.002885873
328,0.012097257,0.007953467,-0.004143790,0.016145885,0.013158009,-0.002987876
329,0.005073300,0.006874763,0.001801463,0.005534077,0.001130965,-0.004403113
330,0.021186597,0.019830284,-0.001356314,0.026414966,0.025199580,-0.001215386
331,0.019084099,0.020497166,0.001413067,0.023576806,0.026426506,0.002849700
332,0.032337604,0.028498075,-0.003839528,0.036384768,0.033522924,-0.002861844
333,0.019814583,0.018905256,-0.000909327,0.024395961,0.024055837,-0.000340124
334,0.012370561,0.013480904,0.001110343,0.016990387,0.017116208,0.000125821
335,0.010749446,0.008368916,-0.002380530,0.014742283,0.012228886,-0.002513397
336,0.011399800,0.013166695,0.001766895,0.007616958,0.009615836,0.001998877
337,0.013303751,0.015174591,0.001870840,0.012564827,0.011711690,-0.000853137
338,0.010481696,0.018603736,0.008122040,0.010669534,0.017921234,0.007251699
339,0.015839035,0.015102202,-0.000736832,0.017166812,0.015962386,-0.001204426
340,0.027791150,0.019437881,-0.008353269,0.028546390,0.022409674,-0.006136716
341,0.031807580,0.026329355,-0.005478225,0.033368677,0.029707220,-0.003661457
342,0.022237336,0.019540714,-0.002696622,0.023647826,0.022556688,-0.001091138
343,0.018578772,0.014627249,-0.003951523,0.019371697,0.017189143,-0.002182554
344,0.014831270,0.011093278,-0.003737992,0.015568031,0.013107746,-0.002460285
345,0.015012617,0.012232680,-0.002779937,0.016107888,0.015154425,-0.000953462
346,0.019746905,0.015728428,-0.004018477,0.020455421,0.018403539,-0.002051883
347,0.018031941,0.019743304,0.001711363,0.018161898,0.018846885,0.000684988
348,0.012325172,0.011463863,-0.000861309,0.010235274,0.008415137,-0.001820137
349,0.019910878,0.013720911,-0.006189967,0.017834530,0.012665782,-0.005168749
350,0.023038653,0.024309822,0.001271169,0.021571990,0.022803610,0.001231620
351,0.037577142,0.039044543,0.001467401,0.035072903,0.036581315,0.001508412
352,0.011688893,0.011025877,-0.000663016,0.010036313,0.010407318,0.000371006
353,0.011710804,0.009286020,-0.002424784,0.010072835,0.008342052,-0.001730782
354,0.010354496,0.011073352,0.000718855,0.009170866,0.010644060,0.001473195
355,0.010436092,0.013644758,0.003208666,0.011758987,0.014759658,0.003000671
356,0.024129554,0.023868889,-0.000260664,0.025279109,0.025116341,-0.000162768
357,0.006267680,0.016119479,0.009851799,0.005474225,0.015573741,0.010099515
358,0.009222709,0.017433858,0.008211149,0.007866907,0.016285333,0.008418426
359,0.005068951,0.014686953,0.009618001,0.004222729,0.014449288,0.010226560
360,0.008595180,0.015890714,0.007295534,0.007383355,0.014913274,0.007529920
361,0.011367254,0.016497168,0.005129915,0.010181561,0.015761850,0.005580288
362,0.009658650,0.013074647,0.003415997,0.009361103,0.013006107,0.003645005
363,0.003650651,0.014939862,0.011289211,0.004284569,0.014906616,0.010622047
364,0.011564021,0.015297260,0.003733239,0.011800556,0.015494686,0.003694131
365,0.001547050,0.014200127,0.012653077,0.001924906,0.014048756,0.012123850
366,0.011943247,0.016785763,0.004842516,0.011646832,0.016415976,0.004769144
367,0.009373853,0.018341957,0.008968104,0.009198377,0.017954702,0.008756325
368,0.004908997,0.014124088,0.009215091,0.004862649,0.013802465,0.008939816
369,0.006726841,0.016612534,0.009885693,0.006513478,0.016161668,0.009648190
370,0.013634438,0.018439790,0.004805352,0.013049415,0.017711258,0.004661843
371,0.015377507,0.017654115,0.002276607,0.014548102,0.016702518,0.002154416
372,0.009460322,0.015591375,0.006131052,0.008791911,0.014821349,0.006029438
373,0.010767367,0.014689490,0.003922123,0.009829718,0.013620901,0.003791183
374,0.014806337,0.019203316,0.004396980,0.013160220,0.017416747,0.004256527
375,0.018560172,0.021013919,0.002453747,0.016598723,0.018934548,0.002335825
376,0.018816004,0.022599211,0.003783207,0.016649705,0.020249669,0.003599964
377,0.021944594,0.026694397,0.004749802,0.019518117,0.024033702,0.004515585
378,0.018776279,0.019280417,0.000504137,0.016660503,0.016541584,-0.000118920
379,0.009214668,0.013109749,0.003895082,0.009238329,0.011815609,0.002577280
380,0.007808533,0.012705802,0.004897269,0.007106651,0.011045856,0.003939205
381,0.008042036,0.016385441,0.008343406,0.005503508,0.013563709,0.008060201
382,0.012632928,0.018783944,0.006151015,0.010347238,0.015956505,0.005609268
383,0.027734695,0.026143435,-0.001591260,0.024608063,0.022325606,-0.002282457
384,0.018500934,0.022027562,0.003526629,0.015079302,0.017953051,0.002873749
385,0.014668057,0.018878447,0.004210390,0.011241893,0.014725953,0.003484059
386,0.015921679,0.021057817,0.005136138,0.012608774,0.016699814,0.004091040
387,0.022929250,0.030656172,0.007726922,0.019105140,0.025640240,0.006535100
388,0.024072880,0.032552480,0.008479600,0.019674826,0.027213208,0.007538382
389,0.026224202,0.028170706,0.001946504,0.021309855,0.022696568,0.001386713
390,0.028453215,0.031771494,0.003318279,0.023335306,0.026030690,0.002695383
391,0.026419095,0.030423511,0.004004416,0.021645032,0.025327361,0.003682329
392,0.045216074,0.040214177,-0.005001896,0.039220634,0.034448337,-0.004772297
393,0.024787189,0.028877176,0.004089988,0.018670034,0.022594505,0.003924471
394,0.008048393,0.019475725,0.011427333,0.005644174,0.013699856,0.008055683
395,0.016023550,0.019029217,0.003005668,0.013186327,0.014583079,0.001396752
396,0.008692401,0.015831537,0.007139136,0.002637154,0.008769697,0.006132543
397,0.013645703,0.020898241,0.007252538,0.007501425,0.013864119,0.006362694
398,0.020357491,0.029530476,0.009172985,0.014380872,0.022401565,0.008020693
399,0.012371642,0.022178426,0.009806784,0.007899182,0.015680299,0.007781117
400,0.013139240,0.023294219,0.010154980,0.006815952,0.016643484,0.009827532
401,0.012754977,0.024550699,0.011795722,0.005380066,0.017234074,0.011854007
402,0.015075508,0.023668396,0.008592888,0.007551916,0.015881800,0.008329885
403,0.014568872,0.018766785,0.004197913,0.008619532,0.010525335,0.001905803
404,0.016740401,0.015121882,-0.001618519,0.010874299,0.008786542,-0.002087757
405,0.024170994,0.015846470,-0.008324524,0.018582535,0.009971950,-0.008610585
406,0.008726535,0.020032530,0.011305995,0.004936944,0.014352424,0.009415480
407,0.014504019,0.030820381,0.016316363,0.010993137,0.027465510,0.016472373
408,0.022545583,0.022186479,-0.000359104,0.013973185,0.013173412,-0.000799774
409,0.022016295,0.019586213,-0.002430082,0.012515048,0.010622506,-0.001892542
410,0.030855749,0.031822411,0.000966663,0.020987683,0.022130129,0.001142446
411,0.044499614,0.041040570,-0.003459044,0.033806431,0.029931168,-0.003875263
412,0.030345558,0.025970900,-0.004374657,0.020518330,0.014576092,-0.005942239
413,0.037509886,0.031291758,-0.006218128,0.026571484,0.019848056,-0.006723428
414,0.032738692,0.037143618,0.004404927,0.021667306,0.025740037,0.004072731
415,0.024224908,0.030749028,0.006524120,0.014700850,0.020003661,0.005302811
416,0.028446118,0.034488921,0.006042803,0.018319906,0.023533076,0.005213170
417,0.017646703,0.021533210,0.003886507,0.008008115,0.010565158,0.002557043
418,0.017343943,0.027744555,0.010400612,0.006263447,0.014823820,0.008560373
419,0.041062169,0.043263184,0.002201015,0.028096559,0.031629511,0.003532952
420,0.031775651,0.043170011,0.011394360,0.018825321,0.029478411,0.010653090
421,0.043131172,0.040285064,-0.002846108,0.029706807,0.026184505,-0.003522302
422,0.033435450,0.031891904,-0.001543546,0.020030584,0.017908741,-0.002121843
423,0.025613786,0.033144351,0.007530565,0.013105669,0.022654092,0.009548423
424,0.024752113,0.032504023,0.007751911,0.011298782,0.020349546,0.009050764
425,0.023563374,0.033187448,0.009624074,0.010624226,0.021566137,0.010941911
426,0.034097450,0.037963873,0.003866423,0.019877778,0.024594124,0.004716346
427,0.032684252,0.039873082,0.007188830,0.018438014,0.027247128,0.008809114
428,0.028941392,0.033297182,0.004355789,0.014940378,0.023437571,0.008497193
429,0.020088221,0.028783083,0.008694862,0.005514676,0.020039788,0.014525112
430,0.012130732,0.026552855,0.014422123,0.012358614,0.027636768,0.015278154
431,0.014509837,0.013175150,-0.001334687,0.012100287,0.010783865,-0.001316422
432,0.016583800,0.016442151,-0.000141648,0.015785217,0.012799846,-0.002985371
433,0.010523781,0.011966627,0.001442846,0.019994931,0.017010891,-0.002984039
434,0.009644466,0.011947955,0.002303489,0.018869600,0.021044578,0.002174978
435,0.009724273,0.013434415,0.003710142,0.020038791,0.024119316,0.004080525
436,0.013769961,0.012164043,-0.001605918,0.020768194,0.021879634,0.001111440
437,0.010786144,0.011503085,0.000716941,0.019069741,0.018024224,-0.001045517
438,0.026126109,0.017370939,-0.008755170,0.032204131,0.025712864,-0.006491267
439,0.045366428,0.051280183,0.005913755,0.045513811,0.052831570,0.007317759
440,0.021438462,0.020903171,-0.000535291,0.030044153,0.026479953,-0.003564200
441,0.013445442,0.019619626,0.006174184,0.020713537,0.019640351,-0.001073186
442,0.020294130,0.018156998,-0.002137132,0.028640784,0.026045973,-0.002594811
443,0.023310919,0.014724823,-0.008586096,0.030397981,0.021882526,-0.008515455
444,0.022215669,0.021237373,-0.000978296,0.030792962,0.028101665,-0.002691298
445,0.027889248,0.022025082,-0.005864166,0.035634755,0.029287782,-0.006346973
446,0.024962096,0.026867658,0.001905562,0.031752781,0.029442899,-0.002309882
447,0.025162859,0.022598313,-0.002564546,0.030116685,0.026277995,-0.003838689
448,0.018660719,0.022513488,0.003852769,0.022117980,0.023550451,0.001432471
449,0.026098920,0.024134194,-0.001964726,0.032302374,0.027117780,-0.005184594
450,0.008702343,0.010461588,0.001759245,0.014943780,0.017083781,0.002140001
451,0.013064108,0.014219735,0.001155627,0.018930198,0.020094334,0.001164136
452,0.011604131,0.011063431,-0.000540699,0.017143665,0.016828283,-0.000315381
453,0.012641035,0.007408205,-0.005232831,0.009055724,0.003167415,-0.005888309
454,0.005064438,0.007144714,0.002080276,0.009274611,0.009757520,0.000482908
455,0.016887994,0.014354369,-0.002533625,0.020733282,0.018362654,-0.002370627
456,0.006139655,0.010128862,0.003989206,0.011030522,0.013679013,0.002648491
457,0.010447628,0.010635070,0.000187442,0.015013479,0.015132661,0.000119183
458,0.024705970,0.020347746,-0.004358224,0.028646458,0.023830339,-0.004816118
459,0.009994693,0.005815121,-0.004179572,0.014190804,0.009907650,-0.004283154
460,0.009375199,0.008444577,-0.000930621,0.013252677,0.009986051,-0.003266626
461,0.015959168,0.016332538,0.000373370,0.019589765,0.019008849,-0.000580916
462,0.011765510,0.012874577,0.001109068,0.015350765,0.015861237,0.000510471
463,0.011091840,0.014486995,0.003395155,0.014485268,0.017052150,0.002566881
464,0.005466828,0.009433507,0.003966679,0.008869240,0.011246925,0.002377686
465,0.015186539,0.014892254,-0.000294285,0.018135299,0.017658397,-0.000476902
466,0.013025538,0.012894426,-0.000131112,0.015787845,0.015357449,-0.000430396
467,0.010205567,0.006710820,-0.003494747,0.010576143,0.006972253,-0.003603889
468,0.017196867,0.016927564,-0.000269303,0.019591151,0.019381826,-0.000209325
469,0.019591126,0.019241448,-0.000349678,0.021643054,0.021559740,-0.000083313
470,0.009782513,0.010905147,0.001122634,0.011904513,0.013018915,0.001114403
471,0.015822881,0.019799796,0.003976916,0.017760817,0.021672466,0.003911649
472,0.009005874,0.015532132,0.006526259,0.010801446,0.017336887,0.006535440
473,0.014228778,0.018357712,0.004128933,0.015902481,0.019963850,0.004061368
474,0.019371896,0.025963425,0.006591529,0.020441099,0.027061327,0.006620228
475,0.021651893,0.019657974,-0.001993919,0.022639825,0.020874748,-0.001765077
476,0.008576375,0.017337858,0.008761483,0.009641070,0.018496219,0.008855149
477,0.012984393,0.018913696,0.005929303,0.013957921,0.019815783,0.005857862
478,0.008168235,0.006526245,-0.001641991,0.007342391,0.006361330,-0.000981061
479,0.008451650,0.008560171,0.000108521,0.007954061,0.008463124,0.000509062
480,0.011845113,0.013775967,0.001930853,0.011518202,0.013413962,0.001895761
481,0.014259738,0.021186529,0.006926791,0.013771909,0.021051868,0.007279959
482,0.012354845,0.014346077,0.001991232,0.011898690,0.014189186,0.002290496
483,0.007571305,0.003556181,-0.004015123,0.007415583,0.003078447,-0.004337136
484,0.007703011,0.006460143,-0.001242868,0.008195156,0.006857611,-0.001337545
485,0.011419180,0.012075952,0.000656771,0.010521243,0.011072697,0.000551453
486,0.011897138,0.009585713,-0.002311425,0.011046915,0.009062139,-0.001984776
487,0.015128145,0.013577742,-0.001550403,0.015414136,0.014159841,-0.001254296
488,0.009536275,0.008525455,-0.001010820,0.008301043,0.007747199,-0.000553843
489,0.018800894,0.019810924,0.001010030,0.017166556,0.018309313,0.001142758
490,0.008479023,0.009319565,0.000840542,0.008659398,0.009854248,0.001194850
491,0.024350754,0.021800298,-0.002550456,0.024777398,0.022366685,-0.002410713
492,0.009062203,0.006776810,-0.002285394,0.009369546,0.007450305,-0.001919241
493,0.005828028,0.007405553,0.001577524,0.006642268,0.008272231,0.001629963
494,0.023465822,0.023106059,-0.000359763,0.024104355,0.023905867,-0.000198488
495,0.009643497,0.011861350,0.002217853,0.010493434,0.012801164,0.002307730
496,0.005426815,0.008888863,0.003462048,0.005413755,0.009216464,0.003802709
497,0.006121832,0.006979699,0.000857867,0.006570354,0.007530676,0.000960322
498,0.012554468,0.011893218,-0.000661250,0.010690888,0.010158929,-0.000531960
499,0.008403925,0.011443936,0.003040010,0.006878053,0.010351168,0.003473115
500,0.009862694,0.013628562,0.003765869,0.010168161,0.013775347,0.003607185
501,0.010254167,0.012469023,0.002214856,0.008795230,0.011732681,0.002937451
502,0.008312542,0.006207304,-0.002105238,0.006711807,0.004898505,-0.001813302
503,0.011912896,0.014005798,0.002092902,0.013167633,0.014958722,0.001791089
504,0.024953542,0.024202628,-0.000750914,0.025772873,0.025223890,-0.000548983
505,0.013245003,0.017079602,0.003834599,0.014186838,0.017842036,0.003655198
506,0.014523466,0.016351251,0.001827784,0.015236200,0.016874112,0.001637912
507,0.020990597,0.019992396,-0.000998201,0.019559578,0.018715888,-0.000843691
508,0.019132619,0.019895450,0.000762831,0.017370570,0.018451488,0.001080918
509,0.022181027,0.022311711,0.000130683,0.020965781,0.021550274,0.000584493
510,0.013868331,0.015975525,0.002107194,0.012326149,0.014822208,0.002496060
511,0.012806488,0.016427009,0.003620521,0.012340365,0.016200858,0.003860493
512,0.023118865,0.018982531,-0.004136333,0.023534730,0.019890323,-0.003644407
513,0.019151046,0.023378236,0.004227190,0.019405340,0.023182644,0.003777304
514,0.014797638,0.016418868,0.001621230,0.013141011,0.014886206,0.001745194
515,0.022376063,0.026940334,0.004564271,0.020479019,0.025289602,0.004810583
516,0.014242239,0.021553452,0.007311214,0.012978443,0.020235464,0.007257021
517,0.012828499,0.019837234,0.007008735,0.010615799,0.017851566,0.007235768
518,0.012970717,0.017529412,0.004558695,0.010971527,0.015683826,0.004712300
519,0.011230499,0.013810347,0.002579847,0.008713484,0.011318527,0.002605043
520,0.016499426,0.020631542,0.004132116,0.013871574,0.018182035,0.004310460
521,0.020967366,0.027866497,0.006899132,0.019982453,0.026468173,0.006485719
522,0.012568237,0.018028317,0.005460080,0.010694723,0.015867204,0.005172481
523,0.031879639,0.029477339,-0.002402300,0.029703101,0.027008872,-0.002694229
524,0.011567104,0.006527520,-0.005039584,0.010571306,0.006309756,-0.004261550
525,0.015927824,0.010914593,-0.005013232,0.014784164,0.010476526,-0.004307638
526,0.051808849,0.054664227,0.002855379,0.049230931,0.052543281,0.003312350
527,0.021043756,0.017630018,-0.003413738,0.019274187,0.016413351,-0.002860836
528,0.010366684,0.010231626,-0.000135058,0.009076184,0.010373437,0.001297253
529,0.006573237,0.007193648,0.000620411,0.006842449,0.009145002,0.002302554
530,0.014803666,0.007009038,-0.007794628,0.013549844,0.006602239,-0.006947605
531,0.017904248,0.015263710,-0.002640538,0.016015958,0.013498179,-0.002517779
532,0.010212516,0.003922234,-0.006290282,0.009653808,0.005398211,-0.004255597
533,0.009654791,0.005952734,-0.003702056,0.009154485,0.006905889,-0.002248595
534,0.015015973,0.014351561,-0.000664412,0.013391322,0.013344902,-0.000046420
535,0.007976915,0.005892695,-0.002084220,0.008121719,0.007149257,-0.000972462
536,0.019235819,0.017117376,-0.002118443,0.019954210,0.018363728,-0.001590482
537,0.008004731,0.012555463,0.004550732,0.006784123,0.011991154,0.005207031
538,0.009897853,0.011507812,0.001609959,0.008493841,0.010481932,0.001988091
539,0.006177647,0.013624201,0.007446554,0.007325266,0.013715107,0.006389842
540,0.006171675,0.009697066,0.003525391,0.004875235,0.008138443,0.003263208
541,0.013813608,0.019187354,0.005373745,0.012554079,0.017286524,0.004732445
542,0.005720721,0.013490139,0.007769418,0.006066461,0.012126756,0.006060295
543,0.012978247,0.016576265,0.003598018,0.012525686,0.015123958,0.002598272
544,0.023233219,0.025998404,0.002765185,0.021410132,0.023777455,0.002367322
545,0.016042683,0.018565528,0.002522845,0.013898118,0.015706996,0.001808878
546,0.012991530,0.017374776,0.004383247,0.010247343,0.014321704,0.004074361
547,0.014151141,0.016324790,0.002173649,0.011150067,0.013227611,0.002077544
548,0.006763326,0.013652829,0.006889503,0.004361878,0.011012448,0.006650570
549,0.016844070,0.024397209,0.007553139,0.016720992,0.023133934,0.006412942
550,0.014372584,0.021656485,0.007283901,0.014846146,0.020461383,0.005615237
551,0.010760299,0.018348131,0.007587833,0.006862688,0.013885490,0.007022801
552,0.014043057,0.020000426,0.005957369,0.009765423,0.015294107,0.005528684
553,0.009368112,0.011323634,0.001955522,0.004819775,0.007211449,0.002391674
554,0.011420939,0.014087805,0.002666866,0.006809644,0.009110925,0.002301281
555,0.016945701,0.018759265,0.001813564,0.014818626,0.015613036,0.000794409
556,0.015971163,0.018547286,0.002576123,0.014750001,0.016314733,0.001564731
557,0.009014068,0.015251834,0.006237766,0.007141137,0.012471880,0.005330742
558,0.013153762,0.019089238,0.005935476,0.010242936,0.015138514,0.004895578
559,0.012091487,0.014258845,0.002167358,0.007674836,0.008787287,0.001112451
560,0.020523780,0.024943955,0.004420174,0.016637303,0.019237671,0.002600368
561,0.016990701,0.022853459,0.005862758,0.013076511,0.016534761,0.003458250
562,0.015047598,0.020073988,0.005026390,0.012494346,0.015968783,0.003474436
563,0.022736270,0.016623142,-0.006113128,0.021375477,0.014747070,-0.006628408
564,0.014419997,0.013081675,-0.001338322,0.011329119,0.008642895,-0.002686224
565,0.017051493,0.013170690,-0.003880803,0.013442821,0.009925539,-0.003517282
566,0.018199942,0.010356550,-0.007843392,0.012749241,0.003696114,-0.009053126
567,0.012751764,0.007890115,-0.004861648,0.008814224,0.003387026,-0.005427198
568,0.010425954,0.014856568,0.004430615,0.009722498,0.013505867,0.003783368
569,0.018076505,0.017275010,-0.000801495,0.011776596,0.011016995,-0.000759601
570,0.019133266,0.016634128,-0.002499138,0.012198546,0.011106959,-0.001091587
571,0.015558505,0.017543401,0.001984896,0.011245364,0.013669533,0.002424168
572,0.018447416,0.017885011,-0.000562405,0.014257887,0.016469335,0.002211449
573,0.019581461,0.018669968,-0.000911493,0.013280054,0.014962887,0.001682833
574,0.019864288,0.017325242,-0.002539045,0.013518264,0.014251755,0.000733492
575,0.024519900,0.019148130,-0.005371771,0.017423411,0.012747046,-0.004676364
576,0.022881284,0.019680769,-0.003200516,0.015708160,0.013943126,-0.001765034
577,0.026179421,0.022095353,-0.004084068,0.017561120,0.014564943,-0.002996177
578,0.027350457,0.021917969,-0.005432488,0.021812446,0.015380072,-0.006432375
579,0.027001130,0.024219672,-0.002781458,0.020731868,0.019356364,-0.001375504
580,0.022857183,0.019659356,-0.003197827,0.015391807,0.014198019,-0.001193788
581,0.022549106,0.016594772,-0.005954333,0.015958815,0.010135168,-0.005823648
582,0.023928601,0.021249424,-0.002679176,0.017632259,0.016591122,-0.001041137
583,0.019180299,0.018869685,-0.000310614,0.011254971,0.010778156,-0.000476815
584,0.017549383,0.019567865,0.002018482,0.010025773,0.012919298,0.002893525
585,0.018265759,0.016653687,-0.001612072,0.014527250,0.012588972,-0.001938277
586,0.013767050,0.013103872,-0.000663178,0.005926929,0.004455257,-0.001471672
587,0.013272594,0.013120648,-0.000151945,0.006708926,0.005607612,-0.001101314
588,0.013932234,0.015512626,0.001580392,0.006141438,0.008152241,0.002010803
589,0.015710337,0.014540881,-0.001169456,0.008525340,0.007307638,-0.001217701
590,0.017218566,0.013416544,-0.003802022,0.011904610,0.016465713,0.004561103
591,0.013268063,0.016885856,0.003617793,0.006649967,0.010520612,0.003870646
592,0.015065911,0.014532121,-0.000533790,0.011040846,0.008014498,-0.003026348
593,0.013278858,0.013200372,-0.000078486,0.011182292,0.010097547,-0.001084745
594,0.012369273,0.012025104,-0.000344169,0.010170314,0.009950951,-0.000219364
595,0.009823512,0.010894942,0.001071430,0.003570364,0.006387660,0.002817296
596,0.012950108,0.012567177,-0.000382931,0.007893953,0.008134570,0.000240616
597,0.011254911,0.015044078,0.003789167,0.007777030,0.009090837,0.001313808
598,0.013382941,0.016263712,0.002880772,0.007438679,0.010983986,0.003545307
599,0.014249148,0.015558165,0.001309017,0.009804678,0.010496121,0.000691443
600,0.010737843,0.012708572,0.001970729,0.007142563,0.007881118,0.000738554
601,0.008829006,0.014645341,0.005816335,0.006258429,0.008943852,0.002685424
602,0.008597306,0.016177339,0.007580033,0.004385038,0.011895290,0.007510252
603,0.009464980,0.013371683,0.003906703,0.007661630,0.008702637,0.001041008
604,0.011503053,0.014185487,0.002682435,0.007537779,0.008866411,0.001328633
605,0.007305087,0.008621212,0.001316125,0.004111716,0.005076829,0.000965113
606,0.006620307,0.006838263,0.000217955,0.005175011,0.005359076,0.000184065
607,0.009470332,0.007833536,-0.001636796,0.003353849,0.006700663,0.003346815
608,0.008960859,0.006788455,-0.002172404,0.002411037,0.003101206,0.000690169
609,0.008677522,0.005926784,-0.002750738,0.006036445,0.006600309,0.000563864
610,0.004073490,0.004935330,0.000861840,0.004910743,0.005817141,0.000906398
611,0.007827435,0.007822294,-0.000005141,0.004014876,0.006066139,0.002051263
612,0.007227768,0.004951082,-0.002276686,0.003383622,0.004490610,0.001106989
613,0.006443867,0.006854761,0.000410894,0.003958237,0.003583543,-0.000374694
614,0.005741514,0.005574098,-0.000167416,0.003369548,0.003261732,-0.000107816
615,0.006998339,0.006051540,-0.000946799,0.006844646,0.008678266,0.001833620
616,0.008224148,0.007830975,-0.000393173,0.004090140,0.003676854,-0.000413286
617,0.006914359,0.004976166,-0.001938193,0.003207562,0.005847798,0.002640236
618,0.005634021,0.001881691,-0.003752330,0.004930083,0.006402260,0.001472177
619,0.010065252,0.006714172,-0.003351080,0.007547928,0.006379292,-0.001168636
620,0.007945156,0.003612883,-0.004332273,0.003711230,0.004465570,0.000754339
621,0.012937485,0.007653611,-0.005283874,0.011506535,0.009799747,-0.001706789
622,0.013557024,0.009798155,-0.003758869,0.013408499,0.011360286,-0.002048213
623,0.011864753,0.007021728,-0.004843024,0.012579600,0.008487130,-0.004092471
624,0.008667955,0.004130514,-0.004537442,0.008868373,0.005989444,-0.002878928
625,0.006974345,0.004888666,-0.002085679,0.010522867,0.007751646,-0.002771221
626,0.007796851,0.005484054,-0.002312797,0.012383183,0.007561749,-0.004821433
627,0.006772156,0.003570784,-0.003201372,0.011957028,0.003990649,-0.007966378
628,0.012422225,0.004834371,-0.007587854,0.017171820,0.009618043,-0.007553777
629,0.013825353,0.003888306,-0.009937047,0.018042152,0.008947640,-0.009094513
630,0.007843836,0.003437500,-0.004406336,0.012599008,0.008189767,-0.004409242
631,0.011147524,0.006420295,-0.004727229,0.014434164,0.010565921,-0.003868243
632,0.008262426,0.002137995,-0.006124431,0.012767152,0.004764511,-0.008002641
633,0.003665804,0.003644150,-0.000021654,0.007649565,0.004933278,-0.002716287
634,0.009186648,0.007752378,-0.001434271,0.012880163,0.010581025,-0.002299138
635,0.017855599,0.011784825,-0.006070773,0.021227498,0.014436658,-0.006790840
636,0.009181207,0.005567245,-0.003613962,0.010413996,0.009445977,-0.000968019
637,0.009018491,0.007475207,-0.001543284,0.009466416,0.010633744,0.001167328
638,0.012364119,0.004979551,-0.007384568,0.011599823,0.006923785,-0.004676038
639,0.017427897,0.010306185,-0.007121712,0.018193932,0.012316518,-0.005877414
640,0.010061373,0.007092910,-0.002968463,0.011010404,0.010049621,-0.000960782
641,0.007283831,0.004876165,-0.002407667,0.006395419,0.006913008,0.000517589
642,0.011727337,0.006979867,-0.004747470,0.011032001,0.008814005,-0.002217995
643,0.015466228,0.008747728,-0.006718501,0.015460491,0.010213714,-0.005246777
644,0.012409034,0.005103270,-0.007305763,0.010528319,0.005475404,-0.005052916
645,0.020025128,0.019696906,-0.000328223,0.020495485,0.020128763,-0.000366722
646,0.015074156,0.016330633,0.001256478,0.015534394,0.016893235,0.001358841
647,0.008039181,0.008541527,0.000502347,0.008863926,0.009307765,0.000443840
648,0.009275333,0.008116358,-0.001158975,0.010304235,0.009150044,-0.001154191
649,0.008417698,0.007204508,-0.001213189,0.009441952,0.008327791,-0.001114161
650,0.006182716,0.006372074,0.000189358,0.006799102,0.007126069,0.000326967
651,0.010553358,0.009206021,-0.001347337,0.010268817,0.008956416,-0.001312401
652,0.007413648,0.008527597,0.001113948,0.006987365,0.008793734,0.001806370
653,0.004369772,0.009727702,0.005357930,0.004252444,0.009915208,0.005662764
654,0.011399670,0.011365213,-0.000034457,0.010757241,0.010889062,0.000131821
655,0.011051296,0.009683493,-0.001367804,0.010134520,0.008898241,-0.001236279
656,0.007278521,0.008928911,0.001650389,0.006879430,0.008450999,0.001571569
657,0.008710072,0.011623828,0.002913756,0.007508277,0.010438644,0.002930367
658,0.015293533,0.013784170,-0.001509363,0.013915909,0.012373332,-0.001542578
659,0.006909406,0.006913632,0.000004226,0.005290796,0.005697213,0.000406418
660,0.008647687,0.009538239,0.000890552,0.006865158,0.007797381,0.000932223
661,0.012601497,0.011310660,-0.001290837,0.010506318,0.009229446,-0.001276872
662,0.012067930,0.011090593,-0.000977337,0.010077410,0.009182343,-0.000895067
663,0.012785372,0.009471891,-0.003313481,0.010334118,0.006912479,-0.003421639
664,0.012285303,0.010183375,-0.002101928,0.009756024,0.008874203,-0.000881821
665,0.017486514,0.013815102,-0.003671412,0.014500859,0.010844601,-0.003656258
666,0.011552875,0.011941774,0.000388899,0.009187622,0.009566574,0.000378951
667,0.010385391,0.007176603,-0.003208788,0.006978132,0.004920589,-0.002057542
668,0.016999210,0.012661958,-0.004337252,0.013435946,0.009575221,-0.003860725
669,0.018172019,0.017558929,-0.000613090,0.014314601,0.013774590,-0.000540011
670,0.012174184,0.011498464,-0.000675721,0.008279520,0.007463635,-0.000815886
671,0.004002153,0.005293464,0.001291310,0.002157151,0.002057419,-0.000099732
672,0.013128347,0.011324489,-0.001803858,0.010511174,0.009173952,-0.001337222
673,0.014655238,0.012667011,-0.001988227,0.014323551,0.011867237,-0.002456315
674,0.015535240,0.011155903,-0.004379337,0.011075041,0.007480270,-0.003594771
675,0.011230550,0.010297706,-0.000932844,0.007082914,0.007043018,-0.000039896
676,0.010552398,0.009025865,-0.001526534,0.006503210,0.004757152,-0.001746058
677,0.015320155,0.013724379,-0.001595776,0.010492025,0.008608713,-0.001883312
678,0.009737444,0.010579718,0.000842274,0.004932011,0.004873670,-0.000058341
679,0.007453057,0.007876222,0.000423165,0.003869170,0.003459815,-0.000409355
680,0.010566242,0.012828699,0.002262457,0.005449780,0.007537451,0.002087671
681,0.013231124,0.013101172,-0.000129952,0.008182655,0.007129242,-0.001053413
682,0.006817966,0.005183465,-0.001634501,0.002298194,0.002263436,-0.000034758
683,0.014312798,0.012755862,-0.001556936,0.009581929,0.007264347,-0.002317583
684,0.015310654,0.013942307,-0.001368346,0.010923215,0.009675396,-0.001247819
685,0.016184038,0.015607649,-0.000576390,0.013915936,0.013475233,-0.000440703
686,0.020501778,0.022346788,0.001845010,0.017451436,0.019322772,0.001871337
687,0.024008751,0.025146189,0.001137438,0.018552274,0.019631087,0.001078813
688,0.020144538,0.018353210,-0.001791327,0.013886368,0.012448600,-0.001437767
689,0.014691579,0.014503141,-0.000188438,0.008397233,0.008707137,0.000309904
690,0.020847646,0.021461064,0.000613418,0.015139232,0.015554915,0.000415683
691,0.034538444,0.031462339,-0.003076105,0.028548835,0.025881924,-0.002666911
692,0.027686410,0.026864150,-0.000822261,0.022806874,0.021921837,-0.000885037
693,0.023248120,0.028009454,0.004761334,0.016184377,0.019875138,0.003690760
694,0.026038568,0.024328732,-0.001709835,0.019261724,0.017002090,-0.002259633
695,0.015043623,0.012061115,-0.002982507,0.008285359,0.005090078,-0.003195281
696,0.021628305,0.019942158,-0.001686147,0.014119144,0.011978589,-0.002140555
697,0.023420492,0.022235968,-0.001184523,0.016742993,0.014561181,-0.002181812
698,0.016686725,0.013844497,-0.002842228,0.009642663,0.006709774,-0.002932889
699,0.015235779,0.010771296,-0.004464483,0.007534962,0.005062566,-0.002472396
700,0.022554082,0.020382591,-0.002171490,0.015573161,0.014808576,-0.000764585
701,0.024593138,0.019016174,-0.005576964,0.016469561,0.011811640,-0.004657920
702,0.025991919,0.021621016,-0.004370903,0.018054624,0.013955202,-0.004099421
703,0.014844929,0.007557463,-0.007287466,0.007220665,0.002717235,-0.004503429
704,0.019355961,0.017563732,-0.001792229,0.012766494,0.010864810,-0.001901684
705,0.010459509,0.008377254,-0.002082255,0.003238775,0.001628643,-0.001610132
706,0.011838863,0.010653763,-0.001185100,0.007789352,0.007451797,-0.000337555
707,0.020172175,0.017840947,-0.002331228,0.011826029,0.009348824,-0.002477205
708,0.013513968,0.010689841,-0.002824127,0.005090184,0.002929847,-0.002160338
709,0.017902752,0.015990820,-0.001911932,0.010814300,0.009832649,-0.000981651
710,0.019691426,0.020749545,0.001058119,0.011468186,0.011906313,0.000438127
711,0.014548481,0.016833132,0.002284651,0.006008387,0.007975768,0.001967381
712,0.018741520,0.021595012,0.002853492,0.015854441,0.018682545,0.002828104
713,0.015452684,0.012828467,-0.002624217,0.006755496,0.003833067,-0.002922429
714,0.017384227,0.016080647,-0.001303580,0.009138116,0.008201705,-0.000936411
715,0.011333309,0.006212953,-0.005120357,0.003163721,0.002902881,-0.000260840
716,0.011464415,0.008530498,-0.002933917,0.008425977,0.008276617,-0.000149361
717,0.014168354,0.012884109,-0.001284244,0.012269373,0.012846989,0.000577616
718,0.008279016,0.007432809,-0.000846208,0.007967876,0.007582506,-0.000385371
719,0.012133622,0.011260629,-0.000872993,0.010432868,0.010139488,-0.000293379
720,0.015415697,0.015020922,-0.000394775,0.012098624,0.011026077,-0.001072547
721,0.011449864,0.011569706,0.000119841,0.008498054,0.006604555,-0.001893499
722,0.008556303,0.008702585,0.000146282,0.005082636,0.003699819,-0.001382817
723,0.014393860,0.012392158,-0.002001703,0.011371191,0.010587033,-0.000784157
724,0.010090363,0.009260711,-0.000829651,0.006488794,0.005093182,-0.001395612
725,0.013111844,0.011748507,-0.001363336,0.008156984,0.007117998,-0.001038986
726,0.009303381,0.007683556,-0.001619825,0.008967076,0.006518482,-0.002448594
727,0.004669893,0.003751028,-0.000918864,0.004326165,0.006157757,0.001831592
728,0.007702624,0.006155840,-0.001546783,0.004903778,0.005169193,0.000265415
729,0.008641969,0.006128183,-0.002513786,0.006149159,0.005768977,-0.000380182
730,0.004447245,0.005098846,0.000651601,0.006034923,0.004306045,-0.001728878
731,0.003923175,0.002849562,-0.001073613,0.005912484,0.005351237,-0.000561246
732,0.004028043,0.004135808,0.000107765,0.007117807,0.008614964,0.001497156
733,0.002834459,0.003658329,0.000823869,0.007386221,0.009288072,0.001901851
734,0.004599902,0.008093025,0.003493123,0.009458975,0.013701270,0.004242295
735,0.009258414,0.007846938,-0.001411476,0.007283247,0.007488129,0.000204882
736,0.007962086,0.007783492,-0.000178594,0.010220576,0.009924521,-0.000296055
737,0.004987238,0.005992903,0.001005665,0.007095215,0.007865247,0.000770032
738,0.005433004,0.004894738,-0.000538266,0.006913981,0.006695752,-0.000218229
739,0.007523352,0.003288084,-0.004235268,0.008336915,0.006732458,-0.001604456
740,0.013257742,0.009046338,-0.004211404,0.009164991,0.004521244,-0.004643747
741,0.013752725,0.004792569,-0.008960156,0.010430366,0.002768706,-0.007661660
742,0.014444018,0.004565915,-0.009878103,0.017595792,0.007211506,-0.010384286
743,0.006691776,0.008792291,0.002100515,0.007619535,0.005789755,-0.001829780
744,0.004868921,0.012779489,0.007910568,0.005300630,0.014382272,0.009081642
745,0.006391485,0.014840993,0.008449508,0.008498011,0.017261498,0.008763486
746,0.007001633,0.011214098,0.004212465,0.004537711,0.012221379,0.007683668
747,0.004677595,0.009038799,0.004361204,0.002099421,0.009541768,0.007442347
748,0.005168159,0.005485069,0.000316910,0.003182196,0.007616364,0.004434168
749,0.009205116,0.006941544,-0.002263573,0.006758130,0.004677504,-0.002080625
750,0.009081989,0.007409929,-0.001672061,0.006916581,0.005113047,-0.001803535
751,0.006239283,0.006981606,0.000742323,0.005178975,0.005316592,0.000137617
752,0.007915151,0.009487014,0.001571862,0.006721957,0.007718479,0.000996522
753,0.009733744,0.008635163,-0.001098581,0.009164978,0.007765409,-0.001399569
754,0.007775249,0.005099128,-0.002676121,0.009540315,0.006286149,-0.003254166
755,0.007334568,0.006294332,-0.001040236,0.006368388,0.004876489,-0.001491899
756,0.012309177,0.011519482,-0.000789696,0.010532721,0.009463087,-0.001069634
757,0.009039284,0.009721284,0.000682000,0.007513756,0.007678949,0.000165193
758,0.005569445,0.007918554,0.002349109,0.004225583,0.006019237,0.001793654
759,0.008012065,0.012195205,0.004183140,0.007325869,0.010658328,0.003332458
760,0.010484693,0.014545524,0.004060832,0.009493963,0.013056112,0.003562149
761,0.006866787,0.010521056,0.003654268,0.005861897,0.008967623,0.003105725
762,0.008927089,0.008678574,-0.000248515,0.006823779,0.007197489,0.000373710
763,0.015524502,0.015415327,-0.000109175,0.013877323,0.013155674,-0.000721650
764,0.007144519,0.006113801,-0.001030718,0.007285868,0.005270591,-0.002015277
765,0.002192036,0.005786482,0.003594446,0.002830217,0.004023510,0.001193292
766,0.008566768,0.007814091,-0.000752677,0.007964313,0.006405563,-0.001558750
767,0.004541949,0.005420152,0.000878203,0.002237613,0.002595610,0.000357998
768,0.010432431,0.013571961,0.003139530,0.011427531,0.013889446,0.002461915
769,0.001549508,0.002976050,0.001426542,0.003491521,0.002136091,-0.001355430
770,0.006531423,0.007841128,0.001309705,0.008047251,0.007969366,-0.000077885
771,0.008747088,0.013731733,0.004984645,0.008437853,0.012051732,0.003613879
772,0.004327216,0.009676227,0.005349011,0.003733585,0.008130014,0.004396429
773,0.002299781,0.008181045,0.005881264,0.003176423,0.007503146,0.004326723
774,0.001086392,0.006283669,0.005197277,0.003377537,0.005202867,0.001825330
775,0.001950131,0.005732902,0.003782771,0.003632457,0.004381509,0.000749051
776,0.003212704,0.005311201,0.002098496,0.004154198,0.006570395,0.002416196
777,0.001528957,0.002545065,0.001016108,0.004512911,0.004030171,-0.000482740
778,0.000817714,0.004783313,0.003965598,0.003669507,0.003884083,0.000214577
779,0.004469874,0.004980322,0.000510448,0.003746133,0.002788266,-0.000957867
780,0.004384396,0.004012133,-0.000372263,0.003985559,0.005079798,0.001094239
781,0.004916314,0.002128268,-0.002788046,0.001481711,0.004307035,0.002825324
782,0.008124922,0.004889727,-0.003235194,0.005176867,0.004231826,-0.000945041
783,0.005099830,0.005543207,0.000443376,0.003726103,0.007035804,0.003309701
784,0.004527856,0.005297656,0.000769800,0.001632442,0.003894686,0.002262244
785,0.006581537,0.004309376,-0.002272161,0.003859521,0.005449072,0.001589551
786,0.004628798,0.003019722,-0.001609076,0.001576915,0.006784673,0.005207757
787,0.005297924,0.004333798,-0.000964126,0.001547851,0.003424561,0.001876710
788,0.008347721,0.006913476,-0.001434245,0.006002342,0.009183674,0.003181332
789,0.002121704,0.004671637,0.002549933,0.005656983,0.004900660,-0.000756323
790,0.003068731,0.007111786,0.004043055,0.004169017,0.002944320,-0.001224697
791,0.006926762,0.008633642,0.001706880,0.006707544,0.003997164,-0.002710381
792,0.003148121,0.006998733,0.003850611,0.003967377,0.001333716,-0.002633662
793,0.009666762,0.012674820,0.003008058,0.009816444,0.010255215,0.000438771
794,0.006390128,0.009169918,0.002779791,0.005572143,0.002362723,-0.003209420
795,0.004710525,0.007650142,0.002939616,0.005800712,0.001661905,-0.004138807
796,0.006152895,0.010390890,0.004237995,0.005116456,0.003035166,-0.002081290
797,0.009074405,0.011305089,0.002230684,0.009903874,0.004586232,-0.005317642
798,0.005787563,0.005918369,0.000130806,0.009444352,0.002107734,-0.007336618
799,0.002216106,0.006078377,0.003862271,0.007557246,0.003849820,-0.003707427
800,0.006573252,0.008096274,0.001523021,0.008127287,0.004484933,-0.003642354
801,0.005607479,0.007536406,0.001928927,0.010699264,0.004730174,-0.005969091
802,0.004429406,0.007279402,0.002849996,0.011105735,0.005529714,-0.005576021
803,0.005973342,0.007921974,0.001948632,0.012037051,0.006185518,-0.005851533
804,0.007176311,0.006448295,-0.000728015,0.011508032,0.007644109,-0.003863923
805,0.004700521,0.007233742,0.002533221,0.010900643,0.008353377,-0.002547266
806,0.002618684,0.005609121,0.002990437,0.006266719,0.006057538,-0.000209181
807,0.005124570,0.008181267,0.003056696,0.009829144,0.008970595,-0.000858549
808,0.005568209,0.009526922,0.003958714,0.008272828,0.008865882,0.000593054
809,0.005435549,0.007173281,0.001737732,0.002455075,0.003202617,0.000747541
810,0.006946924,0.007493682,0.000546758,0.001026828,0.000785363,-0.000241465
811,0.006198445,0.005723396,-0.000475050,0.003470986,0.001890217,-0.001580769
812,0.004761222,0.007758444,0.002997222,0.007562469,0.006478977,-0.001083493
813,0.004718962,0.006093933,0.001374971,0.006877252,0.006361715,-0.000515537
814,0.003381835,0.004979105,0.001597271,0.003735155,0.002484108,-0.001251047
815,0.002828198,0.004854408,0.002026210,0.004558964,0.002167754,-0.002391210
816,0.002381327,0.006380775,0.003999449,0.004637092,0.009088260,0.004451168
817,0.001355673,0.004978130,0.003622457,0.006985854,0.008722086,0.001736232
818,0.007032880,0.003060792,-0.003972088,0.002621526,0.007043030,0.004421504
819,0.004926253,0.004951195,0.000024943,0.002970792,0.010950922,0.007980130
820,0.007817382,0.003113341,-0.004704041,0.002560530,0.008833625,0.006273094
821,0.004157869,0.001708120,-0.002449748,0.002528272,0.005913000,0.003384728
822,0.003142311,0.002231242,-0.000911069,0.004094941,0.005227086,0.001132144
823,0.004190208,0.005540813,0.001350605,0.002568864,0.011799996,0.009231132
824,0.004770399,0.003803785,-0.000966613,0.003093323,0.008014645,0.004921322
825,0.007158276,0.005371308,-0.001786968,0.008074700,0.008234348,0.000159648
826,0.005340236,0.007195644,0.001855408,0.006053348,0.003696827,-0.002356521
827,0.003129965,0.006879346,0.003749381,0.003072676,0.001812885,-0.001259791
828,0.008198603,0.007405900,-0.000792703,0.009009008,0.005034949,-0.003974059
829,0.009535457,0.008275447,-0.001260009,0.010995743,0.005761411,-0.005234332
830,0.004593181,0.002510522,-0.002082659,0.006082169,0.004033200,-0.002048969
831,0.005715416,0.003613220,-0.002102195,0.007380401,0.006697449,-0.000682952
832,0.008172108,0.004925780,-0.003246329,0.009104077,0.007388312,-0.001715765
833,0.005047911,0.003656543,-0.001391368,0.007938794,0.005020903,-0.002917891
834,0.009461622,0.006642152,-0.002819469,0.011806481,0.010999560,-0.000806921
835,0.006340833,0.003291313,-0.003049520,0.007066214,0.004047203,-0.003019011
836,0.007683960,0.004762747,-0.002921213,0.008188406,0.004594389,-0.003594018
837,0.006401749,0.002235145,-0.004166604,0.005576281,0.003849995,-0.001726286
838,0.006385226,0.004398420,-0.001986806,0.005895075,0.005272146,-0.000622929
839,0.002615763,0.001403044,-0.001212719,0.006308071,0.006963942,0.000655871
840,0.002971440,0.004895214,0.001923774,0.004693110,0.007521338,0.002828228
841,0.005279442,0.006394559,0.001115117,0.007812058,0.008744021,0.000931962
842,0.001387127,0.003747184,0.002360058,0.005261430,0.004243398,-0.001018032
843,0.004286560,0.002265088,-0.002021471,0.007237772,0.006311643,-0.000926128
844,0.010780670,0.008129654,-0.002651016,0.010978847,0.009652006,-0.001326841
845,0.011458205,0.008337388,-0.003120817,0.009099426,0.009379990,0.000280564
846,0.005119837,0.005011866,-0.000107970,0.007282189,0.010288424,0.003006235
847,0.011609097,0.007965040,-0.003644058,0.010058709,0.010962931,0.000904222
848,0.007125879,0.008933315,0.001807436,0.006226546,0.012093871,0.005867325
849,0.005038244,0.003765008,-0.001273235,0.004602109,0.006114175,0.001512066
850,0.005469361,0.002942808,-0.002526553,0.004689597,0.004713842,0.000024245
851,0.004512603,0.005146212,0.000633609,0.005722853,0.007266618,0.001543765
852,0.005646755,0.006738903,0.001092148,0.007578768,0.010390538,0.002811770
853,0.004709262,0.013905935,0.009196673,0.006099468,0.015297609,0.009198142
854,0.004910460,0.012404117,0.007493658,0.004569537,0.012416666,0.007847129
855,0.003312007,0.011065986,0.007753979,0.002430815,0.011010965,0.008580150
856,0.003535080,0.010334554,0.006799474,0.002957295,0.008526313,0.005569018
