case,frame_id,timestamp,is_keyframe_created,num_keyframes,num_mappoints,local_map_matches_before_pose,inlier_map_matches_after_pose,estimated_accum_path_m,estimated_frame_step_m,mask_ratio,ckf_accepted_depth_candidates,ckf_boundary_existing_supported_candidates,ckf_boundary_skipped_new_candidates,ckf_direct_vetoed_candidates,lm_delayed_rejected_boundary_pairs,lm_delayed_support_sum,lm_kept_pairs_after_boundary,lm_kept_pairs_after_delayed_boundary,lm_kept_static_pairs_after_instance,lm_promoted_geom_created,lm_promoted_geom_depth,lm_promoted_geom_enter,lm_promoted_geom_parallax,lm_promoted_geom_reproj1,lm_promoted_geom_reproj2,lm_promoted_geom_scale,lm_promoted_geom_triangulated,lm_quality_depth_support_sum,lm_quality_found_support_sum,lm_quality_frame_support_sum,lm_quality_raw_depth_support_sum,lm_quality_raw_support_sum,lm_quality_rejected_boundary_pairs,lm_quality_reliable_support_sum,lm_quality_residual_support_sum,lm_score_created,lm_score_geom_evaluated,lm_score_post_geom_rejected,lm_score_support_accepted,lm_score_support_candidates,lm_score_support_rejected,lm_skipped_boundary_pairs,lm_skipped_instance_pairs,lm_support_promoted_boundary_pairs
wrpy_score_v5_aggregate_r2,3,1341846647.866652,1,1,768,318,226,0.019230,0.008109,0.360042,266,9,11,468,,,,,,,,,,,,,,,,,,,,,,,,,,,,,,
wrpy_score_v5_aggregate_r2,4,1341846647.901972,1,2,810,344,244,0.022520,0.003290,0.378242,235,16,4,501,,,,,,,,,,,,,,,,,,,,,,,,,,,,,,
wrpy_score_v5_aggregate_r2,5,1341846647.934224,1,3,830,292,216,0.027074,0.004554,0.000000,647,0,0,0,,,,,,,,,,,,,,,,,,,,,,,,,,,,,,
wrpy_score_v5_aggregate_r2,7,1341846648.002341,1,4,751,386,279,0.044794,0.004998,0.351081,226,10,14,467,,,,,,,,,,,,,,,,,,,,,,,,,,,,,,
wrpy_score_v5_aggregate_r2,8,1341846648.034343,1,5,1053,367,245,0.046784,0.001990,0.000000,667,0,0,0,,,,,,,,,,,,,,,,,,,,,,,,,,,,,,
wrpy_score_v5_aggregate_r2,11,1341846648.138185,1,6,1220,407,259,0.057329,0.006354,0.033522,675,24,26,44,,,,,,,,,,,,,,,,,,,,,,,,,,,,,,
wrpy_score_v5_aggregate_r2,13,1341846648.202106,1,7,1400,396,256,0.064365,0.001692,0.054007,662,19,19,78,,,,,,,,,,,,,,,,,,,,,,,,,,,,,,
wrpy_score_v5_aggregate_r2,16,1341846648.302183,1,8,1372,348,192,0.096809,0.011263,0.056423,717,14,45,76,,,,,,,,,,,,,,,,,,,,,,,,,,,,,,
wrpy_score_v5_aggregate_r2,18,1341846648.370216,1,9,1478,374,184,0.111237,0.010006,0.163434,625,33,36,212,,,,,,,,,,,,,,,,,,,,,,,,,,,,,,
wrpy_score_v5_aggregate_r2,19,1341846648.406052,1,10,1498,447,260,0.117920,0.006683,0.183587,595,29,31,247,,,,,,,,,,,,,,,,,,,,,,,,,,,,,,
wrpy_score_v5_aggregate_r2,20,1341846648.438342,1,11,1560,468,276,0.123172,0.005253,0.137721,686,31,41,141,,,,,,,,,,,,,,,,,,,,,,,,,,,,,,
wrpy_score_v5_aggregate_r2,22,1341846648.506263,1,12,1471,417,242,0.135935,0.004113,0.175218,618,31,36,212,,,,,,,,,,,,,,,,,,,,,,,,,,,,,,
wrpy_score_v5_aggregate_r2,23,1341846648.538249,1,13,1570,460,292,0.138500,0.002566,0.136016,669,26,34,169,,,,,,,,,,,,,,,,,,,,,,,,,,,,,,
wrpy_score_v5_aggregate_r2,24,1341846648.570179,1,14,1675,438,261,0.140785,0.002284,0.151468,659,27,42,185,,,,,,,,,,,,,,,,,,,,,,,,,,,,,,
wrpy_score_v5_aggregate_r2,25,1341846648.606081,1,15,1739,449,241,0.146715,0.005930,0.170153,636,36,26,205,,,,,,,,,,,,,,,,,,,,,,,,,,,,,,
wrpy_score_v5_aggregate_r2,30,1341846648.774049,1,16,1696,446,212,0.201762,0.011915,0.154779,654,18,25,210,,,,,,,,,,,,,,,,,,,,,,,,,,,,,,
wrpy_score_v5_aggregate_r2,31,1341846648.805941,1,17,1632,464,284,0.211325,0.009563,0.177773,640,28,32,242,,,,,,,,,,,,,,,,,,,,,,,,,,,,,,
wrpy_score_v5_aggregate_r2,32,1341846648.838602,1,18,1751,477,305,0.217976,0.006650,0.133958,660,11,49,179,,,,,,,,,,,,,,,,,,,,,,,,,,,,,,
wrpy_score_v5_aggregate_r2,33,1341846648.874088,1,19,1772,486,293,0.230623,0.012647,0.151787,677,24,35,199,,,,,,,,,,,,,,,,,,,,,,,,,,,,,,
wrpy_score_v5_aggregate_r2,34,1341846648.906165,1,20,1675,421,253,0.246724,0.016101,0.175212,670,45,49,215,,,,,,,,,,,,,,,,,,,,,,,,,,,,,,
wrpy_score_v5_aggregate_r2,35,1341846648.942154,1,21,1823,348,137,0.254506,0.007782,0.189352,531,4,12,394,,,,,,,,,,,,,,,,,,,,,,,,,,,,,,
wrpy_score_v5_aggregate_r2,36,1341846648.974090,1,22,1891,395,183,0.277117,0.022610,0.194808,525,10,7,409,0,0,,37,27,,,,,,,,,0,0,0,0,0,0,0,0,,,,,,,,7,0
wrpy_score_v5_aggregate_r2,37,1341846649.006157,1,23,1871,450,238,0.299890,0.022773,0.200960,547,10,9,372,1,0,15,32,17,,,,,,,,,0,0,0,0,0,1,0,0,0,0,0,0,1,1,1,6,0
wrpy_score_v5_aggregate_r2,38,1341846649.042101,1,24,1611,419,193,0.324202,0.024312,0.299453,383,29,21,518,2,3,3,19,19,1,1,1,1,1,1,1,1,2,3,3,3,3,2,2,2,1,1,0,1,3,2,2,43,1
wrpy_score_v5_aggregate_r2,39,1341846649.074128,1,25,1613,402,185,0.337830,0.013628,0.319870,405,36,25,529,5,16,28,48,37,2,2,2,2,2,2,2,2,0,11,14,11,16,5,2,2,2,2,0,2,7,5,5,13,2
wrpy_score_v5_aggregate_r2,40,1341846649.106188,1,26,1632,394,186,0.353221,0.015391,0.345771,389,15,17,546,5,13,12,28,28,1,2,2,2,2,1,1,2,0,13,4,7,13,5,2,2,1,1,0,2,7,5,5,30,2
wrpy_score_v5_aggregate_r2,41,1341846649.142042,1,27,1644,395,197,0.365087,0.011866,0.307432,352,9,13,537,2,0,20,39,39,,,,,,,,,0,0,0,0,0,2,0,0,0,0,0,0,2,2,2,47,0
wrpy_score_v5_aggregate_r2,48,1341846649.383973,1,28,1518,338,152,0.468230,0.015581,0.345423,406,19,8,544,0,8,,63,63,2,2,2,2,2,2,2,2,0,6,8,0,8,0,3,3,2,2,0,2,2,0,,46,2
wrpy_score_v5_aggregate_r2,49,1341846649.416053,1,29,1577,372,185,0.496727,0.028497,0.366794,414,10,13,547,2,2,14,21,21,1,1,1,1,1,1,1,1,0,2,2,0,2,2,1,1,1,1,0,1,3,2,2,39,1
wrpy_score_v5_aggregate_r2,50,1341846649.448084,1,30,1635,378,198,0.510888,0.014161,0.324704,417,14,5,511,1,1,15,28,28,,,,,,,,,0,1,0,0,1,1,0,0,0,0,0,0,1,1,1,53,0
wrpy_score_v5_aggregate_r2,51,1341846649.484154,1,31,1653,407,233,0.524221,0.013333,0.348145,429,13,11,522,6,0,22,35,35,,,,,,,,,0,0,0,0,0,6,0,0,0,0,0,0,6,6,6,66,0
wrpy_score_v5_aggregate_r2,57,1341846649.710937,1,32,1579,357,166,0.607217,0.015937,0.335755,476,12,22,488,2,57,34,65,65,1,8,8,8,8,8,8,8,0,49,17,0,57,2,9,9,1,8,7,8,10,2,2,35,8
wrpy_score_v5_aggregate_r2,58,1341846649.746112,1,33,1616,395,219,0.632297,0.025080,0.348984,461,9,7,514,0,0,,26,26,,,,,,,,,0,0,0,0,0,0,0,0,,,,,,,,40,0
wrpy_score_v5_aggregate_r2,59,1341846649.778019,1,34,1720,414,227,0.641052,0.008755,0.213070,605,24,55,332,2,4,9,15,15,1,1,1,1,1,1,1,1,0,4,4,1,4,2,1,1,1,1,0,1,3,2,2,28,1
wrpy_score_v5_aggregate_r2,60,1341846649.810257,1,35,1827,383,179,0.657918,0.016866,0.192793,646,19,36,312,2,15,4,13,13,1,1,1,1,1,1,1,1,3,12,11,12,15,2,5,5,1,1,0,1,3,2,2,36,1
wrpy_score_v5_aggregate_r2,63,1341846649.914184,1,36,1748,404,197,0.723447,0.031861,0.208070,608,22,25,345,3,6,5,43,43,,,,,,,,,0,3,3,6,6,3,0,0,0,0,0,0,3,3,3,82,0
wrpy_score_v5_aggregate_r2,64,1341846649.952612,1,37,1781,422,227,0.738484,0.015038,0.219814,638,31,22,327,2,0,14,38,38,,,,,,,,,0,0,0,0,0,2,0,0,0,0,0,0,2,2,2,68,0
wrpy_score_v5_aggregate_r2,65,1341846649.978335,1,38,1761,472,276,0.752158,0.013674,0.260335,600,20,16,352,4,16,16,29,29,2,2,2,2,2,2,2,2,3,12,14,3,16,4,10,10,2,2,0,2,6,4,4,52,2
wrpy_score_v5_aggregate_r2,66,1341846650.014156,1,39,1767,456,278,0.757957,0.005798,0.275775,477,5,6,445,0,3,,28,28,1,1,1,1,1,1,1,1,1,2,3,2,3,0,1,1,1,1,0,1,1,0,,86,1
wrpy_score_v5_aggregate_r2,70,1341846650.146137,1,39,1639,398,230,0.796013,0.010510,0.304954,489,11,4,466,2,6,7,34,34,1,1,1,1,1,1,1,1,0,5,6,0,6,2,3,3,1,1,0,1,3,2,2,60,1
wrpy_score_v5_aggregate_r2,71,1341846650.182236,1,40,1656,420,246,0.812577,0.016564,0.271979,596,15,23,359,0,14,,37,37,0,2,2,2,0,0,0,2,6,14,10,12,14,0,8,8,0,0,0,2,2,0,,39,2
wrpy_score_v5_aggregate_r2,72,1341846650.214164,1,41,1728,429,262,0.828170,0.015593,0.292979,539,15,5,428,0,0,,15,15,,,,,,,,,0,0,0,0,0,0,0,0,,,,,,,,45,0
wrpy_score_v5_aggregate_r2,73,1341846650.246084,1,42,1748,453,284,0.838149,0.009979,0.317926,489,13,0,463,0,0,,44,44,,,,,,,,,0,0,0,0,0,0,0,0,,,,,,,,71,0
wrpy_score_v5_aggregate_r2,78,1341846650.414224,1,41,1690,395,193,0.907342,0.011620,0.326038,479,12,6,470,0,0,,50,50,,,,,,,,,0,0,0,0,0,0,0,0,,,,,,,,76,0
wrpy_score_v5_aggregate_r2,79,1341846650.450353,1,42,1705,427,255,0.928401,0.021059,0.345736,443,9,6,520,1,5,2,35,35,1,1,1,1,1,1,1,1,2,4,5,4,5,1,3,3,1,1,0,1,2,1,1,83,1
wrpy_score_v5_aggregate_r2,80,1341846650.484849,1,43,1757,444,250,0.940394,0.011993,0.287562,454,14,21,463,2,9,10,20,20,1,1,1,1,1,1,1,1,0,8,8,2,9,2,5,5,1,1,0,1,3,2,2,37,1
wrpy_score_v5_aggregate_r2,81,1341846650.514091,1,44,1792,404,192,0.955960,0.015566,0.322861,432,18,11,513,1,0,5,11,11,,,,,,,,,0,0,0,0,0,1,0,0,0,0,0,0,1,1,1,34,0
wrpy_score_v5_aggregate_r2,83,1341846650.582069,1,43,1953,385,217,0.991699,0.019710,0.100247,775,12,13,137,3,1,22,22,22,,,,,,,,,0,1,1,1,1,3,0,0,0,0,0,0,3,3,3,35,0
wrpy_score_v5_aggregate_r2,88,1341846650.750112,1,44,2184,459,248,1.041105,0.009819,0.128796,688,4,4,175,0,0,,12,12,,,,,,,,,0,0,0,0,0,0,0,0,,,,,,,,6,0
wrpy_score_v5_aggregate_r2,89,1341846650.782116,1,45,2284,522,332,1.051218,0.010113,0.101494,732,24,11,131,0,0,,8,8,,,,,,,,,0,0,0,0,0,0,0,0,,,,,,,,17,0
wrpy_score_v5_aggregate_r2,90,1341846650.818115,1,46,2361,582,355,1.067241,0.016023,0.114154,708,11,2,178,0,0,,11,11,,,,,,,,,0,0,0,0,0,0,0,0,,,,,,,,11,0
wrpy_score_v5_aggregate_r2,92,1341846650.886238,1,44,2311,458,217,1.098296,0.013268,0.097129,719,10,8,131,0,0,,50,50,,,,,,,,,0,0,0,0,0,0,0,0,,,,,,,,44,0
wrpy_score_v5_aggregate_r2,93,1341846650.918288,1,45,2417,564,345,1.109782,0.011485,0.138158,710,16,19,194,1,17,20,49,49,1,1,1,1,1,1,1,1,3,16,14,17,17,1,3,3,1,1,0,1,2,1,1,52,1
wrpy_score_v5_aggregate_r2,94,1341846650.950233,1,46,2488,615,363,1.127671,0.017889,0.158132,682,18,19,212,1,1,5,33,33,,,,,,,,,0,1,1,0,1,1,0,0,0,0,0,0,1,1,1,30,0
wrpy_score_v5_aggregate_r2,95,1341846650.986247,1,47,2517,560,304,1.138397,0.010726,0.141185,718,34,28,156,1,3,7,31,31,,,,,,,,,0,2,1,3,3,1,0,0,0,0,0,0,1,1,1,36,0
wrpy_score_v5_aggregate_r2,97,1341846651.050482,1,47,2367,552,305,1.171711,0.022374,0.162207,696,14,23,217,3,9,25,63,63,,,,,,,,,0,8,3,4,9,3,0,0,0,0,0,0,3,3,3,50,0
wrpy_score_v5_aggregate_r2,98,1341846651.086169,1,48,2463,566,319,1.185480,0.013769,0.132959,690,29,23,163,2,7,15,55,55,1,1,1,1,1,1,1,1,1,7,6,6,7,2,1,1,1,1,0,1,3,2,2,66,1
wrpy_score_v5_aggregate_r2,99,1341846651.118423,1,49,2540,610,296,1.200200,0.014720,0.149980,660,20,12,195,2,2,10,33,33,,,,,,,,,0,2,1,2,2,2,0,0,0,0,0,0,2,2,2,50,0
wrpy_score_v5_aggregate_r2,100,1341846651.154189,1,50,2554,620,353,1.215648,0.015447,0.169616,718,42,13,209,0,4,,45,45,1,1,1,1,1,1,1,1,1,2,4,4,4,0,1,1,1,1,0,1,1,0,,59,1
wrpy_score_v5_aggregate_r2,104,1341846651.286406,1,48,2373,530,264,1.256391,0.010664,0.146969,708,22,14,165,2,0,27,64,53,,,,,,,,,0,0,0,0,0,2,0,0,0,0,0,0,2,2,2,6,0
wrpy_score_v5_aggregate_r2,105,1341846651.318309,1,49,2372,598,362,1.269855,0.013464,0.159922,692,16,13,199,0,8,,51,51,1,1,1,1,1,1,1,1,0,8,5,0,8,0,3,3,1,1,0,1,1,0,,20,1
wrpy_score_v5_aggregate_r2,106,1341846651.354135,1,50,2469,593,364,1.282914,0.013060,0.181484,677,40,21,215,2,4,17,80,52,1,1,1,1,1,1,1,1,1,3,4,4,4,2,1,1,1,1,0,1,3,2,2,28,1
wrpy_score_v5_aggregate_r2,107,1341846651.386180,1,51,2540,603,354,1.298296,0.015382,0.158701,709,35,24,173,5,36,24,60,60,,,,,,,,,0,10,33,2,36,5,0,0,0,0,0,0,5,5,5,21,0
wrpy_score_v5_aggregate_r2,109,1341846651.492135,1,51,2444,506,256,1.340716,0.025891,0.192129,665,25,17,231,1,1,0,33,33,,,,,,,,,0,0,1,1,1,1,0,0,0,0,0,0,1,1,1,18,0
wrpy_score_v5_aggregate_r2,110,1341846651.522099,1,52,2536,559,265,1.354541,0.013824,0.164134,718,34,33,164,8,9,14,32,23,,,,,,,,,0,6,5,5,9,8,0,0,0,0,0,0,8,8,8,12,0
wrpy_score_v5_aggregate_r2,111,1341846651.560316,1,53,2666,536,249,1.370111,0.015571,0.177406,706,31,29,203,6,13,16,32,24,1,1,1,1,1,1,1,1,1,13,11,13,13,6,1,1,1,1,0,1,7,6,6,24,1
wrpy_score_v5_aggregate_r2,112,1341846651.590585,1,54,2716,574,272,1.387328,0.017217,0.194954,721,41,22,223,3,13,12,16,15,,,,,,,,,0,2,12,3,13,3,0,0,0,0,0,0,3,3,3,33,0
wrpy_score_v5_aggregate_r2,114,1341846651.654223,1,53,2626,516,214,1.432529,0.022163,0.171930,703,23,30,198,1,1,0,16,15,,,,,,,,,0,0,1,1,1,1,0,0,0,0,0,0,1,1,1,25,0
wrpy_score_v5_aggregate_r2,115,1341846651.690127,1,54,2679,554,262,1.456826,0.024297,0.192513,655,38,19,221,1,0,18,31,31,,,,,,,,,0,0,0,0,0,1,0,0,0,0,0,0,1,1,1,44,0
wrpy_score_v5_aggregate_r2,116,1341846651.722318,1,55,2757,548,244,1.484402,0.027576,0.149121,692,23,30,166,3,4,1,16,16,,,,,,,,,0,4,4,0,4,3,0,0,0,0,0,0,3,3,3,47,0
wrpy_score_v5_aggregate_r2,117,1341846651.754212,1,56,2814,556,238,1.514587,0.030184,0.170576,670,26,32,184,4,0,8,10,9,,,,,,,,,0,0,0,0,0,4,0,0,0,0,0,0,4,4,4,42,0
wrpy_score_v5_aggregate_r2,118,1341846651.790200,1,57,2703,538,219,1.552758,0.038172,0.193011,622,37,28,217,0,10,,15,15,1,1,1,1,1,1,1,1,4,9,8,10,10,0,4,4,1,1,0,1,1,0,,27,1
wrpy_score_v5_aggregate_r2,119,1341846651.822233,1,58,2817,549,233,1.576479,0.023721,0.218118,466,4,4,352,2,0,13,22,22,,,,,,,,,0,0,0,0,0,2,0,0,0,0,0,0,2,2,2,13,0
wrpy_score_v5_aggregate_r2,120,1341846651.858213,1,59,2941,542,198,1.602526,0.026047,0.227288,484,3,2,389,0,0,,16,8,,,,,,,,,0,0,0,0,0,0,0,0,,,,,,,,5,0
wrpy_score_v5_aggregate_r2,121,1341846651.890237,1,60,2977,570,184,1.635504,0.032978,0.232835,459,7,3,388,0,0,,29,28,,,,,,,,,0,0,0,0,0,0,0,0,,,,,,,,9,0
wrpy_score_v5_aggregate_r2,123,1341846651.958047,1,61,2759,509,166,1.700056,0.028760,0.349980,307,9,7,433,1,2,9,45,39,,,,,,,,,0,1,2,0,2,1,0,0,0,0,0,0,1,1,1,18,0
wrpy_score_v5_aggregate_r2,124,1341846651.990020,1,62,2762,515,173,1.730910,0.030854,0.361234,328,19,7,475,1,0,20,36,36,,,,,,,,,0,0,0,0,0,1,0,0,0,0,0,0,1,1,1,35,0
wrpy_score_v5_aggregate_r2,125,1341846652.022081,1,63,2776,476,149,1.761515,0.030605,0.293057,415,29,55,310,2,3,10,16,16,,,,,,,,,0,0,3,1,3,2,0,0,0,0,0,0,2,2,2,16,0
wrpy_score_v5_aggregate_r2,126,1341846652.058058,1,64,2790,462,150,1.794238,0.032723,0.303727,368,31,31,318,0,0,,14,13,,,,,,,,,0,0,0,0,0,0,0,0,,,,,,,,9,0
wrpy_score_v5_aggregate_r2,128,1341846652.126257,1,65,2673,458,146,1.877992,0.039782,0.272891,359,31,42,308,0,20,,40,33,4,4,4,4,4,4,4,4,8,12,20,8,20,0,12,12,4,4,0,4,4,0,,19,4
wrpy_score_v5_aggregate_r2,129,1341846652.158232,1,66,2716,448,161,1.916804,0.038812,0.279867,338,14,27,313,0,7,,42,41,1,1,1,1,1,1,1,1,2,5,7,7,7,0,2,2,1,1,0,1,1,0,,40,1
wrpy_score_v5_aggregate_r2,130,1341846652.190049,1,67,2764,468,157,1.956308,0.039503,0.289508,330,18,35,339,6,9,59,68,68,,,,,,,,,0,4,6,5,9,6,0,0,0,0,0,0,6,6,6,31,0
wrpy_score_v5_aggregate_r2,131,1341846652.225981,1,68,2829,443,101,1.995275,0.038968,0.247601,347,25,41,340,2,0,7,28,22,,,,,,,,,0,0,0,0,0,2,0,0,0,0,0,0,2,2,2,48,0
wrpy_score_v5_aggregate_r2,133,1341846652.290189,1,69,2796,362,91,2.093453,0.049494,0.265498,412,12,20,226,1,0,29,108,86,,,,,,,,,0,0,0,0,0,1,0,0,0,0,0,0,1,1,1,8,0
wrpy_score_v5_aggregate_r2,134,1341846652.326148,1,70,2942,395,120,2.106227,0.012774,0.224421,447,18,26,195,2,1,10,43,36,,,,,,,,,0,0,1,1,1,2,0,0,0,0,0,0,2,2,2,14,0
wrpy_score_v5_aggregate_r2,135,1341846652.358184,1,71,3027,445,181,2.124145,0.017918,0.222005,449,13,18,154,1,3,15,49,18,1,1,1,1,1,1,1,1,0,2,3,0,3,1,1,1,1,1,0,1,2,1,1,2,1
wrpy_score_v5_aggregate_r2,136,1341846652.394279,1,72,3030,472,227,2.138519,0.014374,0.218519,380,21,10,160,1,0,13,62,29,,,,,,,,,0,0,0,0,0,1,0,0,0,0,0,0,1,1,1,2,0
wrpy_score_v5_aggregate_r2,138,1341846652.458277,1,73,2971,438,221,2.203538,0.022698,0.187035,405,5,7,143,0,0,,52,20,,,,,,,,,0,0,0,0,0,0,0,0,,,,,,,,3,0
wrpy_score_v5_aggregate_r2,139,1341846652.494100,1,74,3034,474,240,2.227765,0.024227,0.179945,411,15,14,141,5,3,17,56,7,1,1,1,1,1,1,1,1,0,3,3,0,3,5,3,3,1,1,0,1,6,5,5,2,1
wrpy_score_v5_aggregate_r2,140,1341846652.526469,1,75,3056,503,258,2.240811,0.013046,0.181074,375,11,20,144,4,0,8,32,24,,,,,,,,,0,0,0,0,0,4,0,0,0,0,0,0,4,4,4,5,0
wrpy_score_v5_aggregate_r2,141,1341846652.562089,1,76,3056,437,173,2.259628,0.018816,0.198812,339,21,20,193,2,3,11,23,20,0,1,1,1,1,0,0,1,0,2,3,2,3,2,1,1,0,0,0,1,3,2,2,5,1
wrpy_score_v5_aggregate_r2,142,1341846652.594254,1,77,2941,409,149,2.305094,0.045467,0.223786,350,15,9,238,1,2,17,40,5,,,,,,,,,0,1,2,2,2,1,0,0,0,0,0,0,1,1,1,3,0
wrpy_score_v5_aggregate_r2,143,1341846652.626356,1,78,2978,398,145,2.319859,0.014765,0.213389,347,8,17,201,0,0,,42,4,,,,,,,,,0,0,0,0,0,0,0,0,,,,,,,,1,0
wrpy_score_v5_aggregate_r2,144,1341846652.662152,1,79,3075,270,41,2.355753,0.035894,0.229775,327,13,12,215,0,0,,12,4,,,,,,,,,0,0,0,0,0,0,0,0,,,,,,,,2,0
wrpy_score_v5_aggregate_r2,145,1341846652.694113,1,80,3103,308,72,2.372916,0.017163,0.240192,319,10,16,248,,,,,,,,,,,,,,,,,,,,,,,,,,,,,,
wrpy_score_v5_aggregate_r2,146,1341846652.726378,1,81,3061,285,65,2.406283,0.033367,0.174912,393,4,43,205,0,0,,6,1,,,,,,,,,0,0,0,0,0,0,0,0,,,,,,,,1,0
wrpy_score_v5_aggregate_r2,147,1341846652.762129,1,82,3105,263,66,2.422069,0.015786,0.176947,388,12,31,186,,,,,,,,,,,,,,,,,,,,,,,,,,,,,,
wrpy_score_v5_aggregate_r2,148,1341846652.794152,1,83,3160,267,58,2.468915,0.046846,0.189681,352,14,24,190,1,0,32,38,32,,,,,,,,,0,0,0,0,0,1,0,0,0,0,0,0,1,1,1,6,0
wrpy_score_v5_aggregate_r2,149,1341846652.830250,1,84,3198,282,64,2.494613,0.025697,0.105007,360,3,32,178,7,2,82,89,83,,,,,,,,,0,2,1,2,2,7,0,0,0,0,0,0,7,7,7,10,0
wrpy_score_v5_aggregate_r2,150,1341846652.862014,1,85,3164,320,95,2.509379,0.014766,0.099782,342,3,43,165,0,0,,32,13,,,,,,,,,0,0,0,0,0,0,0,0,,,,,,,,4,0
wrpy_score_v5_aggregate_r2,151,1341846652.894426,1,86,3167,310,95,2.520045,0.010667,0.103626,290,0,24,172,2,0,25,32,25,,,,,,,,,0,0,0,0,0,2,0,0,0,0,0,0,2,2,2,4,0
wrpy_score_v5_aggregate_r2,152,1341846652.930346,1,87,3179,289,90,2.525882,0.005837,0.096950,313,9,17,175,2,0,19,26,19,,,,,,,,,0,0,0,0,0,2,0,0,0,0,0,0,2,2,2,1,0
wrpy_score_v5_aggregate_r2,153,1341846652.962213,1,88,3207,267,78,2.536569,0.010687,0.098997,276,2,14,195,1,0,2,25,4,,,,,,,,,0,0,0,0,0,1,0,0,0,0,0,0,1,1,1,2,0
wrpy_score_v5_aggregate_r2,154,1341846652.994687,1,89,3157,311,102,2.575481,0.038912,0.112819,312,5,10,189,10,16,19,30,13,,,,,,,,,0,2,16,0,16,10,0,0,0,0,0,0,10,10,10,2,0
wrpy_score_v5_aggregate_r2,155,1341846653.030292,1,90,3154,286,94,2.601102,0.025621,0.086299,275,10,22,171,2,5,22,40,16,,,,,,,,,0,2,5,0,5,2,0,0,0,0,0,0,2,2,2,3,0
wrpy_score_v5_aggregate_r2,156,1341846653.062672,1,91,3196,278,85,2.636698,0.035597,0.083118,297,12,18,171,3,0,52,164,160,,,,,,,,,0,0,0,0,0,3,0,0,0,0,0,0,3,3,3,33,0
wrpy_score_v5_aggregate_r2,157,1341846653.099024,1,92,3289,317,113,2.656386,0.019687,0.084788,230,2,8,147,1,2,14,135,99,,,,,,,,,0,0,2,0,2,1,0,0,0,0,0,0,1,1,1,10,0
wrpy_score_v5_aggregate_r2,158,1341846653.130475,1,93,3299,316,136,2.671252,0.014866,0.067051,258,1,14,137,2,4,16,101,101,,,,,,,,,0,0,4,0,4,2,0,0,0,0,0,0,2,2,2,15,0
wrpy_score_v5_aggregate_r2,159,1341846653.162620,1,94,3391,317,145,2.678115,0.006864,0.044525,325,2,16,83,1,5,8,59,56,0,0,1,0,0,0,0,0,0,3,5,0,5,1,1,1,0,0,0,1,2,1,1,6,1
wrpy_score_v5_aggregate_r2,160,1341846653.198437,1,95,3449,341,148,2.718986,0.040871,0.048480,322,6,18,87,1,0,4,84,56,,,,,,,,,0,0,0,0,0,1,0,0,0,0,0,0,1,1,1,6,0
wrpy_score_v5_aggregate_r2,161,1341846653.230042,1,96,3446,338,142,2.734315,0.015328,0.102884,198,4,9,164,2,0,31,71,40,,,,,,,,,0,0,0,0,0,2,0,0,0,0,0,0,2,2,2,5,0
wrpy_score_v5_aggregate_r2,162,1341846653.262357,1,97,3342,282,128,2.757222,0.022907,0.103190,247,15,29,177,4,0,76,145,55,,,,,,,,,0,0,0,0,0,4,0,0,0,0,0,0,4,4,4,4,0
wrpy_score_v5_aggregate_r2,163,1341846653.298380,1,98,3372,275,126,2.772746,0.015524,0.111296,196,5,20,173,2,0,45,115,92,,,,,,,,,0,0,0,0,0,2,0,0,0,0,0,0,2,2,2,8,0
wrpy_score_v5_aggregate_r2,164,1341846653.330162,1,99,3449,306,131,2.780959,0.008213,0.105332,177,2,5,153,4,0,54,80,69,,,,,,,,,0,0,0,0,0,4,0,0,0,0,0,0,4,4,4,13,0
wrpy_score_v5_aggregate_r2,165,1341846653.366319,1,100,3467,292,122,2.791606,0.010647,0.110641,150,3,9,154,0,0,,49,43,,,,,,,,,0,0,0,0,0,0,0,0,,,,,,,,10,0
wrpy_score_v5_aggregate_r2,166,1341846653.398226,1,101,3384,252,124,2.813291,0.021685,0.118617,159,12,4,165,1,0,15,75,35,,,,,,,,,0,0,0,0,0,1,0,0,0,0,0,0,1,1,1,4,0
wrpy_score_v5_aggregate_r2,167,1341846653.430060,1,102,3426,217,75,2.833017,0.019726,0.108135,154,10,10,147,2,0,12,20,1,,,,,,,,,0,0,0,0,0,2,0,0,0,0,0,0,2,2,2,4,0
wrpy_score_v5_aggregate_r2,168,1341846653.466341,1,103,3453,232,84,2.846115,0.013098,0.113434,139,11,3,149,3,0,23,28,28,,,,,,,,,0,0,0,0,0,3,0,0,0,0,0,0,3,3,3,8,0
wrpy_score_v5_aggregate_r2,169,1341846653.498194,1,104,3456,210,86,2.859719,0.013605,0.121182,168,0,6,164,3,0,16,19,19,,,,,,,,,0,0,0,0,0,3,0,0,0,0,0,0,3,3,3,10,0
wrpy_score_v5_aggregate_r2,170,1341846653.530205,1,105,3413,209,87,2.881347,0.021627,0.105677,163,4,3,122,1,0,8,13,4,,,,,,,,,0,0,0,0,0,1,0,0,0,0,0,0,1,1,1,3,0
wrpy_score_v5_aggregate_r2,171,1341846653.566601,1,106,3428,220,93,2.898089,0.016742,0.112923,166,2,2,143,1,0,6,10,10,,,,,,,,,0,0,0,0,0,1,0,0,0,0,0,0,1,1,1,3,0
wrpy_score_v5_aggregate_r2,172,1341846653.598213,1,107,3449,218,94,2.904521,0.006432,0.120107,166,3,0,131,1,0,1,1,,,,,,,,,,0,0,0,0,0,1,0,0,0,0,0,0,1,1,1,,0
wrpy_score_v5_aggregate_r2,173,1341846653.634793,1,108,3464,233,95,2.913979,0.009458,0.061820,178,4,14,91,0,0,,2,2,,,,,,,,,0,0,0,0,0,0,0,0,,,,,,,,1,0
wrpy_score_v5_aggregate_r2,174,1341846653.666143,1,109,3426,218,116,2.951134,0.037156,0.066904,173,5,11,94,,,,,,,,,,,,,,,,,,,,,,,,,,,,,,
wrpy_score_v5_aggregate_r2,175,1341846653.698738,1,110,3447,238,105,2.967067,0.015933,0.075117,173,4,4,87,,,,,,,,,,,,,,,,,,,,,,,,,,,,,,
wrpy_score_v5_aggregate_r2,176,1341846653.734313,1,111,3463,205,84,2.971865,0.004798,0.080612,164,3,9,97,,,,,,,,,,,,,,,,,,,,,,,,,,,,,,
wrpy_score_v5_aggregate_r2,177,1341846653.766275,1,112,3462,224,92,2.980183,0.008318,0.085280,176,1,10,100,,,,,,,,,,,,,,,,,,,,,,,,,,,,,,
wrpy_score_v5_aggregate_r2,178,1341846653.802358,1,113,3426,186,66,3.001000,0.020817,0.098298,82,4,10,108,,,,,,,,,,,,,,,,,,,,,,,,,,,,,,
wrpy_score_v5_aggregate_r2,179,1341846653.834226,1,114,3445,234,84,3.013240,0.012240,0.068910,168,5,17,90,,,,,,,,,,,,,,,,,,,,,,,,,,,,,,
wrpy_score_v5_aggregate_r2,180,1341846653.866214,1,115,3466,239,102,3.016728,0.003487,0.072917,181,2,19,77,,,,,,,,,,,,,,,,,,,,,,,,,,,,,,
wrpy_score_v5_aggregate_r2,181,1341846653.902170,1,116,3487,261,100,3.020946,0.004218,0.079967,151,14,17,71,1,0,7,20,,,,,,,,,,0,0,0,0,0,1,0,0,0,0,0,0,1,1,1,,0
wrpy_score_v5_aggregate_r2,182,1341846653.934160,1,116,3431,256,108,3.032233,0.011287,0.067581,166,13,23,68,3,2,7,42,35,,,,,,,,,0,2,1,2,2,3,0,0,0,0,0,0,3,3,3,3,0
wrpy_score_v5_aggregate_r2,183,1341846653.966155,1,117,3468,258,112,3.043250,0.011016,0.072865,131,5,19,95,2,0,6,24,,,,,,,,,,0,0,0,0,0,2,0,0,0,0,0,0,2,2,2,,0
wrpy_score_v5_aggregate_r2,184,1341846654.002169,1,118,3490,297,134,3.051528,0.008279,0.080492,144,8,12,93,0,0,,26,12,,,,,,,,,0,0,0,0,0,0,0,0,,,,,,,,1,0
wrpy_score_v5_aggregate_r2,185,1341846654.034140,1,119,3490,291,126,3.059067,0.007538,0.083818,134,10,8,129,2,0,7,29,24,,,,,,,,,0,0,0,0,0,2,0,0,0,0,0,0,2,2,2,3,0
wrpy_score_v5_aggregate_r2,186,1341846654.070172,1,118,3435,248,104,3.085040,0.025974,0.089720,92,2,6,125,6,0,19,48,15,,,,,,,,,0,0,0,0,0,6,0,0,0,0,0,0,6,6,6,2,0
wrpy_score_v5_aggregate_r2,187,1341846654.102438,1,119,3469,264,87,3.099773,0.014732,0.094850,117,0,3,116,7,7,84,93,63,2,2,2,2,2,2,2,2,0,7,7,0,7,7,6,6,2,2,0,2,9,7,7,11,2
wrpy_score_v5_aggregate_r2,188,1341846654.134349,1,120,3515,348,145,3.119121,0.019348,0.084948,162,11,19,106,2,0,14,57,16,,,,,,,,,0,0,0,0,0,2,0,0,0,0,0,0,2,2,2,5,0
wrpy_score_v5_aggregate_r2,189,1341846654.170244,1,121,3550,326,122,3.143412,0.024291,0.086188,134,4,17,112,4,0,81,123,102,,,,,,,,,0,0,0,0,0,4,0,0,0,0,0,0,4,4,4,10,0
wrpy_score_v5_aggregate_r2,190,1341846654.202087,1,121,3499,361,166,3.170411,0.026999,0.095573,180,0,0,126,1,0,23,108,69,,,,,,,,,0,0,0,0,0,1,0,0,0,0,0,0,1,1,1,7,0
wrpy_score_v5_aggregate_r2,191,1341846654.234434,1,122,3539,384,176,3.176728,0.006317,0.085951,160,8,7,105,0,0,,79,50,,,,,,,,,0,0,0,0,0,0,0,0,,,,,,,,6,0
wrpy_score_v5_aggregate_r2,192,1341846654.270041,1,123,3560,365,156,3.185937,0.009210,0.087132,150,3,12,112,2,5,60,191,161,,,,,,,,,0,3,2,0,5,2,0,0,0,0,0,0,2,2,2,16,0
wrpy_score_v5_aggregate_r2,193,1341846654.302117,1,124,3624,424,173,3.195339,0.009402,0.088265,196,5,12,108,4,3,58,136,58,,,,,,,,,0,3,3,0,3,4,0,0,0,0,0,0,4,4,4,9,0
wrpy_score_v5_aggregate_r2,194,1341846654.338026,1,124,3551,405,151,3.244183,0.048843,0.098910,202,13,14,106,3,0,10,35,14,,,,,,,,,0,0,0,0,0,3,0,0,0,0,0,0,3,3,3,1,0
wrpy_score_v5_aggregate_r2,195,1341846654.369979,1,125,3540,415,189,3.272527,0.028345,0.101185,151,6,8,125,6,2,91,121,67,,,,,,,,,0,2,1,0,2,6,0,0,0,0,0,0,6,6,6,10,0
wrpy_score_v5_aggregate_r2,196,1341846654.402172,1,126,3597,379,125,3.309163,0.036635,0.097673,198,1,9,136,0,0,,99,80,,,,,,,,,0,0,0,0,0,0,0,0,,,,,,,,11,0
wrpy_score_v5_aggregate_r2,197,1341846654.438133,1,127,3662,447,136,3.366027,0.056864,0.113818,196,7,16,140,0,0,,27,7,,,,,,,,,0,0,0,0,0,0,0,0,,,,,,,,1,0
wrpy_score_v5_aggregate_r2,198,1341846654.470186,1,128,3557,450,167,3.375081,0.009054,0.119430,187,5,6,113,0,2,,92,66,2,2,2,2,2,2,2,2,0,2,2,0,2,0,2,2,2,2,0,2,2,0,,9,2
wrpy_score_v5_aggregate_r2,199,1341846654.502267,1,129,3590,397,118,3.413034,0.037954,0.116536,248,3,11,111,0,0,,53,11,,,,,,,,,0,0,0,0,0,0,0,0,,,,,,,,4,0
wrpy_score_v5_aggregate_r2,200,1341846654.539064,1,130,3659,506,167,3.473039,0.060005,0.121540,312,4,23,106,8,0,55,55,43,,,,,,,,,0,0,0,0,0,8,0,0,0,0,0,0,8,8,8,11,0
wrpy_score_v5_aggregate_r2,201,1341846654.570053,1,131,3670,474,131,3.501461,0.028422,0.126715,279,6,13,116,0,0,,55,55,,,,,,,,,0,0,0,0,0,0,0,0,,,,,,,,28,0
wrpy_score_v5_aggregate_r2,202,1341846654.606030,1,131,3629,418,126,3.534759,0.033298,0.103021,338,1,12,63,0,0,,125,77,,,,,,,,,0,0,0,0,0,0,0,0,,,,,,,,5,0
wrpy_score_v5_aggregate_r2,203,1341846654.637980,1,132,3782,456,155,3.587061,0.052301,0.000000,431,0,0,0,0,0,,108,68,,,,,,,,,0,0,0,0,0,0,0,0,,,,,,,,7,0
wrpy_score_v5_aggregate_r2,204,1341846654.670155,1,133,3869,517,194,3.595872,0.008811,0.000000,393,0,0,0,0,0,,67,,,,,,,,,,0,0,0,0,0,0,0,0,,,,,,,,,0
wrpy_score_v5_aggregate_r2,205,1341846654.706022,1,134,3871,507,161,3.613030,0.017158,0.000000,325,0,0,0,1,2,5,125,63,,,,,,,,,0,0,2,0,2,1,0,0,0,0,0,0,1,1,1,4,0
wrpy_score_v5_aggregate_r2,206,1341846654.738497,1,134,3760,520,211,3.670216,0.057186,0.000000,389,0,0,0,0,0,,65,,,,,,,,,,0,0,0,0,0,0,0,0,,,,,,,,,0
wrpy_score_v5_aggregate_r2,207,1341846654.774056,1,135,3799,517,194,3.701158,0.030942,0.000000,398,0,0,0,0,0,,75,21,,,,,,,,,0,0,0,0,0,0,0,0,,,,,,,,2,0
wrpy_score_v5_aggregate_r2,208,1341846654.806040,1,136,3851,533,201,3.712286,0.011128,0.000000,335,0,0,0,0,0,,45,,,,,,,,,,0,0,0,0,0,0,0,0,,,,,,,,,0
wrpy_score_v5_aggregate_r2,209,1341846654.838060,1,137,3861,558,210,3.726414,0.014129,0.000000,383,0,0,0,0,0,,52,,,,,,,,,,0,0,0,0,0,0,0,0,,,,,,,,,0
wrpy_score_v5_aggregate_r2,211,1341846654.906209,1,138,3730,504,197,3.777732,0.023721,0.054743,361,2,5,31,0,0,,49,,,,,,,,,,0,0,0,0,0,0,0,0,,,,,,,,,0
wrpy_score_v5_aggregate_r2,212,1341846654.938214,1,139,3784,514,181,3.793095,0.015364,0.048607,382,6,8,24,0,0,,83,27,,,,,,,,,0,0,0,0,0,0,0,0,,,,,,,,1,0
wrpy_score_v5_aggregate_r2,213,1341846654.974334,1,140,3894,561,253,3.800567,0.007472,0.059427,450,1,5,44,0,0,,56,,,,,,,,,,0,0,0,0,0,0,0,0,,,,,,,,,0
wrpy_score_v5_aggregate_r2,214,1341846655.006124,1,141,3924,527,207,3.823707,0.023139,0.075254,404,2,5,47,1,0,13,86,13,,,,,,,,,0,0,0,0,0,1,0,0,0,0,0,0,1,1,1,3,0
wrpy_score_v5_aggregate_r2,215,1341846655.042239,1,142,3804,455,164,3.847569,0.023863,0.131214,414,1,8,48,0,0,,66,,,,,,,,,,0,0,0,0,0,0,0,0,,,,,,,,,0
wrpy_score_v5_aggregate_r2,216,1341846655.074179,1,143,3912,497,213,3.859312,0.011742,0.139723,520,9,13,54,0,0,,49,,,,,,,,,,0,0,0,0,0,0,0,0,,,,,,,,,0
wrpy_score_v5_aggregate_r2,217,1341846655.106132,1,144,3939,495,226,3.873379,0.014068,0.064027,433,2,6,69,1,3,36,80,,,,,,,,,,0,1,3,0,3,1,0,0,0,0,0,0,1,1,1,,0
wrpy_score_v5_aggregate_r2,218,1341846655.142070,1,145,4007,426,115,3.889799,0.016420,0.167139,486,17,22,81,0,0,,18,0,,,,,,,,,0,0,0,0,0,0,0,0,,,,,,,,2,0
wrpy_score_v5_aggregate_r2,220,1341846655.206124,1,146,3906,418,174,3.941967,0.034065,0.165706,451,20,19,102,3,1,47,74,44,,,,,,,,,0,0,1,0,1,3,0,0,0,0,0,0,3,3,3,4,0
wrpy_score_v5_aggregate_r2,221,1341846655.242079,1,147,3983,463,196,3.962483,0.020517,0.170791,494,21,33,110,1,2,29,36,,,,,,,,,,0,0,2,2,2,1,0,0,0,0,0,0,1,1,1,,0
wrpy_score_v5_aggregate_r2,222,1341846655.274211,1,148,4045,433,158,3.986197,0.023714,0.166875,557,13,41,114,0,0,,22,6,,,,,,,,,0,0,0,0,0,0,0,0,,,,,,,,2,0
wrpy_score_v5_aggregate_r2,223,1341846655.310175,1,149,4033,434,164,4.004022,0.017824,0.166943,464,13,29,125,0,0,,19,10,,,,,,,,,0,0,0,0,0,0,0,0,,,,,,,,5,0
wrpy_score_v5_aggregate_r2,225,1341846655.374134,1,147,3931,434,155,4.083280,0.027355,0.151559,528,21,22,97,0,0,,33,10,,,,,,,,,0,0,0,0,0,0,0,0,,,,,,,,3,0
wrpy_score_v5_aggregate_r2,226,1341846655.410207,1,148,3966,430,182,4.109050,0.025770,0.158630,410,15,25,132,6,12,66,113,113,,,,,,,,,0,0,12,0,12,6,0,0,0,0,0,0,6,6,6,14,0
wrpy_score_v5_aggregate_r2,227,1341846655.442262,1,149,4083,432,173,4.128122,0.019072,0.139554,491,23,44,71,0,0,,67,20,,,,,,,,,0,0,0,0,0,0,0,0,,,,,,,,12,0
wrpy_score_v5_aggregate_r2,228,1341846655.474205,1,150,4135,496,209,4.160566,0.032444,0.144544,475,31,16,103,1,7,1,63,37,,,,,,,,,0,5,5,7,7,1,0,0,0,0,0,0,1,1,1,12,0
wrpy_score_v5_aggregate_r2,231,1341846655.578132,1,151,3979,464,193,4.258837,0.026763,0.185758,421,3,6,212,1,0,9,101,94,,,,,,,,,0,0,0,0,0,1,0,0,0,0,0,0,1,1,1,53,0
wrpy_score_v5_aggregate_r2,232,1341846655.610085,1,152,4012,448,172,4.281701,0.022865,0.203109,422,2,12,220,2,0,39,79,73,,,,,,,,,0,0,0,0,0,2,0,0,0,0,0,0,2,2,2,51,0
wrpy_score_v5_aggregate_r2,233,1341846655.642348,1,153,4073,496,218,4.292676,0.010974,0.173320,442,8,14,161,10,11,24,49,46,1,1,1,1,1,1,1,1,0,2,11,2,11,10,2,2,1,1,0,1,11,10,10,38,1
wrpy_score_v5_aggregate_r2,234,1341846655.678110,1,154,4087,454,219,4.347081,0.054405,0.188919,468,4,21,185,0,0,,48,39,,,,,,,,,0,0,0,0,0,0,0,0,,,,,,,,14,0
wrpy_score_v5_aggregate_r2,236,1341846655.748050,1,154,4032,372,167,4.431632,0.024054,0.138454,602,5,45,108,2,2,21,45,36,,,,,,,,,0,1,1,2,2,2,0,0,0,0,0,0,2,2,2,6,0
wrpy_score_v5_aggregate_r2,237,1341846655.778076,1,155,4066,447,223,4.464288,0.032657,0.141520,545,4,32,110,2,4,20,34,29,0,1,1,1,0,0,0,1,1,4,2,4,4,2,1,1,0,0,0,1,3,2,2,6,1
wrpy_score_v5_aggregate_r2,238,1341846655.810222,1,156,4123,450,235,4.488537,0.024248,0.153965,567,17,35,126,4,0,18,26,22,,,,,,,,,0,0,0,0,0,4,0,0,0,0,0,0,4,4,4,6,0
wrpy_score_v5_aggregate_r2,239,1341846655.846257,1,157,4140,448,204,4.540427,0.051890,0.146914,581,29,58,123,8,12,26,72,67,1,1,1,1,1,1,1,1,1,7,10,9,12,8,1,1,1,1,0,1,9,8,8,30,1
wrpy_score_v5_aggregate_r2,240,1341846655.910355,1,158,4050,377,144,4.607545,0.067118,0.156003,571,29,39,142,11,50,46,84,63,6,8,8,8,7,7,7,8,13,50,30,49,50,11,14,14,6,7,1,8,19,11,11,55,8
wrpy_score_v5_aggregate_r2,241,1341846655.946240,1,159,4129,410,175,4.642367,0.034821,0.162868,594,31,48,144,4,40,36,71,69,4,7,7,7,5,5,5,7,11,37,34,38,40,4,11,14,4,5,1,7,11,4,4,55,7
wrpy_score_v5_aggregate_r2,242,1341846655.978412,1,160,4193,428,162,4.691258,0.048891,0.167093,507,0,4,206,2,0,3,60,60,,,,,,,,,0,0,0,0,0,2,0,0,0,0,0,0,2,2,2,45,0
wrpy_score_v5_aggregate_r2,243,1341846656.014188,1,161,4176,473,158,4.711743,0.020486,0.180550,518,0,0,212,4,3,19,42,42,,,,,,,,,0,1,3,3,3,4,0,0,0,0,0,0,4,4,4,44,0
wrpy_score_v5_aggregate_r2,245,1341846656.078165,1,162,4058,394,173,4.765337,0.026359,0.172292,471,1,3,226,3,5,22,78,71,,,,,,,,,0,5,1,5,5,3,0,0,0,0,0,0,3,3,3,24,0
wrpy_score_v5_aggregate_r2,246,1341846656.114220,1,163,4097,400,196,4.781247,0.015910,0.184867,463,0,1,242,0,0,,49,43,,,,,,,,,0,0,0,0,0,0,0,0,,,,,,,,39,0
wrpy_score_v5_aggregate_r2,247,1341846656.146158,1,164,4148,405,201,4.796309,0.015062,0.199652,442,1,1,288,3,1,19,29,29,,,,,,,,,0,1,1,1,1,3,0,0,0,0,0,0,3,3,3,16,0
wrpy_score_v5_aggregate_r2,248,1341846656.178154,1,165,4156,403,208,4.806381,0.010073,0.169466,494,2,17,221,3,1,13,28,28,,,,,,,,,0,0,1,0,1,3,0,0,0,0,0,0,3,3,3,18,0
wrpy_score_v5_aggregate_r2,250,1341846656.246093,1,166,4025,364,187,4.862350,0.015919,0.190036,471,0,0,231,0,0,,20,20,,,,,,,,,0,0,0,0,0,0,0,0,,,,,,,,10,0
wrpy_score_v5_aggregate_r2,251,1341846656.282181,1,167,4042,394,223,4.874383,0.012033,0.161735,468,0,4,196,0,0,,22,22,,,,,,,,,0,0,0,0,0,0,0,0,,,,,,,,12,0
wrpy_score_v5_aggregate_r2,252,1341846656.314258,1,168,4061,383,226,4.886516,0.012133,0.171794,475,0,11,200,0,0,,17,17,,,,,,,,,0,0,0,0,0,0,0,0,,,,,,,,11,0
wrpy_score_v5_aggregate_r2,253,1341846656.346094,1,169,4083,379,221,4.900074,0.013558,0.181683,498,0,0,225,0,0,,7,7,,,,,,,,,0,0,0,0,0,0,0,0,,,,,,,,2,0
wrpy_score_v5_aggregate_r2,255,1341846656.414253,1,167,4002,304,139,4.972974,0.048644,0.157604,536,0,13,197,2,0,30,68,66,,,,,,,,,0,0,0,0,0,2,0,0,0,0,0,0,2,2,2,35,0
wrpy_score_v5_aggregate_r2,256,1341846656.446177,1,168,4089,347,196,5.026599,0.053625,0.165407,540,0,2,215,,,,,,,,,,,,,,,,,,,,,,,,,,,,,,
wrpy_score_v5_aggregate_r2,257,1341846656.482260,1,169,4145,330,179,5.045045,0.018446,0.142806,557,0,29,196,,,,,,,,,,,,,,,,,,,,,,,,,,,,,,
wrpy_score_v5_aggregate_r2,258,1341846656.519461,1,170,4134,348,209,5.061624,0.016579,0.152676,587,1,3,216,,,,,,,,,,,,,,,,,,,,,,,,,,,,,,
wrpy_score_v5_aggregate_r2,260,1341846656.582247,1,170,4029,329,187,5.115024,0.012624,0.139909,535,0,10,190,,,,,,,,,,,,,,,,,,,,,,,,,,,,,,
wrpy_score_v5_aggregate_r2,261,1341846656.614195,1,171,4039,315,180,5.129090,0.014067,0.150143,540,0,2,223,,,,,,,,,,,,,,,,,,,,,,,,,,,,,,
wrpy_score_v5_aggregate_r2,262,1341846656.649995,1,172,4051,312,189,5.137628,0.008537,0.159206,526,0,0,220,,,,,,,,,,,,,,,,,,,,,,,,,,,,,,
wrpy_score_v5_aggregate_r2,263,1341846656.682076,1,173,4054,333,194,5.158346,0.020719,0.132181,595,2,22,172,,,,,,,,,,,,,,,,,,,,,,,,,,,,,,
wrpy_score_v5_aggregate_r2,265,1341846656.749974,1,172,4014,308,190,5.185482,0.010573,0.154671,633,0,0,205,,,,,,,,,,,,,,,,,,,,,,,,,,,,,,
wrpy_score_v5_aggregate_r2,266,1341846656.782653,1,173,4025,332,201,5.200804,0.015323,0.130817,613,1,15,184,,,,,,,,,,,,,,,,,,,,,,,,,,,,,,
wrpy_score_v5_aggregate_r2,267,1341846656.824388,1,174,4053,324,214,5.216352,0.015547,0.141126,640,0,0,207,,,,,,,,,,,,,,,,,,,,,,,,,,,,,,
wrpy_score_v5_aggregate_r2,268,1341846656.856226,1,175,4060,315,191,5.239715,0.023364,0.153151,569,0,0,211,,,,,,,,,,,,,,,,,,,,,,,,,,,,,,
wrpy_score_v5_aggregate_r2,269,1341846656.892050,1,174,3990,315,197,5.253392,0.013677,0.129014,602,0,0,188,,,,,,,,,,,,,,,,,,,,,,,,,,,,,,
wrpy_score_v5_aggregate_r2,270,1341846656.924099,1,175,4001,324,198,5.259446,0.006054,0.140589,611,0,0,196,,,,,,,,,,,,,,,,,,,,,,,,,,,,,,
wrpy_score_v5_aggregate_r2,271,1341846656.956112,1,176,4061,291,167,5.283223,0.023777,0.150329,668,0,0,219,,,,,,,,,,,,,,,,,,,,,,,,,,,,,,
wrpy_score_v5_aggregate_r2,272,1341846656.992122,1,177,4091,335,200,5.299247,0.016025,0.127445,638,1,0,186,,,,,,,,,,,,,,,,,,,,,,,,,,,,,,
wrpy_score_v5_aggregate_r2,273,1341846657.024108,1,177,4048,326,204,5.314142,0.014895,0.140928,611,0,0,202,,,,,,,,,,,,,,,,,,,,,,,,,,,,,,
wrpy_score_v5_aggregate_r2,274,1341846657.056121,1,178,4079,315,147,5.340338,0.026195,0.151146,604,0,7,223,,,,,,,,,,,,,,,,,,,,,,,,,,,,,,
wrpy_score_v5_aggregate_r2,275,1341846657.092006,1,179,4145,320,148,5.382220,0.041882,0.121309,618,3,26,206,14,3,75,93,93,,,,,,,,,0,1,2,1,3,14,0,0,0,0,0,0,14,14,14,66,0
wrpy_score_v5_aggregate_r2,276,1341846657.124027,1,180,4237,345,156,5.386282,0.004062,0.133291,590,3,5,197,13,2,44,78,78,,,,,,,,,0,0,2,1,2,13,0,0,0,0,0,0,13,13,13,67,0
wrpy_score_v5_aggregate_r2,277,1341846657.155973,1,180,4283,281,121,5.401469,0.015188,0.143770,571,1,3,223,2,0,9,33,33,,,,,,,,,0,0,0,0,0,2,0,0,0,0,0,0,2,2,2,28,0
wrpy_score_v5_aggregate_r2,278,1341846657.192094,1,181,4345,294,126,5.406015,0.004546,0.256084,533,7,42,297,7,0,11,25,25,,,,,,,,,0,0,0,0,0,7,0,0,0,0,0,0,7,7,7,33,0
wrpy_score_v5_aggregate_r2,279,1341846657.224195,1,182,4374,319,165,5.421476,0.015461,0.254046,498,8,32,344,,,,,,,,,,,,,,,,,,,,,,,,,,,,,,
wrpy_score_v5_aggregate_r2,280,1341846657.292164,1,183,4374,288,139,5.428471,0.006995,0.250934,494,6,37,311,1,0,17,17,17,,,,,,,,,0,0,0,0,0,1,0,0,0,0,0,0,1,1,1,14,0
wrpy_score_v5_aggregate_r2,281,1341846657.321288,1,182,4332,315,128,5.450477,0.022007,0.238747,483,6,46,336,,,,,,,,,,,,,,,,,,,,,,,,,,,,,,
wrpy_score_v5_aggregate_r2,282,1341846657.354367,1,183,4374,316,126,5.451795,0.001318,0.226566,430,2,34,349,0,0,,11,11,,,,,,,,,0,0,0,0,0,0,0,0,,,,,,,,1,0
wrpy_score_v5_aggregate_r2,283,1341846657.386193,1,184,4414,318,114,5.458443,0.006648,0.229261,463,10,43,317,1,0,4,9,6,,,,,,,,,0,0,0,0,0,1,0,0,0,0,0,0,1,1,1,8,0
wrpy_score_v5_aggregate_r2,284,1341846657.418105,1,185,4460,345,116,5.476592,0.018149,0.217572,518,3,48,277,6,0,9,16,2,,,,,,,,,0,0,0,0,0,6,0,0,0,0,0,0,6,6,6,1,0
wrpy_score_v5_aggregate_r2,285,1341846657.454277,1,184,4387,348,118,5.507719,0.031126,0.221367,445,8,23,316,0,0,,25,10,,,,,,,,,0,0,0,0,0,0,0,0,,,,,,,,5,0
wrpy_score_v5_aggregate_r2,286,1341846657.486117,1,185,4459,350,98,5.535492,0.027773,0.238802,431,7,27,324,0,0,,22,13,,,,,,,,,0,0,0,0,0,0,0,0,,,,,,,,5,0
wrpy_score_v5_aggregate_r2,287,1341846657.522092,1,186,4521,381,125,5.549014,0.013522,0.257747,464,14,37,320,2,3,3,16,1,,,,,,,,,0,3,3,3,3,2,0,0,0,0,0,0,2,2,2,3,0
wrpy_score_v5_aggregate_r2,288,1341846657.554062,1,187,4573,417,129,5.576785,0.027771,0.248242,428,9,17,340,0,0,,21,14,,,,,,,,,0,0,0,0,0,0,0,0,,,,,,,,4,0
wrpy_score_v5_aggregate_r2,289,1341846657.586078,1,187,4481,419,124,5.610871,0.034086,0.231768,471,14,15,275,0,0,,53,33,,,,,,,,,0,0,0,0,0,0,0,0,,,,,,,,45,0
wrpy_score_v5_aggregate_r2,290,1341846657.622205,1,188,4558,460,149,5.648716,0.037846,0.185485,524,31,42,238,5,0,24,81,44,,,,,,,,,0,0,0,0,0,5,0,0,0,0,0,0,5,5,5,35,0
wrpy_score_v5_aggregate_r2,291,1341846657.654161,1,189,4631,507,180,5.676900,0.028183,0.194645,454,13,33,281,1,0,30,71,62,,,,,,,,,0,0,0,0,0,1,0,0,0,0,0,0,1,1,1,44,0
wrpy_score_v5_aggregate_r2,292,1341846657.686517,1,190,4670,482,117,5.701008,0.024109,0.199723,456,18,35,275,2,1,22,48,46,,,,,,,,,0,0,1,1,1,2,0,0,0,0,0,0,2,2,2,75,0
wrpy_score_v5_aggregate_r2,293,1341846657.722061,1,188,4521,470,143,5.737441,0.036433,0.192565,477,20,43,272,4,3,27,50,49,,,,,,,,,0,3,1,3,3,4,0,0,0,0,0,0,4,4,4,26,0
wrpy_score_v5_aggregate_r2,294,1341846657.754104,1,189,4537,481,143,5.768438,0.030997,0.189121,431,23,35,261,0,0,,50,39,,,,,,,,,0,0,0,0,0,0,0,0,,,,,,,,19,0
wrpy_score_v5_aggregate_r2,295,1341846657.790066,1,190,4554,476,92,5.784863,0.016424,0.188652,450,17,32,227,1,1,5,21,18,,,,,,,,,0,0,1,1,1,1,0,0,0,0,0,0,1,1,1,21,0
wrpy_score_v5_aggregate_r2,296,1341846657.822089,1,191,4601,496,117,5.831053,0.046191,0.158105,457,7,13,242,0,0,,33,20,,,,,,,,,0,0,0,0,0,0,0,0,,,,,,,,5,0
wrpy_score_v5_aggregate_r2,298,1341846657.889993,1,192,4521,524,134,5.897435,0.019083,0.158880,504,7,10,166,0,0,,16,0,,,,,,,,,0,0,0,0,0,0,0,0,,,,,,,,2,0
wrpy_score_v5_aggregate_r2,299,1341846657.922046,1,193,4710,555,186,5.949484,0.052049,0.000000,647,0,0,0,0,0,,33,1,,,,,,,,,0,0,0,0,0,0,0,0,,,,,,,,1,0
wrpy_score_v5_aggregate_r2,300,1341846657.954192,1,194,4810,577,187,5.975443,0.025959,0.000000,608,0,0,0,1,0,4,23,,,,,,,,,,0,0,0,0,0,1,0,0,0,0,0,0,1,1,1,,0
wrpy_score_v5_aggregate_r2,301,1341846657.990141,1,195,4892,617,208,5.994314,0.018871,0.000000,629,0,0,0,0,0,,37,4,,,,,,,,,0,0,0,0,0,0,0,0,,,,,,,,1,0
wrpy_score_v5_aggregate_r2,311,1341846658.326239,1,195,4648,582,188,6.338038,0.032320,0.000000,551,0,0,0,0,0,,22,,,,,,,,,,0,0,0,0,0,0,0,0,,,,,,,,,0
wrpy_score_v5_aggregate_r2,312,1341846658.358248,1,196,4472,564,211,6.368747,0.030709,0.000000,518,0,0,0,0,0,,20,,,,,,,,,,0,0,0,0,0,0,0,0,,,,,,,,,0
wrpy_score_v5_aggregate_r2,313,1341846658.390215,1,197,4552,607,250,6.387213,0.018466,0.000000,551,0,0,0,0,0,,22,,,,,,,,,,0,0,0,0,0,0,0,0,,,,,,,,,0
wrpy_score_v5_aggregate_r2,314,1341846658.426300,1,198,4598,624,263,6.405078,0.017864,0.000000,566,0,0,0,0,0,,15,0,,,,,,,,,0,0,0,0,0,0,0,0,,,,,,,,2,0
wrpy_score_v5_aggregate_r2,316,1341846658.494176,1,196,4477,572,226,6.525749,0.042039,0.000000,562,0,0,0,1,3,1,22,1,,,,,,,,,0,0,3,3,3,1,0,0,0,0,0,0,1,1,1,1,0
wrpy_score_v5_aggregate_r2,317,1341846658.526214,1,197,4549,597,265,6.536677,0.010928,0.000000,597,0,0,0,0,0,,15,,,,,,,,,,0,0,0,0,0,0,0,0,,,,,,,,,0
wrpy_score_v5_aggregate_r2,318,1341846658.558129,1,198,4675,598,193,6.554698,0.018021,0.000000,622,0,0,0,0,0,,6,,,,,,,,,,0,0,0,0,0,0,0,0,,,,,,,,,0
wrpy_score_v5_aggregate_r2,319,1341846658.594206,1,199,4855,550,134,6.572848,0.018150,0.000000,727,0,0,0,,,,,,,,,,,,,,,,,,,,,,,,,,,,,,
wrpy_score_v5_aggregate_r2,322,1341846658.694141,1,198,4878,600,193,6.647137,0.018009,0.000000,821,0,0,0,0,0,,9,,,,,,,,,,0,0,0,0,0,0,0,0,,,,,,,,,0
wrpy_score_v5_aggregate_r2,323,1341846658.726153,1,199,5026,669,235,6.681394,0.034257,0.000000,865,0,0,0,0,0,,1,,,,,,,,,,0,0,0,0,0,0,0,0,,,,,,,,,0
wrpy_score_v5_aggregate_r2,324,1341846658.762100,1,200,5044,746,306,6.703038,0.021643,0.000000,897,0,0,0,0,0,,1,,,,,,,,,,0,0,0,0,0,0,0,0,,,,,,,,,0
wrpy_score_v5_aggregate_r2,325,1341846658.794185,1,201,5046,730,313,6.740232,0.037195,0.000000,904,0,0,0,,,,,,,,,,,,,,,,,,,,,,,,,,,,,,
wrpy_score_v5_aggregate_r2,328,1341846658.894170,1,200,4931,698,305,6.873648,0.048339,0.000000,925,0,0,0,,,,,,,,,,,,,,,,,,,,,,,,,,,,,,
wrpy_score_v5_aggregate_r2,329,1341846658.926149,1,201,5071,730,354,6.893823,0.020175,0.000000,950,0,0,0,,,,,,,,,,,,,,,,,,,,,,,,,,,,,,
wrpy_score_v5_aggregate_r2,330,1341846658.962404,1,202,5165,783,429,6.930652,0.036829,0.000000,931,0,0,0,0,0,,3,,,,,,,,,,0,0,0,0,0,0,0,0,,,,,,,,,0
wrpy_score_v5_aggregate_r2,331,1341846658.994217,1,203,5151,823,457,6.943887,0.013235,0.000000,951,0,0,0,,,,,,,,,,,,,,,,,,,,,,,,,,,,,,
wrpy_score_v5_aggregate_r2,363,1341846660.066206,1,199,4900,697,340,7.433628,0.024437,0.000000,910,0,0,0,0,0,,31,,,,,,,,,,0,0,0,0,0,0,0,0,,,,,,,,,0
wrpy_score_v5_aggregate_r2,364,1341846660.102245,1,200,4870,781,448,7.453739,0.020111,0.000000,942,0,0,0,0,0,,5,,,,,,,,,,0,0,0,0,0,0,0,0,,,,,,,,,0
wrpy_score_v5_aggregate_r2,365,1341846660.140244,1,201,4973,827,521,7.456616,0.002876,0.000000,886,0,0,0,0,0,,10,,,,,,,,,,0,0,0,0,0,0,0,0,,,,,,,,,0
wrpy_score_v5_aggregate_r2,366,1341846660.167903,1,202,4992,802,464,7.481847,0.025231,0.000000,869,0,0,0,0,0,,9,,,,,,,,,,0,0,0,0,0,0,0,0,,,,,,,,,0
wrpy_score_v5_aggregate_r2,369,1341846660.270168,1,199,4812,653,254,7.522378,0.022737,0.005111,863,0,1,11,0,0,,29,,,,,,,,,,0,0,0,0,0,0,0,0,,,,,,,,,0
wrpy_score_v5_aggregate_r2,370,1341846660.302258,1,200,4935,695,274,7.525812,0.003434,0.005335,908,0,2,15,0,0,,15,,,,,,,,,,0,0,0,0,0,0,0,0,,,,,,,,,0
wrpy_score_v5_aggregate_r2,371,1341846660.334349,1,201,5027,743,379,7.541619,0.015806,0.000000,921,0,0,0,0,0,,4,,,,,,,,,,0,0,0,0,0,0,0,0,,,,,,,,,0
wrpy_score_v5_aggregate_r2,372,1341846660.370214,1,202,5000,748,429,7.547093,0.005474,0.000000,872,0,0,0,,,,,,,,,,,,,,,,,,,,,,,,,,,,,,
wrpy_score_v5_aggregate_r2,385,1341846660.806117,1,198,4684,634,324,7.789037,0.024347,0.009762,741,1,0,33,0,0,,17,,,,,,,,,,0,0,0,0,0,0,0,0,,,,,,,,,0
wrpy_score_v5_aggregate_r2,386,1341846660.838338,1,199,4668,617,331,7.806030,0.016993,0.007038,750,1,1,29,0,0,,1,,,,,,,,,,0,0,0,0,0,0,0,0,,,,,,,,,0
wrpy_score_v5_aggregate_r2,387,1341846660.870203,1,200,4760,642,348,7.826098,0.020069,0.009759,703,2,0,33,0,0,,11,,,,,,,,,,0,0,0,0,0,0,0,0,,,,,,,,,0
wrpy_score_v5_aggregate_r2,388,1341846660.906366,1,201,4769,684,326,7.831246,0.005147,0.012253,681,1,0,36,0,0,,3,,,,,,,,,,0,0,0,0,0,0,0,0,,,,,,,,,0
wrpy_score_v5_aggregate_r2,393,1341846661.074059,1,197,4522,491,213,7.962477,0.024023,0.006051,549,1,0,23,,,,,,,,,,,,,,,,,,,,,,,,,,,,,,
wrpy_score_v5_aggregate_r2,394,1341846661.106184,1,198,4491,564,317,7.979141,0.016664,0.009753,540,0,3,19,,,,,,,,,,,,,,,,,,,,,,,,,,,,,,
wrpy_score_v5_aggregate_r2,395,1341846661.138209,1,199,4530,585,340,7.995722,0.016581,0.005915,498,0,0,8,,,,,,,,,,,,,,,,,,,,,,,,,,,,,,
wrpy_score_v5_aggregate_r2,396,1341846661.174244,1,200,4509,566,335,8.017213,0.021491,0.007467,428,2,0,20,,,,,,,,,,,,,,,,,,,,,,,,,,,,,,
wrpy_score_v5_aggregate_r2,407,1341846661.542767,1,199,4354,416,227,8.199730,0.028558,0.176357,380,1,6,208,,,,,,,,,,,,,,,,,,,,,,,,,,,,,,
wrpy_score_v5_aggregate_r2,408,1341846661.574217,1,200,4364,455,268,8.233885,0.034155,0.188994,362,3,6,194,,,,,,,,,,,,,,,,,,,,,,,,,,,,,,
wrpy_score_v5_aggregate_r2,409,1341846661.610041,1,201,4419,455,271,8.250126,0.016241,0.191198,394,10,9,210,0,0,,4,,,,,,,,,,0,0,0,0,0,0,0,0,,,,,,,,,0
wrpy_score_v5_aggregate_r2,410,1341846661.642253,1,202,4417,447,263,8.279496,0.029370,0.205514,339,12,14,267,,,,,,,,,,,,,,,,,,,,,,,,,,,,,,
wrpy_score_v5_aggregate_r2,413,1341846661.742341,1,198,4317,353,159,8.339884,0.010382,0.230615,352,11,19,312,,,,,,,,,,,,,,,,,,,,,,,,,,,,,,
wrpy_score_v5_aggregate_r2,414,1341846661.778063,1,199,4339,372,193,8.356074,0.016191,0.234570,321,3,17,323,,,,,,,,,,,,,,,,,,,,,,,,,,,,,,
wrpy_score_v5_aggregate_r2,415,1341846661.810103,1,200,4365,345,195,8.364745,0.008671,0.238587,307,6,6,302,,,,,,,,,,,,,,,,,,,,,,,,,,,,,,
wrpy_score_v5_aggregate_r2,416,1341846661.842216,1,201,4404,389,207,8.373174,0.008428,0.145892,367,17,32,189,,,,,,,,,,,,,,,,,,,,,,,,,,,,,,
wrpy_score_v5_aggregate_r2,418,1341846661.910222,1,201,4337,349,182,8.387866,0.004713,0.160645,290,14,27,207,,,,,,,,,,,,,,,,,,,,,,,,,,,,,,
wrpy_score_v5_aggregate_r2,419,1341846661.946090,1,202,4371,353,189,8.396069,0.008204,0.136507,288,7,27,194,,,,,,,,,,,,,,,,,,,,,,,,,,,,,,
wrpy_score_v5_aggregate_r2,420,1341846661.978208,1,203,4411,298,154,8.400772,0.004703,0.145859,295,3,16,211,,,,,,,,,,,,,,,,,,,,,,,,,,,,,,
wrpy_score_v5_aggregate_r2,421,1341846662.010311,1,204,4425,299,140,8.408275,0.007503,0.149886,303,8,26,202,,,,,,,,,,,,,,,,,,,,,,,,,,,,,,
wrpy_score_v5_aggregate_r2,422,1341846662.046195,1,204,4392,288,152,8.417879,0.009604,0.117500,366,2,31,148,,,,,,,,,,,,,,,,,,,,,,,,,,,,,,
wrpy_score_v5_aggregate_r2,423,1341846662.078099,1,205,4390,266,145,8.418760,0.000881,0.124121,277,8,11,178,,,,,,,,,,,,,,,,,,,,,,,,,,,,,,
wrpy_score_v5_aggregate_r2,424,1341846662.110672,1,206,4402,281,144,8.420988,0.002227,0.145221,254,8,5,179,,,,,,,,,,,,,,,,,,,,,,,,,,,,,,
wrpy_score_v5_aggregate_r2,425,1341846662.146166,1,207,4407,265,140,8.424569,0.003581,0.108060,284,0,3,139,,,,,,,,,,,,,,,,,,,,,,,,,,,,,,
wrpy_score_v5_aggregate_r2,426,1341846662.178168,1,207,4369,246,126,8.439219,0.014650,0.114391,255,4,6,164,,,,,,,,,,,,,,,,,,,,,,,,,,,,,,
wrpy_score_v5_aggregate_r2,427,1341846662.214136,1,208,4382,240,99,8.448130,0.008911,0.120739,258,17,11,136,,,,,,,,,,,,,,,,,,,,,,,,,,,,,,
wrpy_score_v5_aggregate_r2,428,1341846662.246167,1,209,4400,259,148,8.456579,0.008449,0.092575,295,4,6,105,,,,,,,,,,,,,,,,,,,,,,,,,,,,,,
wrpy_score_v5_aggregate_r2,429,1341846662.278007,1,210,4400,250,127,8.469855,0.013276,0.090033,233,3,8,117,,,,,,,,,,,,,,,,,,,,,,,,,,,,,,
wrpy_score_v5_aggregate_r2,430,1341846662.314144,1,211,4350,238,117,8.492360,0.022505,0.087777,251,0,10,100,,,,,,,,,,,,,,,,,,,,,,,,,,,,,,
wrpy_score_v5_aggregate_r2,431,1341846662.346164,1,212,4335,249,126,8.500055,0.007695,0.088717,227,7,15,87,,,,,,,,,,,,,,,,,,,,,,,,,,,,,,
wrpy_score_v5_aggregate_r2,432,1341846662.378069,1,213,4350,245,117,8.502488,0.002432,0.085583,202,1,1,98,,,,,,,,,,,,,,,,,,,,,,,,,,,,,,
wrpy_score_v5_aggregate_r2,433,1341846662.414229,1,214,4345,259,114,8.504262,0.001774,0.085163,229,8,4,102,,,,,,,,,,,,,,,,,,,,,,,,,,,,,,
wrpy_score_v5_aggregate_r2,434,1341846662.446102,1,215,4311,232,123,8.515234,0.010972,0.071016,250,7,6,74,,,,,,,,,,,,,,,,,,,,,,,,,,,,,,
wrpy_score_v5_aggregate_r2,435,1341846662.482229,1,216,4337,209,94,8.518746,0.003512,0.066589,277,0,10,75,,,,,,,,,,,,,,,,,,,,,,,,,,,,,,
wrpy_score_v5_aggregate_r2,436,1341846662.514117,1,217,4368,199,104,8.520094,0.001348,0.064238,269,2,1,59,,,,,,,,,,,,,,,,,,,,,,,,,,,,,,
wrpy_score_v5_aggregate_r2,437,1341846662.546261,1,218,4390,215,115,8.520252,0.000158,0.060732,225,2,8,90,,,,,,,,,,,,,,,,,,,,,,,,,,,,,,
wrpy_score_v5_aggregate_r2,438,1341846662.582101,1,219,4363,220,127,8.533461,0.013208,0.059964,240,3,11,71,,,,,,,,,,,,,,,,,,,,,,,,,,,,,,
wrpy_score_v5_aggregate_r2,439,1341846662.620264,1,220,4381,219,138,8.536640,0.003179,0.064219,240,11,5,65,,,,,,,,,,,,,,,,,,,,,,,,,,,,,,
wrpy_score_v5_aggregate_r2,440,1341846662.650174,1,221,4406,220,138,8.539910,0.003270,0.057331,258,7,10,57,,,,,,,,,,,,,,,,,,,,,,,,,,,,,,
wrpy_score_v5_aggregate_r2,441,1341846662.682024,1,222,4408,241,151,8.546201,0.006292,0.049382,228,5,20,45,,,,,,,,,,,,,,,,,,,,,,,,,,,,,,
wrpy_score_v5_aggregate_r2,443,1341846662.750127,1,223,4376,203,119,8.559175,0.001607,0.050254,226,2,9,44,,,,,,,,,,,,,,,,,,,,,,,,,,,,,,
wrpy_score_v5_aggregate_r2,444,1341846662.782002,1,224,4398,214,142,8.561384,0.002209,0.040872,234,2,8,29,,,,,,,,,,,,,,,,,,,,,,,,,,,,,,
wrpy_score_v5_aggregate_r2,445,1341846662.814097,1,225,4447,218,143,8.561812,0.000428,0.042969,197,2,7,27,,,,,,,,,,,,,,,,,,,,,,,,,,,,,,
wrpy_score_v5_aggregate_r2,446,1341846662.850193,1,226,4462,229,160,8.572019,0.010207,0.047826,234,2,7,29,,,,,,,,,,,,,,,,,,,,,,,,,,,,,,
wrpy_score_v5_aggregate_r2,461,1341846663.350114,1,226,4427,228,107,8.665893,0.006043,0.000000,234,0,0,0,,,,,,,,,,,,,,,,,,,,,,,,,,,,,,
wrpy_score_v5_aggregate_r2,462,1341846663.385985,1,227,4385,264,162,8.675194,0.009301,0.000000,254,0,0,0,,,,,,,,,,,,,,,,,,,,,,,,,,,,,,
wrpy_score_v5_aggregate_r2,463,1341846663.418056,1,228,4414,264,168,8.680568,0.005373,0.009518,250,0,0,2,,,,,,,,,,,,,,,,,,,,,,,,,,,,,,
wrpy_score_v5_aggregate_r2,464,1341846663.454044,1,229,4406,281,180,8.687253,0.006685,0.008659,253,0,0,3,,,,,,,,,,,,,,,,,,,,,,,,,,,,,,
wrpy_score_v5_aggregate_r2,472,1341846663.722109,1,228,4348,340,208,8.763249,0.011890,0.000000,258,0,0,0,,,,,,,,,,,,,,,,,,,,,,,,,,,,,,
wrpy_score_v5_aggregate_r2,473,1341846663.755694,1,229,4350,331,204,8.770468,0.007219,0.000000,230,0,0,0,,,,,,,,,,,,,,,,,,,,,,,,,,,,,,
wrpy_score_v5_aggregate_r2,474,1341846663.786304,1,230,4407,298,111,8.800748,0.030279,0.000000,286,0,0,0,,,,,,,,,,,,,,,,,,,,,,,,,,,,,,
wrpy_score_v5_aggregate_r2,475,1341846663.822090,1,231,4449,378,151,8.818609,0.017862,0.000000,342,0,0,0,,,,,,,,,,,,,,,,,,,,,,,,,,,,,,
wrpy_score_v5_aggregate_r2,477,1341846663.890140,1,228,4397,372,147,8.857709,0.027406,0.000000,343,0,0,0,0,0,,36,,,,,,,,,,0,0,0,0,0,0,0,0,,,,,,,,,0
wrpy_score_v5_aggregate_r2,478,1341846663.921987,1,229,4480,441,145,8.887984,0.030276,0.000000,444,0,0,0,0,0,,34,,,,,,,,,,0,0,0,0,0,0,0,0,,,,,,,,,0
wrpy_score_v5_aggregate_r2,479,1341846663.954282,1,230,4533,532,251,8.935926,0.047942,0.000000,465,0,0,0,,,,,,,,,,,,,,,,,,,,,,,,,,,,,,
wrpy_score_v5_aggregate_r2,480,1341846663.990370,1,231,4544,534,264,8.949847,0.013921,0.000000,462,0,0,0,,,,,,,,,,,,,,,,,,,,,,,,,,,,,,
wrpy_score_v5_aggregate_r2,523,1341846665.430162,1,227,4745,543,237,9.536742,0.030419,0.000000,957,0,0,0,0,0,,11,,,,,,,,,,0,0,0,0,0,0,0,0,,,,,,,,,0
wrpy_score_v5_aggregate_r2,524,1341846665.462226,1,228,5011,651,382,9.552523,0.015781,0.000000,976,0,0,0,,,,,,,,,,,,,,,,,,,,,,,,,,,,,,
wrpy_score_v5_aggregate_r2,525,1341846665.498226,1,229,5213,775,440,9.563410,0.010887,0.000000,963,0,0,0,,,,,,,,,,,,,,,,,,,,,,,,,,,,,,
wrpy_score_v5_aggregate_r2,526,1341846665.530109,1,230,5147,815,504,9.564963,0.001553,0.000000,962,0,0,0,,,,,,,,,,,,,,,,,,,,,,,,,,,,,,
wrpy_score_v5_aggregate_r2,535,1341846665.834237,1,225,4903,595,347,9.629412,0.005627,0.044014,895,0,5,67,0,0,,11,2,,,,,,,,,0,0,0,0,0,0,0,0,,,,,,,,1,0
wrpy_score_v5_aggregate_r2,536,1341846665.866106,1,226,5029,622,371,9.637983,0.008571,0.000000,935,0,0,0,0,0,,2,,,,,,,,,,0,0,0,0,0,0,0,0,,,,,,,,,0
wrpy_score_v5_aggregate_r2,537,1341846665.898073,1,227,5197,717,448,9.641177,0.003194,0.040488,901,11,6,86,0,0,,0,0,,,,,,,,,0,0,0,0,0,0,0,0,,,,,,,,1,0
wrpy_score_v5_aggregate_r2,538,1341846665.934076,1,228,5239,744,445,9.644786,0.003609,0.049707,866,8,5,101,,,,,,,,,,,,,,,,,,,,,,,,,,,,,,
wrpy_score_v5_aggregate_r2,544,1341846666.134147,1,226,4984,550,336,9.691410,0.011936,0.069222,824,3,7,156,0,0,,3,,,,,,,,,,0,0,0,0,0,0,0,0,,,,,,,,,0
wrpy_score_v5_aggregate_r2,547,1341846666.234319,1,227,5018,646,391,9.719292,0.012554,0.078115,785,4,16,170,0,0,,2,,,,,,,,,,0,0,0,0,0,0,0,0,,,,,,,,,0
wrpy_score_v5_aggregate_r2,548,1341846666.266322,1,228,5328,596,367,9.730148,0.010856,0.000000,915,0,0,0,,,,,,,,,,,,,,,,,,,,,,,,,,,,,,
wrpy_score_v5_aggregate_r2,549,1341846666.302195,1,229,5596,539,289,9.764456,0.034308,0.000000,908,0,0,0,,,,,,,,,,,,,,,,,,,,,,,,,,,,,,
wrpy_score_v5_aggregate_r2,552,1341846666.402019,1,222,5400,550,306,9.812746,0.010695,0.061647,766,26,34,174,,,,,,,,,,,,,,,,,,,,,,,,,,,,,,
wrpy_score_v5_aggregate_r2,553,1341846666.434088,1,223,5449,614,395,9.822793,0.010046,0.064958,781,19,22,185,,,,,,,,,,,,,,,,,,,,,,,,,,,,,,
wrpy_score_v5_aggregate_r2,554,1341846666.470060,1,224,5400,652,440,9.829386,0.006594,0.056084,739,20,22,182,,,,,,,,,,,,,,,,,,,,,,,,,,,,,,
wrpy_score_v5_aggregate_r2,555,1341846666.502190,1,225,5442,536,311,9.846827,0.017441,0.056732,677,19,28,217,,,,,,,,,,,,,,,,,,,,,,,,,,,,,,
wrpy_score_v5_aggregate_r2,557,1341846666.570131,1,225,5240,428,268,9.895198,0.014825,0.051755,647,11,19,199,,,,,,,,,,,,,,,,,,,,,,,,,,,,,,
wrpy_score_v5_aggregate_r2,559,1341846666.638072,1,226,5321,467,305,9.901097,0.003108,0.063506,612,3,28,272,,,,,,,,,,,,,,,,,,,,,,,,,,,,,,
wrpy_score_v5_aggregate_r2,561,1341846666.702075,1,227,5414,502,320,9.917481,0.008732,0.060651,645,5,20,279,,,,,,,,,,,,,,,,,,,,,,,,,,,,,,
wrpy_score_v5_aggregate_r2,563,1341846666.770390,1,228,5426,504,354,9.930317,0.008090,0.058503,600,9,18,265,,,,,,,,,,,,,,,,,,,,,,,,,,,,,,
wrpy_score_v5_aggregate_r2,568,1341846666.937989,1,228,5216,288,190,9.980730,0.005538,0.078340,465,4,42,331,,,,,,,,,,,,,,,,,,,,,,,,,,,,,,
wrpy_score_v5_aggregate_r2,571,1341846667.038153,1,229,5236,229,148,10.012444,0.012413,0.093109,368,3,35,350,,,,,,,,,,,,,,,,,,,,,,,,,,,,,,
wrpy_score_v5_aggregate_r2,572,1341846667.074153,1,230,5319,226,116,10.059534,0.047089,0.073125,353,0,59,222,3,15,1,2,1,,,,,,,,,0,15,0,15,15,3,0,0,0,0,0,0,3,3,3,2,0
wrpy_score_v5_aggregate_r2,573,1341846667.106156,1,231,5340,218,128,10.093929,0.034395,0.084271,348,6,40,323,,,,,,,,,,,,,,,,,,,,,,,,,,,,,,
wrpy_score_v5_aggregate_r2,574,1341846667.138108,1,232,5254,187,100,10.170371,0.076443,0.094756,382,5,64,337,6,0,0,0,0,,,,,,,,,0,0,0,0,0,6,0,0,0,0,0,0,6,6,6,93,0
wrpy_score_v5_aggregate_r2,575,1341846667.174105,1,233,5318,211,129,10.194666,0.024295,0.089147,341,13,40,372,0,0,,0,0,,,,,,,,,0,0,0,0,0,0,0,0,,,,,,,,94,0
wrpy_score_v5_aggregate_r2,576,1341846667.206107,1,234,5371,240,121,10.235727,0.041061,0.100010,343,13,51,437,1,0,0,0,0,,,,,,,,,0,0,0,0,0,1,0,0,0,0,0,0,1,1,1,146,0
wrpy_score_v5_aggregate_r2,577,1341846667.238075,1,235,5351,255,100,10.281202,0.045475,0.111491,276,4,14,446,0,0,,3,3,,,,,,,,,0,0,0,0,0,0,0,0,,,,,,,,104,0
wrpy_score_v5_aggregate_r2,578,1341846667.274016,1,236,5216,241,101,10.366785,0.085584,0.102852,320,21,20,376,4,3,2,3,3,0,1,1,1,0,0,0,1,1,2,3,3,3,4,1,1,0,0,0,1,5,4,4,209,1
wrpy_score_v5_aggregate_r2,579,1341846667.306189,1,237,5315,253,118,10.412269,0.045484,0.113740,353,16,20,368,3,0,0,3,3,,,,,,,,,0,0,0,0,0,3,0,0,0,0,0,0,3,3,3,186,0
wrpy_score_v5_aggregate_r2,580,1341846667.342253,1,238,5438,277,104,10.422298,0.010029,0.122803,406,13,34,399,3,27,0,0,0,,,,,,,,,0,27,0,27,27,3,0,0,0,0,0,0,3,3,3,67,0
wrpy_score_v5_aggregate_r2,581,1341846667.374345,1,239,5516,438,162,10.432363,0.010065,0.113369,557,22,54,407,2,0,0,0,0,,,,,,,,,0,0,0,0,0,2,0,0,0,0,0,0,2,2,2,26,0
wrpy_score_v5_aggregate_r2,583,1341846667.442109,1,240,5337,343,98,10.567258,0.026644,0.134401,478,21,43,439,0,27,,5,5,2,3,3,3,3,2,2,3,3,21,12,27,27,0,3,3,2,2,0,3,3,0,,67,3
wrpy_score_v5_aggregate_r2,584,1341846667.474109,1,241,5495,427,143,10.611601,0.044343,0.116110,614,29,60,369,6,10,0,0,0,,,,,,,,,0,10,0,10,10,6,0,0,0,0,0,0,6,6,6,55,0
wrpy_score_v5_aggregate_r2,585,1341846667.506006,1,242,5582,467,161,10.625550,0.013948,0.125833,572,43,48,413,0,0,,3,3,,,,,,,,,0,0,0,0,0,0,0,0,,,,,,,,25,0
wrpy_score_v5_aggregate_r2,586,1341846667.542298,1,243,5624,395,114,10.704934,0.079384,0.137168,491,20,31,437,1,15,1,5,5,0,1,1,1,0,0,0,1,2,12,11,15,15,1,2,2,0,0,0,1,2,1,1,144,1
wrpy_score_v5_aggregate_r2,588,1341846667.610099,1,244,5494,532,148,10.756195,0.015640,0.128330,675,16,31,292,0,0,,3,1,,,,,,,,,0,0,0,0,0,0,0,0,,,,,,,,18,0
wrpy_score_v5_aggregate_r2,589,1341846667.642293,1,245,5549,565,166,10.763675,0.007480,0.145876,654,28,31,323,0,0,,7,3,,,,,,,,,0,0,0,0,0,0,0,0,,,,,,,,12,0
wrpy_score_v5_aggregate_r2,590,1341846667.674072,1,246,5624,616,185,10.778040,0.014366,0.127090,740,16,45,230,2,2,1,5,3,,,,,,,,,0,2,2,0,2,2,0,0,0,0,0,0,2,2,2,10,0
wrpy_score_v5_aggregate_r2,591,1341846667.710179,1,247,5653,615,224,10.793605,0.015565,0.135039,655,6,13,278,1,0,0,1,1,,,,,,,,,0,0,0,0,0,1,0,0,0,0,0,0,1,1,1,15,0
wrpy_score_v5_aggregate_r2,592,1341846667.742255,1,248,5467,571,190,10.835938,0.042332,0.157256,614,18,22,362,1,0,0,1,0,,,,,,,,,0,0,0,0,0,1,0,0,0,0,0,0,1,1,1,10,0
wrpy_score_v5_aggregate_r2,593,1341846667.774114,1,249,5540,598,210,10.846029,0.010092,0.141006,697,36,46,270,0,0,,4,0,,,,,,,,,0,0,0,0,0,0,0,0,,,,,,,,1,0
wrpy_score_v5_aggregate_r2,594,1341846667.810099,1,250,5593,593,223,10.852794,0.006765,0.154258,668,23,38,294,0,0,,2,1,,,,,,,,,0,0,0,0,0,0,0,0,,,,,,,,2,0
wrpy_score_v5_aggregate_r2,595,1341846667.842103,1,251,5617,619,229,10.859079,0.006285,0.174320,619,22,24,348,0,0,,2,1,,,,,,,,,0,0,0,0,0,0,0,0,,,,,,,,2,0
wrpy_score_v5_aggregate_r2,599,1341846667.978287,1,252,5414,550,183,10.920416,0.022447,0.194678,637,25,30,334,0,0,,7,3,,,,,,,,,0,0,0,0,0,0,0,0,,,,,,,,1,0
wrpy_score_v5_aggregate_r2,600,1341846668.010215,1,253,5410,567,191,10.928953,0.008537,0.209792,609,13,24,361,0,0,,9,2,,,,,,,,,0,0,0,0,0,0,0,0,,,,,,,,3,0
wrpy_score_v5_aggregate_r2,601,1341846668.046247,1,254,5485,582,241,10.937002,0.008049,0.232275,627,8,22,357,1,10,0,0,0,,,,,,,,,0,2,10,10,10,1,0,0,0,0,0,0,1,1,1,6,0
wrpy_score_v5_aggregate_r2,602,1341846668.078111,1,255,5528,610,241,10.945015,0.008014,0.175537,715,13,42,240,0,0,,6,1,,,,,,,,,0,0,0,0,0,0,0,0,,,,,,,,10,0
wrpy_score_v5_aggregate_r2,605,1341846668.178208,1,254,5473,518,164,11.007495,0.028451,0.093411,776,13,42,174,0,0,,1,1,,,,,,,,,0,0,0,0,0,0,0,0,,,,,,,,10,0
wrpy_score_v5_aggregate_r2,606,1341846668.211262,1,255,5614,582,214,11.031479,0.023984,0.102360,809,17,31,139,0,0,,2,0,,,,,,,,,0,0,0,0,0,0,0,0,,,,,,,,2,0
wrpy_score_v5_aggregate_r2,607,1341846668.246163,1,256,5727,624,212,11.053534,0.022055,0.116279,754,10,17,161,0,0,,4,2,,,,,,,,,0,0,0,0,0,0,0,0,,,,,,,,5,0
wrpy_score_v5_aggregate_r2,608,1341846668.278397,1,257,5807,587,206,11.084455,0.030921,0.146009,803,10,46,111,4,0,1,3,0,,,,,,,,,0,0,0,0,0,4,0,0,0,0,0,0,4,4,4,5,0
wrpy_score_v5_aggregate_r2,610,1341846668.346231,1,258,5647,549,176,11.240401,0.070726,0.186501,734,9,50,120,1,1,0,8,,,,,,,,,,0,0,1,1,1,1,0,0,0,0,0,0,1,1,1,,0
wrpy_score_v5_aggregate_r2,611,1341846668.378099,1,259,5711,630,272,11.264592,0.024191,0.132305,789,11,23,49,1,5,2,5,,,,,,,,,,0,2,4,1,5,1,0,0,0,0,0,0,1,1,1,,0
wrpy_score_v5_aggregate_r2,612,1341846668.414247,1,260,5715,689,274,11.279256,0.014663,0.144307,767,6,15,69,0,0,,3,,,,,,,,,,0,0,0,0,0,0,0,0,,,,,,,,,0
wrpy_score_v5_aggregate_r2,613,1341846668.445965,1,261,5770,642,222,11.299562,0.020306,0.153581,741,0,13,78,,,,,,,,,,,,,,,,,,,,,,,,,,,,,,
wrpy_score_v5_aggregate_r2,614,1341846668.478153,1,258,5623,540,131,11.342272,0.042710,0.142327,746,8,25,63,,,,,,,,,,,,,,,,,,,,,,,,,,,,,,
wrpy_score_v5_aggregate_r2,615,1341846668.514213,1,259,5698,607,218,11.373263,0.030991,0.144268,782,8,16,58,0,0,,16,10,,,,,,,,,0,0,0,0,0,0,0,0,,,,,,,,2,0
wrpy_score_v5_aggregate_r2,616,1341846668.546115,1,260,5752,635,280,11.394416,0.021154,0.144557,745,2,8,69,0,0,,30,12,,,,,,,,,0,0,0,0,0,0,0,0,,,,,,,,1,0
wrpy_score_v5_aggregate_r2,617,1341846668.582467,1,261,5751,656,252,11.414034,0.019617,0.118496,776,17,16,22,0,0,,9,0,,,,,,,,,0,0,0,0,0,0,0,0,,,,,,,,1,0
wrpy_score_v5_aggregate_r2,618,1341846668.614140,1,259,5526,562,183,11.474379,0.060346,0.117555,722,17,12,29,1,0,10,36,,,,,,,,,,0,0,0,0,0,1,0,0,0,0,0,0,1,1,1,,0
wrpy_score_v5_aggregate_r2,619,1341846668.646312,1,260,5583,582,192,11.529028,0.054649,0.119639,716,13,17,42,2,0,41,91,59,,,,,,,,,0,0,0,0,0,2,0,0,0,0,0,0,2,2,2,2,0
wrpy_score_v5_aggregate_r2,620,1341846668.682455,1,261,5609,584,237,11.569950,0.040922,0.174697,583,9,12,74,0,0,,52,9,,,,,,,,,0,0,0,0,0,0,0,0,,,,,,,,1,0
wrpy_score_v5_aggregate_r2,621,1341846668.714133,1,262,5573,562,229,11.622135,0.052185,0.179801,581,9,17,75,0,0,,52,44,,,,,,,,,0,0,0,0,0,0,0,0,,,,,,,,5,0
wrpy_score_v5_aggregate_r2,623,1341846668.782338,1,263,5405,549,194,11.678196,0.022507,0.129645,517,4,12,51,0,0,,42,28,,,,,,,,,0,0,0,0,0,0,0,0,,,,,,,,4,0
wrpy_score_v5_aggregate_r2,624,1341846668.814140,1,264,5432,570,206,11.690290,0.012094,0.130439,492,14,15,47,0,0,,25,13,,,,,,,,,0,0,0,0,0,0,0,0,,,,,,,,1,0
wrpy_score_v5_aggregate_r2,625,1341846668.850214,1,265,5450,578,211,11.698186,0.007896,0.131344,476,8,14,59,0,0,,21,,,,,,,,,,0,0,0,0,0,0,0,0,,,,,,,,,0
wrpy_score_v5_aggregate_r2,626,1341846668.882442,1,266,5465,581,241,11.708683,0.010497,0.125120,507,6,10,37,0,0,,18,,,,,,,,,,0,0,0,0,0,0,0,0,,,,,,,,,0
wrpy_score_v5_aggregate_r2,629,1341846668.982227,1,264,5340,538,201,11.756152,0.032692,0.137054,503,8,6,92,0,0,,41,16,,,,,,,,,0,0,0,0,0,0,0,0,,,,,,,,4,0
wrpy_score_v5_aggregate_r2,630,1341846669.014062,1,265,5389,595,272,11.782747,0.026596,0.142790,515,3,0,99,0,0,,21,7,,,,,,,,,0,0,0,0,0,0,0,0,,,,,,,,1,0
wrpy_score_v5_aggregate_r2,631,1341846669.050056,1,266,5433,582,261,11.800392,0.017644,0.152546,515,7,3,108,0,0,,11,,,,,,,,,,0,0,0,0,0,0,0,0,,,,,,,,,0
wrpy_score_v5_aggregate_r2,632,1341846669.082525,1,267,5460,612,265,11.820269,0.019878,0.147848,551,7,10,100,0,0,,14,7,,,,,,,,,0,0,0,0,0,0,0,0,,,,,,,,1,0
wrpy_score_v5_aggregate_r2,643,1341846669.450219,1,265,5376,629,236,12.079457,0.035105,0.123451,707,2,3,109,0,0,,1,,,,,,,,,,0,0,0,0,0,0,0,0,,,,,,,,,0
wrpy_score_v5_aggregate_r2,644,1341846669.486175,1,266,5434,645,276,12.101207,0.021750,0.097510,739,1,9,68,,,,,,,,,,,,,,,,,,,,,,,,,,,,,,
wrpy_score_v5_aggregate_r2,645,1341846669.518033,1,267,5508,707,310,12.116173,0.014967,0.087083,726,2,4,64,,,,,,,,,,,,,,,,,,,,,,,,,,,,,,
wrpy_score_v5_aggregate_r2,646,1341846669.554159,1,268,5563,682,313,12.136777,0.020604,0.087734,758,1,1,72,,,,,,,,,,,,,,,,,,,,,,,,,,,,,,
wrpy_score_v5_aggregate_r2,648,1341846669.617976,1,267,5425,664,242,12.169594,0.025973,0.060283,776,4,6,30,0,0,,1,,,,,,,,,,0,0,0,0,0,0,0,0,,,,,,,,,0
wrpy_score_v5_aggregate_r2,649,1341846669.654096,1,268,5525,679,322,12.199403,0.029809,0.061061,720,3,2,41,,,,,,,,,,,,,,,,,,,,,,,,,,,,,,
wrpy_score_v5_aggregate_r2,650,1341846669.686069,1,269,5579,738,344,12.214964,0.015561,0.099505,769,13,10,54,,,,,,,,,,,,,,,,,,,,,,,,,,,,,,
wrpy_score_v5_aggregate_r2,651,1341846669.718075,1,270,5588,709,341,12.246967,0.032003,0.107285,739,19,9,74,,,,,,,,,,,,,,,,,,,,,,,,,,,,,,
wrpy_score_v5_aggregate_r2,657,1341846669.922050,1,269,5472,580,246,12.392644,0.018702,0.111361,746,14,15,136,,,,,,,,,,,,,,,,,,,,,,,,,,,,,,
wrpy_score_v5_aggregate_r2,658,1341846669.954047,1,270,5503,610,240,12.421514,0.028870,0.116725,691,9,12,157,,,,,,,,,,,,,,,,,,,,,,,,,,,,,,
wrpy_score_v5_aggregate_r2,659,1341846669.986285,1,271,5764,627,276,12.431622,0.010108,0.000000,863,0,0,0,,,,,,,,,,,,,,,,,,,,,,,,,,,,,,
wrpy_score_v5_aggregate_r2,660,1341846670.022242,1,272,5781,682,318,12.466278,0.034657,0.134277,740,41,21,169,,,,,,,,,,,,,,,,,,,,,,,,,,,,,,
wrpy_score_v5_aggregate_r2,662,1341846670.090228,1,271,5740,627,270,12.520325,0.033773,0.000000,860,0,0,0,,,,,,,,,,,,,,,,,,,,,,,,,,,,,,
wrpy_score_v5_aggregate_r2,663,1341846670.121996,1,272,5844,664,334,12.551786,0.031462,0.000000,875,0,0,0,0,0,,21,,,,,,,,,,0,0,0,0,0,0,0,0,,,,,,,,,0
wrpy_score_v5_aggregate_r2,664,1341846670.154057,1,273,5875,688,342,12.582928,0.031141,0.149577,641,45,14,253,0,0,,31,3,,,,,,,,,0,0,0,0,0,0,0,0,,,,,,,,1,0
wrpy_score_v5_aggregate_r2,665,1341846670.190103,1,274,6034,667,328,12.627655,0.044728,0.000000,863,0,0,0,,,,,,,,,,,,,,,,,,,,,,,,,,,,,,
wrpy_score_v5_aggregate_r2,669,1341846670.322105,1,273,6054,481,176,12.749410,0.040191,0.000000,892,0,0,0,0,0,,6,,,,,,,,,,0,0,0,0,0,0,0,0,,,,,,,,,0
wrpy_score_v5_aggregate_r2,670,1341846670.358377,1,274,6220,553,277,12.799090,0.049680,0.000000,873,0,0,0,0,0,,4,,,,,,,,,,0,0,0,0,0,0,0,0,,,,,,,,,0
wrpy_score_v5_aggregate_r2,671,1341846670.390114,1,275,6340,667,291,12.852918,0.053827,0.000000,867,0,0,0,0,0,,20,,,,,,,,,,0,0,0,0,0,0,0,0,,,,,,,,,0
wrpy_score_v5_aggregate_r2,672,1341846670.422206,1,276,6386,627,187,12.906245,0.053328,0.000000,855,0,0,0,0,0,,16,,,,,,,,,,0,0,0,0,0,0,0,0,,,,,,,,,0
wrpy_score_v5_aggregate_r2,673,1341846670.464003,1,276,6244,591,201,12.969515,0.063269,0.000000,865,0,0,0,0,0,,25,,,,,,,,,,0,0,0,0,0,0,0,0,,,,,,,,,0
wrpy_score_v5_aggregate_r2,674,1341846670.490173,1,277,6253,604,188,13.002952,0.033437,0.133695,611,37,22,253,1,6,9,34,24,,,,,,,,,0,5,1,6,6,1,0,0,0,0,0,0,1,1,1,5,0
wrpy_score_v5_aggregate_r2,675,1341846670.526271,1,278,6221,580,167,13.008683,0.005731,0.113831,579,20,24,219,0,0,,26,2,,,,,,,,,0,0,0,0,0,0,0,0,,,,,,,,1,0
wrpy_score_v5_aggregate_r2,676,1341846670.566977,1,279,6180,542,162,13.012858,0.004175,0.115723,557,31,26,215,0,0,,19,13,,,,,,,,,0,0,0,0,0,0,0,0,,,,,,,,3,0
wrpy_score_v5_aggregate_r2,679,1341846670.664027,1,280,5928,429,126,13.033729,0.008544,0.190993,364,9,8,388,1,1,1,19,4,,,,,,,,,0,1,1,0,1,1,0,0,0,0,0,0,1,1,1,3,0
wrpy_score_v5_aggregate_r2,680,1341846670.696002,1,281,5925,440,122,13.040154,0.006425,0.161719,375,23,32,301,1,2,1,7,,,,,,,,,,0,1,1,2,2,1,0,0,0,0,0,0,1,1,1,,0
wrpy_score_v5_aggregate_r2,681,1341846670.728093,1,282,5879,446,139,13.048845,0.008691,0.173011,328,21,4,324,0,0,,8,1,,,,,,,,,0,0,0,0,0,0,0,0,,,,,,,,1,0
wrpy_score_v5_aggregate_r2,682,1341846670.764128,1,283,5872,429,123,13.066146,0.017301,0.186794,275,23,3,337,1,0,3,5,,,,,,,,,,0,0,0,0,0,1,0,0,0,0,0,0,1,1,1,,0
wrpy_score_v5_aggregate_r2,683,1341846670.796059,1,284,5769,413,111,13.088868,0.022723,0.150277,374,17,34,219,0,4,,4,,0,1,1,1,1,1,0,1,1,1,4,4,4,0,1,1,0,0,0,1,1,0,,,1
wrpy_score_v5_aggregate_r2,684,1341846670.832246,1,285,5802,418,113,13.102949,0.014081,0.169414,319,14,2,280,0,0,,6,,,,,,,,,,0,0,0,0,0,0,0,0,,,,,,,,,0
wrpy_score_v5_aggregate_r2,685,1341846670.863970,1,286,5826,388,113,13.122166,0.019218,0.191074,266,19,5,289,0,0,,13,,,,,,,,,,0,0,0,0,0,0,0,0,,,,,,,,,0
wrpy_score_v5_aggregate_r2,686,1341846670.896139,1,287,5829,390,78,13.136737,0.014571,0.166110,302,22,20,215,0,5,,5,,1,1,1,1,1,1,1,1,2,2,5,4,5,0,2,2,1,1,0,1,1,0,,,1
wrpy_score_v5_aggregate_r2,687,1341846670.932028,1,288,5748,331,82,13.158762,0.022024,0.192669,243,16,11,307,0,0,,5,4,,,,,,,,,0,0,0,0,0,0,0,0,,,,,,,,6,0
wrpy_score_v5_aggregate_r2,688,1341846670.964063,1,289,5753,343,77,13.175741,0.016980,0.217809,221,25,5,374,0,0,,7,,,,,,,,,,0,0,0,0,0,0,0,0,,,,,,,,,0
wrpy_score_v5_aggregate_r2,689,1341846671.000270,1,290,5768,370,78,13.196893,0.021151,0.173704,278,28,21,244,0,0,,7,,,,,,,,,,0,0,0,0,0,0,0,0,,,,,,,,,0
wrpy_score_v5_aggregate_r2,690,1341846671.032112,1,291,5769,359,76,13.206437,0.009544,0.194141,245,34,22,292,0,0,,12,,,,,,,,,,0,0,0,0,0,0,0,0,,,,,,,,,0
wrpy_score_v5_aggregate_r2,691,1341846671.064030,1,291,5697,322,68,13.240163,0.033726,0.215495,192,15,7,351,0,0,,18,5,,,,,,,,,0,0,0,0,0,0,0,0,,,,,,,,3,0
wrpy_score_v5_aggregate_r2,692,1341846671.101398,1,292,5717,312,80,13.258549,0.018387,0.162435,244,15,21,259,3,6,4,7,2,,,,,,,,,0,2,5,2,6,3,0,0,0,0,0,0,3,3,3,2,0
wrpy_score_v5_aggregate_r2,693,1341846671.132289,1,293,5725,310,69,13.266509,0.007959,0.181361,212,16,12,275,0,1,,14,6,1,1,1,1,1,1,1,1,1,1,1,1,1,0,1,1,1,1,0,1,1,0,,3,1
wrpy_score_v5_aggregate_r2,694,1341846671.168159,1,294,5737,287,50,13.304008,0.037499,0.191816,206,21,7,285,0,0,,5,2,,,,,,,,,0,0,0,0,0,0,0,0,,,,,,,,4,0
wrpy_score_v5_aggregate_r2,695,1341846671.200149,1,295,5673,294,79,13.315636,0.011629,0.148047,257,15,39,209,0,0,,15,1,,,,,,,,,0,0,0,0,0,0,0,0,,,,,,,,2,0
wrpy_score_v5_aggregate_r2,696,1341846671.232280,1,296,5690,326,74,13.355806,0.040170,0.167611,213,14,5,252,0,0,,16,16,,,,,,,,,0,0,0,0,0,0,0,0,,,,,,,,8,0
wrpy_score_v5_aggregate_r2,697,1341846671.268147,1,297,5685,308,83,13.391904,0.036098,0.189160,199,4,0,293,0,0,,20,6,,,,,,,,,0,0,0,0,0,0,0,0,,,,,,,,2,0
wrpy_score_v5_aggregate_r2,698,1341846671.300337,1,298,5686,263,67,13.410805,0.018901,0.175046,221,4,12,249,0,0,,2,,,,,,,,,,0,0,0,0,0,0,0,0,,,,,,,,,0
wrpy_score_v5_aggregate_r2,699,1341846671.336125,1,299,5644,267,77,13.439041,0.028235,0.180133,215,7,2,249,0,0,,14,4,,,,,,,,,0,0,0,0,0,0,0,0,,,,,,,,6,0
wrpy_score_v5_aggregate_r2,700,1341846671.368236,1,300,5662,279,62,13.457328,0.018287,0.185042,217,6,4,289,0,0,,13,0,,,,,,,,,0,0,0,0,0,0,0,0,,,,,,,,2,0
wrpy_score_v5_aggregate_r2,701,1341846671.400327,1,301,5677,276,63,13.489916,0.032588,0.151654,235,9,15,239,0,0,,4,,,,,,,,,,0,0,0,0,0,0,0,0,,,,,,,,,0
wrpy_score_v5_aggregate_r2,702,1341846671.436064,1,302,5682,292,86,13.542089,0.052173,0.160654,246,12,8,249,0,0,,15,,,,,,,,,,0,0,0,0,0,0,0,0,,,,,,,,,0
wrpy_score_v5_aggregate_r2,703,1341846671.468197,1,302,5631,289,88,13.561594,0.019505,0.171133,236,4,3,273,0,0,,6,5,,,,,,,,,0,0,0,0,0,0,0,0,,,,,,,,4,0
wrpy_score_v5_aggregate_r2,704,1341846671.504294,1,303,5836,289,46,13.635244,0.073650,0.000000,481,0,0,0,0,0,,12,,,,,,,,,,0,0,0,0,0,0,0,0,,,,,,,,,0
wrpy_score_v5_aggregate_r2,705,1341846671.536197,1,304,5850,345,131,13.651304,0.016060,0.148102,264,9,7,263,0,0,,61,58,,,,,,,,,0,0,0,0,0,0,0,0,,,,,,,,2,0
wrpy_score_v5_aggregate_r2,706,1341846671.568120,1,305,5911,386,150,13.671087,0.019784,0.155973,262,2,3,261,2,2,71,89,71,,,,,,,,,0,0,2,0,2,2,0,0,0,0,0,0,2,2,2,3,0
wrpy_score_v5_aggregate_r2,707,1341846671.604188,1,305,5943,346,145,13.700634,0.029547,0.000000,476,0,0,0,0,0,,75,,,,,,,,,,0,0,0,0,0,0,0,0,,,,,,,,,0
wrpy_score_v5_aggregate_r2,708,1341846671.636057,1,306,6122,405,153,13.719875,0.019241,0.000000,497,0,0,0,0,0,,36,,,,,,,,,,0,0,0,0,0,0,0,0,,,,,,,,,0
wrpy_score_v5_aggregate_r2,709,1341846671.672157,1,307,6260,434,205,13.734868,0.014993,0.000000,492,0,0,0,0,0,,70,,,,,,,,,,0,0,0,0,0,0,0,0,,,,,,,,,0
wrpy_score_v5_aggregate_r2,710,1341846671.704027,1,308,6217,445,230,13.753130,0.018262,0.074990,357,31,8,145,0,0,,31,,,,,,,,,,0,0,0,0,0,0,0,0,,,,,,,,,0
wrpy_score_v5_aggregate_r2,712,1341846671.774745,1,308,6077,389,179,13.782063,0.008575,0.086032,349,13,25,158,0,0,,45,16,,,,,,,,,0,0,0,0,0,0,0,0,,,,,,,,1,0
wrpy_score_v5_aggregate_r2,713,1341846671.804605,1,309,6073,400,186,13.790607,0.008544,0.110322,310,16,4,181,0,3,,37,,0,1,1,1,1,0,0,1,2,3,2,3,3,0,2,2,0,0,0,1,1,0,,,1
wrpy_score_v5_aggregate_r2,714,1341846671.840252,1,310,6113,417,201,13.799078,0.008470,0.119707,284,14,7,206,0,0,,24,,,,,,,,,,0,0,0,0,0,0,0,0,,,,,,,,,0
wrpy_score_v5_aggregate_r2,715,1341846671.872106,1,311,6101,441,198,13.805771,0.006694,0.128714,282,9,6,203,0,0,,8,,,,,,,,,,0,0,0,0,0,0,0,0,,,,,,,,,0
wrpy_score_v5_aggregate_r2,717,1341846671.972239,1,312,6037,383,172,13.832728,0.009024,0.139867,292,5,5,211,0,0,,12,,,,,,,,,,0,0,0,0,0,0,0,0,,,,,,,,,0
wrpy_score_v5_aggregate_r2,718,1341846671.998175,1,313,6053,366,171,13.844620,0.011892,0.147858,274,1,2,225,0,0,,8,,,,,,,,,,0,0,0,0,0,0,0,0,,,,,,,,,0
wrpy_score_v5_aggregate_r2,719,1341846672.034218,1,314,6168,372,171,13.855150,0.010530,0.087848,411,5,11,51,,,,,,,,,,,,,,,,,,,,,,,,,,,,,,
wrpy_score_v5_aggregate_r2,720,1341846672.066227,1,315,6215,401,209,13.858822,0.003672,0.099463,406,13,9,43,,,,,,,,,,,,,,,,,,,,,,,,,,,,,,
wrpy_score_v5_aggregate_r2,726,1341846672.266403,1,314,6177,381,180,13.903845,0.005578,0.078701,401,9,2,44,,,,,,,,,,,,,,,,,,,,,,,,,,,,,,
wrpy_score_v5_aggregate_r2,727,1341846672.302710,1,315,6161,400,217,13.913968,0.010124,0.079271,380,4,3,47,,,,,,,,,,,,,,,,,,,,,,,,,,,,,,
wrpy_score_v5_aggregate_r2,728,1341846672.335022,1,316,6207,420,237,13.920917,0.006948,0.070397,383,2,3,45,,,,,,,,,,,,,,,,,,,,,,,,,,,,,,
wrpy_score_v5_aggregate_r2,729,1341846672.366487,1,317,6210,436,252,13.924819,0.003902,0.073574,387,4,1,44,,,,,,,,,,,,,,,,,,,,,,,,,,,,,,
wrpy_score_v5_aggregate_r2,733,1341846672.502610,1,315,6136,395,189,13.955843,0.008602,0.065146,380,7,4,37,,,,,,,,,,,,,,,,,,,,,,,,,,,,,,
wrpy_score_v5_aggregate_r2,734,1341846672.534812,1,316,6179,411,225,13.967494,0.011651,0.000000,417,0,0,0,,,,,,,,,,,,,,,,,,,,,,,,,,,,,,
wrpy_score_v5_aggregate_r2,735,1341846672.570153,1,317,6227,456,242,13.968389,0.000895,0.000000,432,0,0,0,,,,,,,,,,,,,,,,,,,,,,,,,,,,,,
wrpy_score_v5_aggregate_r2,736,1341846672.608881,1,318,6250,434,237,13.975170,0.006781,0.056579,406,4,0,35,,,,,,,,,,,,,,,,,,,,,,,,,,,,,,
wrpy_score_v5_aggregate_r2,738,1341846672.708152,1,318,6173,407,197,13.994898,0.009843,0.062646,397,5,2,39,,,,,,,,,,,,,,,,,,,,,,,,,,,,,,
wrpy_score_v5_aggregate_r2,739,1341846672.738399,1,319,6200,419,202,14.001484,0.006586,0.070765,402,2,0,49,,,,,,,,,,,,,,,,,,,,,,,,,,,,,,
wrpy_score_v5_aggregate_r2,740,1341846672.770288,1,320,6240,419,212,14.004559,0.003076,0.060990,405,2,5,34,,,,,,,,,,,,,,,,,,,,,,,,,,,,,,
wrpy_score_v5_aggregate_r2,741,1341846672.803280,1,321,6236,433,222,14.007083,0.002524,0.072946,406,1,0,41,,,,,,,,,,,,,,,,,,,,,,,,,,,,,,
wrpy_score_v5_aggregate_r2,748,1341846673.038175,1,320,6184,428,190,14.059265,0.004705,0.070892,422,0,0,41,,,,,,,,,,,,,,,,,,,,,,,,,,,,,,
wrpy_score_v5_aggregate_r2,749,1341846673.070235,1,321,6200,445,217,14.066600,0.007335,0.000000,420,0,0,0,,,,,,,,,,,,,,,,,,,,,,,,,,,,,,
wrpy_score_v5_aggregate_r2,750,1341846673.106189,1,322,6265,424,210,14.076749,0.010150,0.000000,410,0,0,0,,,,,,,,,,,,,,,,,,,,,,,,,,,,,,
wrpy_score_v5_aggregate_r2,751,1341846673.138104,1,323,6278,464,243,14.085494,0.008744,0.000000,444,0,0,0,,,,,,,,,,,,,,,,,,,,,,,,,,,,,,
wrpy_score_v5_aggregate_r2,756,1341846673.306107,1,321,6137,428,189,14.113240,0.003170,0.158962,281,10,4,183,,,,,,,,,,,,,,,,,,,,,,,,,,,,,,
wrpy_score_v5_aggregate_r2,757,1341846673.338187,1,322,6076,396,180,14.119632,0.006392,0.170192,263,3,2,200,,,,,,,,,,,,,,,,,,,,,,,,,,,,,,
wrpy_score_v5_aggregate_r2,758,1341846673.374098,1,323,6088,411,195,14.127594,0.007963,0.139082,277,8,5,161,,,,,,,,,,,,,,,,,,,,,,,,,,,,,,
wrpy_score_v5_aggregate_r2,759,1341846673.406266,1,324,6090,409,192,14.136525,0.008931,0.152106,262,6,3,181,,,,,,,,,,,,,,,,,,,,,,,,,,,,,,
wrpy_score_v5_aggregate_r2,760,1341846673.438267,1,324,6036,371,169,14.150522,0.013997,0.163936,274,3,3,203,,,,,,,,,,,,,,,,,,,,,,,,,,,,,,
wrpy_score_v5_aggregate_r2,761,1341846673.474135,1,325,6080,398,193,14.155978,0.005456,0.076025,337,3,2,130,,,,,,,,,,,,,,,,,,,,,,,,,,,,,,
wrpy_score_v5_aggregate_r2,762,1341846673.506260,1,326,6109,407,193,14.160343,0.004365,0.081895,338,0,0,124,,,,,,,,,,,,,,,,,,,,,,,,,,,,,,
wrpy_score_v5_aggregate_r2,763,1341846673.542168,1,327,6122,428,211,14.172379,0.012036,0.087581,331,1,1,137,,,,,,,,,,,,,,,,,,,,,,,,,,,,,,
wrpy_score_v5_aggregate_r2,765,1341846673.606102,1,326,6049,387,177,14.186732,0.003973,0.162676,273,4,3,174,,,,,,,,,,,,,,,,,,,,,,,,,,,,,,
wrpy_score_v5_aggregate_r2,766,1341846673.648026,1,327,6054,370,147,14.199638,0.012906,0.180827,285,2,1,197,,,,,,,,,,,,,,,,,,,,,,,,,,,,,,
wrpy_score_v5_aggregate_r2,767,1341846673.673965,1,328,6065,412,157,14.205913,0.006275,0.172816,341,13,9,176,,,,,,,,,,,,,,,,,,,,,,,,,,,,,,
wrpy_score_v5_aggregate_r2,768,1341846673.710162,1,329,6077,379,151,14.216147,0.010233,0.195876,302,4,1,200,,,,,,,,,,,,,,,,,,,,,,,,,,,,,,
wrpy_score_v5_aggregate_r2,769,1341846673.742225,1,328,6009,358,147,14.229474,0.013328,0.216559,306,3,1,206,,,,,,,,,,,,,,,,,,,,,,,,,,,,,,
wrpy_score_v5_aggregate_r2,770,1341846673.774298,1,329,6019,389,174,14.242432,0.012958,0.207813,315,9,8,193,,,,,,,,,,,,,,,,,,,,,,,,,,,,,,
wrpy_score_v5_aggregate_r2,771,1341846673.810154,1,330,6032,373,160,14.256570,0.014138,0.231182,315,1,3,214,,,,,,,,,,,,,,,,,,,,,,,,,,,,,,
wrpy_score_v5_aggregate_r2,772,1341846673.842305,1,331,6036,386,149,14.271346,0.014776,0.252165,323,4,2,233,,,,,,,,,,,,,,,,,,,,,,,,,,,,,,
wrpy_score_v5_aggregate_r2,773,1341846673.874285,1,329,6012,378,140,14.279333,0.007987,0.205225,359,8,20,217,,,,,,,,,,,,,,,,,,,,,,,,,,,,,,
wrpy_score_v5_aggregate_r2,774,1341846673.910253,1,330,6027,397,151,14.291615,0.012282,0.227298,323,15,10,256,,,,,,,,,,,,,,,,,,,,,,,,,,,,,,
wrpy_score_v5_aggregate_r2,775,1341846673.942284,1,331,6036,404,160,14.300817,0.009203,0.254186,305,11,4,299,,,,,,,,,,,,,,,,,,,,,,,,,,,,,,
wrpy_score_v5_aggregate_r2,776,1341846673.978434,1,332,6021,386,171,14.314837,0.014020,0.229596,306,19,14,277,,,,,,,,,,,,,,,,,,,,,,,,,,,,,,
wrpy_score_v5_aggregate_r2,777,1341846674.016486,1,331,5949,376,166,14.333289,0.018452,0.243330,302,6,7,306,,,,,,,,,,,,,,,,,,,,,,,,,,,,,,
wrpy_score_v5_aggregate_r2,778,1341846674.052060,1,332,5964,397,175,14.340813,0.007524,0.256432,306,11,9,303,0,0,,39,,,,,,,,,,0,0,0,0,0,0,0,0,,,,,,,,,0
wrpy_score_v5_aggregate_r2,779,1341846674.084057,1,333,5980,365,183,14.359464,0.018651,0.226751,297,6,8,290,,,,,,,,,,,,,,,,,,,,,,,,,,,,,,
wrpy_score_v5_aggregate_r2,780,1341846674.152235,1,334,5994,401,179,14.377264,0.017800,0.250332,321,2,7,301,,,,,,,,,,,,,,,,,,,,,,,,,,,,,,
wrpy_score_v5_aggregate_r2,781,1341846674.178154,1,330,5930,369,163,14.392748,0.015484,0.273151,290,5,5,335,,,,,,,,,,,,,,,,,,,,,,,,,,,,,,
wrpy_score_v5_aggregate_r2,782,1341846674.210322,1,331,5951,371,143,14.404527,0.011779,0.239440,326,17,15,298,,,,,,,,,,,,,,,,,,,,,,,,,,,,,,
wrpy_score_v5_aggregate_r2,783,1341846674.246217,1,332,5971,376,139,14.413108,0.008581,0.265173,343,7,17,310,,,,,,,,,,,,,,,,,,,,,,,,,,,,,,
wrpy_score_v5_aggregate_r2,784,1341846674.278035,1,333,5989,391,160,14.425888,0.012780,0.281357,339,17,14,331,,,,,,,,,,,,,,,,,,,,,,,,,,,,,,
wrpy_score_v5_aggregate_r2,785,1341846674.310117,1,333,5925,374,165,14.437969,0.012081,0.248594,346,9,21,309,,,,,,,,,,,,,,,,,,,,,,,,,,,,,,
wrpy_score_v5_aggregate_r2,786,1341846674.346212,1,334,5940,378,167,14.441701,0.003732,0.267038,331,11,14,347,,,,,,,,,,,,,,,,,,,,,,,,,,,,,,
wrpy_score_v5_aggregate_r2,787,1341846674.378058,1,335,5950,368,160,14.458901,0.017200,0.281712,344,20,20,365,,,,,,,,,,,,,,,,,,,,,,,,,,,,,,
wrpy_score_v5_aggregate_r2,788,1341846674.410162,1,336,5963,374,162,14.480513,0.021612,0.250485,341,9,21,326,,,,,,,,,,,,,,,,,,,,,,,,,,,,,,
wrpy_score_v5_aggregate_r2,789,1341846674.446125,1,336,5914,352,156,14.493187,0.012674,0.271263,306,9,13,373,,,,,,,,,,,,,,,,,,,,,,,,,,,,,,
wrpy_score_v5_aggregate_r2,790,1341846674.478198,1,337,5926,353,156,14.501530,0.008343,0.292051,303,21,20,378,,,,,,,,,,,,,,,,,,,,,,,,,,,,,,
wrpy_score_v5_aggregate_r2,791,1341846674.514124,1,338,5942,351,154,14.519541,0.018011,0.261927,289,12,14,349,0,0,,66,,,,,,,,,,0,0,0,0,0,0,0,0,,,,,,,,,0
wrpy_score_v5_aggregate_r2,792,1341846674.546062,1,339,5949,351,151,14.524222,0.004681,0.282520,291,13,20,379,0,0,,29,,,,,,,,,,0,0,0,0,0,0,0,0,,,,,,,,,0
wrpy_score_v5_aggregate_r2,793,1341846674.578094,1,339,5882,350,154,14.533919,0.009697,0.301058,266,13,24,414,0,0,,30,,,,,,,,,,0,0,0,0,0,0,0,0,,,,,,,,,0
wrpy_score_v5_aggregate_r2,794,1341846674.614179,1,340,5901,350,149,14.548532,0.014613,0.289040,281,11,7,366,0,0,,33,,,,,,,,,,0,0,0,0,0,0,0,0,,,,,,,,,0
wrpy_score_v5_aggregate_r2,795,1341846674.646259,1,341,5917,348,153,14.557552,0.009020,0.308109,257,2,2,419,0,0,,73,,,,,,,,,,0,0,0,0,0,0,0,0,,,,,,,,,0
wrpy_score_v5_aggregate_r2,796,1341846674.682209,1,342,5933,367,167,14.567810,0.010258,0.320052,279,5,1,437,0,0,,15,,,,,,,,,,0,0,0,0,0,0,0,0,,,,,,,,,0
wrpy_score_v5_aggregate_r2,797,1341846674.714186,1,342,5870,341,152,14.585176,0.017366,0.265234,321,13,12,352,0,0,,24,,,,,,,,,,0,0,0,0,0,0,0,0,,,,,,,,,0
wrpy_score_v5_aggregate_r2,798,1341846674.752271,1,343,5882,357,161,14.595409,0.010234,0.280182,297,11,15,368,1,3,24,24,,,,,,,,,,0,2,3,0,3,1,0,0,0,0,0,0,1,1,1,,0
wrpy_score_v5_aggregate_r2,799,1341846674.782151,1,344,5897,346,174,14.603197,0.007788,0.297122,271,8,10,384,0,0,,22,22,,,,,,,,,0,0,0,0,0,0,0,0,,,,,,,,2,0
wrpy_score_v5_aggregate_r2,800,1341846674.814222,1,345,5899,371,178,14.614701,0.011504,0.285133,284,11,11,385,0,0,,109,46,,,,,,,,,0,0,0,0,0,0,0,0,,,,,,,,3,0
wrpy_score_v5_aggregate_r2,801,1341846674.846370,1,342,5834,362,167,14.623127,0.008426,0.297819,273,9,5,394,0,0,,70,,,,,,,,,,0,0,0,0,0,0,0,0,,,,,,,,,0
wrpy_score_v5_aggregate_r2,802,1341846674.882158,1,343,5853,365,175,14.635279,0.012152,0.311195,241,7,1,402,1,0,21,40,,,,,,,,,,0,0,0,0,0,1,0,0,0,0,0,0,1,1,1,,0
wrpy_score_v5_aggregate_r2,803,1341846674.914224,1,344,5869,387,181,14.645260,0.009980,0.294072,250,10,5,353,0,0,,64,45,,,,,,,,,0,0,0,0,0,0,0,0,,,,,,,,2,0
wrpy_score_v5_aggregate_r2,804,1341846674.950305,1,345,5882,364,172,14.652203,0.006943,0.312865,240,7,2,400,0,0,,53,,,,,,,,,,0,0,0,0,0,0,0,0,,,,,,,,,0
wrpy_score_v5_aggregate_r2,805,1341846674.982342,1,342,5815,356,141,14.665001,0.012798,0.330710,232,2,2,409,0,0,,62,,,,,,,,,,0,0,0,0,0,0,0,0,,,,,,,,,0
wrpy_score_v5_aggregate_r2,806,1341846675.014137,1,343,5845,336,96,14.700408,0.035407,0.316732,262,4,4,368,0,0,,2,,,,,,,,,,0,0,0,0,0,0,0,0,,,,,,,,,0
wrpy_score_v5_aggregate_r2,807,1341846675.050230,1,344,5857,337,132,14.712536,0.012127,0.346344,260,3,3,447,0,0,,8,8,,,,,,,,,0,0,0,0,0,0,0,0,,,,,,,,1,0
wrpy_score_v5_aggregate_r2,808,1341846675.088201,1,345,5861,356,138,14.726435,0.013899,0.371491,260,1,2,426,0,0,,12,,,,,,,,,,0,0,0,0,0,0,0,0,,,,,,,,,0
wrpy_score_v5_aggregate_r2,809,1341846675.114495,1,345,5833,343,69,14.803169,0.076734,0.314076,324,6,11,400,1,0,23,107,15,,,,,,,,,0,0,0,0,0,1,0,0,0,0,0,0,1,1,1,1,0
wrpy_score_v5_aggregate_r2,810,1341846675.150188,1,346,5898,414,85,14.815978,0.012808,0.330615,309,23,16,477,0,0,,7,,,,,,,,,,0,0,0,0,0,0,0,0,,,,,,,,,0
wrpy_score_v5_aggregate_r2,811,1341846675.182290,1,347,5942,399,108,14.851854,0.035877,0.353581,312,20,15,509,0,0,,5,,,,,,,,,,0,0,0,0,0,0,0,0,,,,,,,,,0
wrpy_score_v5_aggregate_r2,812,1341846675.218759,1,348,6192,404,127,14.887842,0.035988,0.118473,706,26,51,116,2,0,5,5,,,,,,,,,,0,0,0,0,0,2,0,0,0,0,0,0,2,2,2,,0
wrpy_score_v5_aggregate_r2,815,1341846675.318078,1,347,6305,481,110,14.988698,0.033843,0.133903,730,29,41,134,2,0,16,47,16,,,,,,,,,0,0,0,0,0,2,0,0,0,0,0,0,2,2,2,3,0
wrpy_score_v5_aggregate_r2,816,1341846675.350149,1,348,6461,531,152,15.025953,0.037255,0.155091,677,23,21,215,3,5,14,26,19,,,,,,,,,0,2,4,3,5,3,0,0,0,0,0,0,3,3,3,6,0
wrpy_score_v5_aggregate_r2,817,1341846675.382271,1,349,6460,530,127,15.067470,0.041517,0.181748,658,23,20,260,2,0,11,24,13,,,,,,,,,0,0,0,0,0,2,0,0,0,0,0,0,2,2,2,7,0
wrpy_score_v5_aggregate_r2,818,1341846675.418247,1,350,6380,545,150,15.106893,0.039423,0.376338,418,39,57,471,3,0,3,9,7,,,,,,,,,0,0,0,0,0,3,0,0,0,0,0,0,3,3,3,20,0
wrpy_score_v5_aggregate_r2,819,1341846675.450238,1,349,6194,501,106,15.126303,0.019410,0.401615,324,14,14,585,3,4,3,7,5,,,,,,,,,0,0,4,4,4,3,0,0,0,0,0,0,3,3,3,11,0
wrpy_score_v5_aggregate_r2,820,1341846675.486165,1,350,6142,483,74,15.161753,0.035449,0.427699,304,14,10,616,0,0,,7,7,,,,,,,,,0,0,0,0,0,0,0,0,,,,,,,,17,0
wrpy_score_v5_aggregate_r2,821,1341846675.518083,1,351,6415,506,75,15.176064,0.014312,0.077360,793,14,31,102,0,0,,14,8,,,,,,,,,0,0,0,0,0,0,0,0,,,,,,,,4,0
wrpy_score_v5_aggregate_r2,822,1341846675.550092,1,352,6618,570,161,15.197114,0.021050,0.088516,783,3,25,103,0,0,,15,8,,,,,,,,,0,0,0,0,0,0,0,0,,,,,,,,4,0
wrpy_score_v5_aggregate_r2,824,1341846675.618075,1,352,6638,563,137,15.245657,0.028865,0.094609,725,31,47,92,3,0,9,29,7,,,,,,,,,0,0,0,0,0,3,0,0,0,0,0,0,3,3,3,5,0
wrpy_score_v5_aggregate_r2,825,1341846675.650024,1,353,6680,583,168,15.265822,0.020164,0.117852,706,51,61,132,2,4,10,24,20,,,,,,,,,0,4,2,0,4,2,0,0,0,0,0,0,2,2,2,9,0
wrpy_score_v5_aggregate_r2,826,1341846675.686118,1,354,6667,610,180,15.283083,0.017261,0.143311,670,35,54,148,3,1,10,23,17,,,,,,,,,0,0,1,1,1,3,0,0,0,0,0,0,3,3,3,8,0
wrpy_score_v5_aggregate_r2,827,1341846675.718055,1,355,6678,602,172,15.307874,0.024791,0.170895,661,42,41,134,1,2,1,13,3,,,,,,,,,0,0,2,0,2,1,0,0,0,0,0,0,1,1,1,1,0
wrpy_score_v5_aggregate_r2,829,1341846675.786330,1,354,6505,572,159,15.346731,0.023114,0.215120,581,33,23,205,3,0,11,30,10,,,,,,,,,0,0,0,0,0,3,0,0,0,0,0,0,3,3,3,4,0
wrpy_score_v5_aggregate_r2,830,1341846675.818106,1,355,6657,567,159,15.369610,0.022879,0.053271,698,27,31,35,1,0,6,23,3,,,,,,,,,0,0,0,0,0,1,0,0,0,0,0,0,1,1,1,1,0
wrpy_score_v5_aggregate_r2,831,1341846675.854095,1,356,6741,634,205,15.397870,0.028261,0.065804,702,22,14,75,0,0,,21,,,,,,,,,,0,0,0,0,0,0,0,0,,,,,,,,,0
wrpy_score_v5_aggregate_r2,832,1341846675.886163,1,357,6852,563,155,15.422570,0.024700,0.077796,651,15,5,96,3,15,12,32,6,,,,,,,,,0,3,15,2,15,3,0,0,0,0,0,0,3,3,3,2,0
wrpy_score_v5_aggregate_r2,833,1341846675.922346,1,356,6673,577,156,15.445755,0.023185,0.214079,434,32,9,305,1,0,23,59,50,,,,,,,,,0,0,0,0,0,1,0,0,0,0,0,0,1,1,1,12,0
wrpy_score_v5_aggregate_r2,834,1341846675.961651,1,357,6685,521,174,15.477853,0.032098,0.181501,451,26,38,253,0,0,,33,23,,,,,,,,,0,0,0,0,0,0,0,0,,,,,,,,10,0
wrpy_score_v5_aggregate_r2,835,1341846676.028080,1,358,6735,485,91,15.523397,0.045544,0.158783,479,19,11,209,0,0,,77,51,,,,,,,,,0,0,0,0,0,0,0,0,,,,,,,,3,0
wrpy_score_v5_aggregate_r2,836,1341846676.054246,1,359,6794,490,117,15.531070,0.007673,0.198477,487,21,19,221,7,0,30,59,49,,,,,,,,,0,0,0,0,0,7,0,0,0,0,0,0,7,7,7,16,0
wrpy_score_v5_aggregate_r2,837,1341846676.086207,1,359,6675,482,95,15.592905,0.061835,0.188376,368,9,20,222,1,1,3,28,22,,,,,,,,,0,0,1,0,1,1,0,0,0,0,0,0,1,1,1,13,0
wrpy_score_v5_aggregate_r2,838,1341846676.122163,1,360,6658,494,95,15.635273,0.042368,0.201865,366,10,17,229,0,0,,37,35,,,,,,,,,0,0,0,0,0,0,0,0,,,,,,,,18,0
wrpy_score_v5_aggregate_r2,839,1341846676.154447,1,361,6679,486,98,15.670920,0.035647,0.131644,421,26,18,142,1,0,3,23,2,,,,,,,,,0,0,0,0,0,1,0,0,0,0,0,0,1,1,1,4,0
wrpy_score_v5_aggregate_r2,840,1341846676.190230,1,362,6712,489,130,15.720080,0.049160,0.128923,388,12,18,168,1,1,3,54,0,,,,,,,,,0,1,1,1,1,1,0,0,0,0,0,0,1,1,1,1,0
wrpy_score_v5_aggregate_r2,841,1341846676.222476,1,359,6679,499,97,15.742539,0.022459,0.142135,379,19,14,212,1,1,37,68,37,,,,,,,,,0,0,1,1,1,1,0,0,0,0,0,0,1,1,1,1,0
wrpy_score_v5_aggregate_r2,842,1341846676.257017,1,360,6768,522,129,15.748938,0.006398,0.224788,375,20,24,224,0,0,,41,40,,,,,,,,,0,0,0,0,0,0,0,0,,,,,,,,8,0
wrpy_score_v5_aggregate_r2,843,1341846676.290401,1,361,6803,527,123,15.779866,0.030928,0.216562,399,22,27,198,0,0,,51,43,,,,,,,,,0,0,0,0,0,0,0,0,,,,,,,,5,0
wrpy_score_v5_aggregate_r2,844,1341846676.322689,1,362,6857,511,104,15.827149,0.047283,0.208529,395,16,18,196,5,2,55,68,15,,,,,,,,,0,0,2,0,2,5,0,0,0,0,0,0,5,5,5,6,0
wrpy_score_v5_aggregate_r2,845,1341846676.360815,1,363,6810,474,64,15.879732,0.052583,0.222744,408,13,33,234,2,0,3,11,3,,,,,,,,,0,0,0,0,0,2,0,0,0,0,0,0,2,2,2,3,0
wrpy_score_v5_aggregate_r2,846,1341846676.390851,1,364,6859,527,120,15.915763,0.036032,0.187350,477,18,27,165,0,0,,45,6,,,,,,,,,0,0,0,0,0,0,0,0,,,,,,,,1,0
wrpy_score_v5_aggregate_r2,847,1341846676.424250,1,365,6935,552,150,15.920172,0.004409,0.146927,482,9,15,166,0,0,,26,,,,,,,,,,0,0,0,0,0,0,0,0,,,,,,,,,0
wrpy_score_v5_aggregate_r2,848,1341846676.459033,1,366,6957,557,135,15.952172,0.031999,0.234199,418,10,16,187,1,0,3,34,1,,,,,,,,,0,0,0,0,0,1,0,0,0,0,0,0,1,1,1,1,0
wrpy_score_v5_aggregate_r2,849,1341846676.490669,1,366,6831,558,176,15.979081,0.026909,0.204840,423,9,10,173,1,0,1,18,1,,,,,,,,,0,0,0,0,0,1,0,0,0,0,0,0,1,1,1,2,0
wrpy_score_v5_aggregate_r2,850,1341846676.532743,1,367,6815,556,185,15.994193,0.015112,0.172643,446,4,5,135,0,0,,22,,,,,,,,,,0,0,0,0,0,0,0,0,,,,,,,,,0
wrpy_score_v5_aggregate_r2,851,1341846676.564052,1,368,6854,576,174,16.013966,0.019774,0.173659,453,0,3,161,2,0,2,23,2,,,,,,,,,0,0,0,0,0,2,0,0,0,0,0,0,2,2,2,1,0
wrpy_score_v5_aggregate_r2,852,1341846676.596566,1,369,6870,621,201,16.035654,0.021688,0.167480,469,0,2,158,0,0,,12,5,,,,,,,,,0,0,0,0,0,0,0,0,,,,,,,,1,0
wrpy_score_v5_aggregate_r2,856,1341846676.726102,1,370,6791,588,177,16.106209,0.034974,0.087998,520,7,9,62,1,0,9,72,22,,,,,,,,,0,0,0,0,0,1,0,0,0,0,0,0,1,1,1,1,0
wrpy_score_v5_aggregate_r2,857,1341846676.758419,1,371,6853,646,237,16.112110,0.005901,0.066960,600,7,5,36,0,0,,34,15,,,,,,,,,0,0,0,0,0,0,0,0,,,,,,,,3,0
wrpy_score_v5_aggregate_r2,858,1341846676.790227,1,372,6919,689,287,16.122550,0.010440,0.055023,551,4,2,21,1,1,4,49,10,,,,,,,,,0,0,1,0,1,1,0,0,0,0,0,0,1,1,1,1,0
wrpy_score_v5_aggregate_r2,859,1341846676.826179,1,373,6954,645,236,16.135741,0.013190,0.042399,517,0,5,14,2,1,32,83,35,,,,,,,,,0,0,1,0,1,2,0,0,0,0,0,0,2,2,2,2,0
wrpy_score_v5_aggregate_r2,861,1341846676.894086,1,373,6819,626,253,16.163852,0.008742,0.016162,514,1,1,5,0,0,,88,,,,,,,,,,0,0,0,0,0,0,0,0,,,,,,,,,0
wrpy_score_v5_aggregate_r2,862,1341846676.926062,1,374,6864,643,284,16.184941,0.021088,0.011937,508,0,2,2,1,1,16,78,7,,,,,,,,,0,1,1,0,1,1,0,0,0,0,0,0,1,1,1,1,0
wrpy_score_v5_aggregate_r2,863,1341846676.958080,1,375,6895,682,329,16.190964,0.006024,0.000000,498,0,0,0,1,1,14,55,,,,,,,,,,0,1,1,0,1,1,0,0,0,0,0,0,1,1,1,,0
wrpy_score_v5_aggregate_r2,864,1341846676.994140,1,376,6902,652,310,16.195348,0.004384,0.000000,511,0,0,0,0,0,,48,,,,,,,,,,0,0,0,0,0,0,0,0,,,,,,,,,0
wrpy_score_v5_aggregate_r2,871,1341846677.226206,1,377,6787,602,263,16.285340,0.023887,0.000000,502,0,0,0,0,0,,34,18,,,,,,,,,0,0,0,0,0,0,0,0,,,,,,,,1,0
wrpy_score_v5_aggregate_r2,872,1341846677.262033,1,378,6849,623,309,16.295126,0.009786,0.000000,531,0,0,0,0,0,,83,,,,,,,,,,0,0,0,0,0,0,0,0,,,,,,,,,0
wrpy_score_v5_aggregate_r2,873,1341846677.294125,1,379,6890,676,334,16.312414,0.017288,0.000000,531,0,0,0,0,0,,13,,,,,,,,,,0,0,0,0,0,0,0,0,,,,,,,,,0
wrpy_score_v5_aggregate_r2,874,1341846677.326503,1,380,6913,668,328,16.331298,0.018883,0.000000,502,0,0,0,0,0,,60,,,,,,,,,,0,0,0,0,0,0,0,0,,,,,,,,,0
wrpy_score_v5_aggregate_r2,879,1341846677.494535,1,381,6784,582,269,16.378129,0.006953,0.000000,492,0,0,0,0,0,,114,,,,,,,,,,0,0,0,0,0,0,0,0,,,,,,,,,0
wrpy_score_v5_aggregate_r2,880,1341846677.530161,1,382,6794,624,298,16.392415,0.014286,0.000000,488,0,0,0,0,0,,206,,,,,,,,,,0,0,0,0,0,0,0,0,,,,,,,,,0
wrpy_score_v5_aggregate_r2,881,1341846677.562051,1,383,6860,638,317,16.396646,0.004230,0.000000,479,0,0,0,0,0,,135,,,,,,,,,,0,0,0,0,0,0,0,0,,,,,,,,,0
wrpy_score_v5_aggregate_r2,882,1341846677.594105,1,384,6876,660,341,16.399820,0.003174,0.000000,486,0,0,0,0,0,,102,,,,,,,,,,0,0,0,0,0,0,0,0,,,,,,,,,0
wrpy_score_v5_aggregate_r2,891,1341846677.898344,1,384,6792,564,268,16.486781,0.002757,0.020723,500,0,0,5,0,0,,149,,,,,,,,,,0,0,0,0,0,0,0,0,,,,,,,,,0
wrpy_score_v5_aggregate_r2,892,1341846677.930181,1,385,6817,585,314,16.497952,0.011171,0.024720,441,0,0,10,0,0,,91,,,,,,,,,,0,0,0,0,0,0,0,0,,,,,,,,,0
wrpy_score_v5_aggregate_r2,893,1341846677.966256,1,386,6873,605,314,16.508934,0.010982,0.013584,438,4,0,8,0,0,,32,,,,,,,,,,0,0,0,0,0,0,0,0,,,,,,,,,0
wrpy_score_v5_aggregate_r2,894,1341846677.998516,1,387,6892,582,293,16.516215,0.007281,0.019798,467,2,0,10,0,0,,28,,,,,,,,,,0,0,0,0,0,0,0,0,,,,,,,,,0
wrpy_score_v5_aggregate_r2,903,1341846678.298316,1,385,6753,530,266,16.617328,0.006776,0.039040,405,3,0,15,0,0,,62,,,,,,,,,,0,0,0,0,0,0,0,0,,,,,,,,,0
wrpy_score_v5_aggregate_r2,904,1341846678.334135,1,386,6750,571,309,16.626271,0.008943,0.047480,384,11,3,27,0,0,,94,,,,,,,,,,0,0,0,0,0,0,0,0,,,,,,,,,0
wrpy_score_v5_aggregate_r2,905,1341846678.366593,1,387,6799,560,312,16.630259,0.003988,0.046309,379,4,3,31,0,0,,72,,,,,,,,,,0,0,0,0,0,0,0,0,,,,,,,,,0
wrpy_score_v5_aggregate_r2,906,1341846678.402292,1,388,6805,565,332,16.634213,0.003954,0.056016,376,3,1,32,0,0,,90,,,,,,,,,,0,0,0,0,0,0,0,0,,,,,,,,,0
